,Area(0072-0135),Mean(0072-0135),Min(0072-0135),Max(0072-0135),Area(0338-0243),Mean(0338-0243),Min(0338-0243),Max(0338-0243),Area(0351-0330),Mean(0351-0330),Min(0351-0330),Max(0351-0330),Area(0457-0352),Mean(0457-0352),Min(0457-0352),Max(0457-0352),Area(0454-0435),Mean(0454-0435),Min(0454-0435),Max(0454-0435)
1,1254,126.482,-81.0,752.0,1000,76.107,-71.0,529.0,1101,135.059,-86.0,709.0,846,55.439,-68.0,350.0,1024,53.551,-66.0,440.0
2,1254,118.181,-66.0,713.0,1000,78.689,-82.0,904.0,1101,126.837,-62.0,738.0,846,59.187,-62.0,466.0,1024,54.028,-62.0,335.0
3,1254,120.502,-99.0,748.0,1000,77.591,-66.0,749.0,1101,129.239,-66.0,753.0,846,56.648,-74.0,478.0,1024,56.355,-67.0,433.0
4,1254,120.181,-73.0,838.0,1000,78.317,-68.0,651.0,1101,126.5,-109.0,689.0,846,57.202,-67.0,394.0,1024,54.826,-52.0,418.0
5,1254,114.96,-63.0,929.0,1000,80.219,-64.0,755.0,1101,127.121,-86.0,683.0,846,57.057,-68.0,506.0,1024,58.813,-58.0,371.0
6,1254,122.593,-85.0,785.0,1000,80.109,-75.0,612.0,1101,128.948,-89.0,911.0,846,57.799,-44.0,350.0,1024,55.538,-68.0,375.0
7,1254,115.88,-67.0,639.0,1000,78.363,-48.0,634.0,1101,124.294,-73.0,895.0,846,51.174,-46.0,368.0,1024,60.988,-85.0,430.0
8,1254,119.087,-111.0,835.0,1000,73.353,-70.0,641.0,1101,126.447,-60.0,737.0,846,53.634,-45.0,329.0,1024,59.766,-67.0,396.0
9,1254,117.448,-99.0,732.0,1000,73.073,-65.0,675.0,1101,128.045,-91.0,784.0,846,58.191,-53.0,520.0,1024,54.843,-71.0,330.0
10,1254,114.581,-80.0,845.0,1000,70.411,-45.0,658.0,1101,130.374,-80.0,679.0,846,59.385,-71.0,405.0,1024,57.234,-60.0,464.0
11,1254,119.64,-86.0,890.0,1000,78.743,-74.0,551.0,1101,125.371,-94.0,807.0,846,55.046,-48.0,322.0,1024,58.746,-60.0,446.0
12,1254,117.585,-62.0,848.0,1000,76.922,-54.0,754.0,1101,124.748,-76.0,773.0,846,53.488,-52.0,386.0,1024,52.998,-48.0,355.0
13,1254,120.257,-66.0,752.0,1000,74.163,-58.0,800.0,1101,119.388,-84.0,822.0,846,52.046,-41.0,471.0,1024,49.757,-77.0,302.0
14,1254,123.593,-108.0,787.0,1000,78.2,-54.0,621.0,1101,128.979,-69.0,799.0,846,53.012,-61.0,426.0,1024,53.331,-46.0,406.0
15,1254,121.053,-49.0,705.0,1000,75.47,-54.0,610.0,1101,131.034,-65.0,811.0,846,55.902,-45.0,401.0,1024,53.521,-68.0,521.0
16,1254,124.884,-62.0,907.0,1000,78.014,-71.0,906.0,1101,124.941,-67.0,849.0,846,57.288,-52.0,408.0,1024,49.801,-46.0,446.0
17,1254,119.895,-78.0,858.0,1000,81.68,-59.0,781.0,1101,126.263,-64.0,761.0,846,55.167,-46.0,434.0,1024,55.958,-45.0,370.0
18,1254,115.719,-51.0,766.0,1000,74.144,-69.0,592.0,1101,123.064,-93.0,745.0,846,57.297,-47.0,421.0,1024,48.965,-63.0,508.0
19,1254,117.829,-92.0,762.0,1000,81.704,-74.0,764.0,1101,129.847,-68.0,771.0,846,60.122,-51.0,423.0,1024,49.417,-44.0,397.0
20,1254,115.045,-53.0,921.0,1000,75.818,-50.0,647.0,1101,121.996,-67.0,809.0,846,53.388,-56.0,403.0,1024,55.065,-57.0,395.0
21,1254,116.721,-86.0,681.0,1000,71.506,-51.0,710.0,1101,128.914,-68.0,991.0,846,53.563,-42.0,454.0,1024,49.639,-53.0,383.0
22,1254,113.601,-73.0,833.0,1000,76.453,-52.0,686.0,1101,120.581,-71.0,804.0,846,54.544,-33.0,391.0,1024,54.46,-57.0,401.0
23,1254,120.408,-59.0,877.0,1000,78.748,-60.0,942.0,1101,122.574,-72.0,798.0,846,58.077,-43.0,433.0,1024,52.169,-58.0,543.0
24,1254,116.054,-92.0,826.0,1000,74.704,-44.0,583.0,1101,128.847,-91.0,901.0,846,49.979,-37.0,366.0,1024,53.627,-43.0,381.0
25,1254,115.61,-56.0,777.0,1000,79.3,-38.0,796.0,1101,129.181,-40.0,865.0,846,53.39,-36.0,450.0,1024,51.642,-45.0,556.0
26,1254,115.486,-42.0,827.0,1000,75.066,-51.0,692.0,1101,122.042,-67.0,730.0,846,59.787,-56.0,406.0,1024,52.454,-30.0,717.0
27,1254,120.391,-46.0,839.0,1000,76.812,-32.0,675.0,1101,125.596,-46.0,910.0,846,60.018,-34.0,392.0,1024,53.163,-29.0,412.0
28,1254,116.905,-46.0,923.0,1000,72.154,-32.0,767.0,1101,121.873,-44.0,802.0,846,48.296,-28.0,441.0,1024,47.217,-34.0,410.0
29,1254,116.433,-45.0,673.0,1000,74.09,-31.0,780.0,1101,124.521,-38.0,815.0,846,48.814,-18.0,420.0,1024,50.422,-30.0,441.0
30,1254,119.531,-72.0,753.0,1000,70.39,-33.0,772.0,1101,127.483,-27.0,794.0,846,56.087,-23.0,599.0,1024,51.403,-21.0,405.0
31,1254,121.159,-38.0,808.0,1000,73.082,-18.0,800.0,1101,123.124,-39.0,758.0,846,54.045,-22.0,575.0,1024,46.753,-17.0,420.0
32,1254,115.447,-34.0,906.0,1000,70.551,-19.0,792.0,1101,130.922,-18.0,863.0,846,53.569,-16.0,510.0,1024,47.384,-12.0,400.0
33,1254,118.833,-22.0,899.0,1000,72.933,-21.0,691.0,1101,127.723,-16.0,917.0,846,55.035,-13.0,481.0,1024,51.635,-11.0,511.0
34,1254,119.294,-18.0,821.0,1000,74.139,-11.0,608.0,1101,125.189,-20.0,818.0,846,55.526,-28.0,605.0,1024,50.223,-18.0,443.0
35,1254,123.585,-23.0,841.0,1000,77.831,-9.0,740.0,1101,124.788,-18.0,764.0,846,50.621,-6.0,541.0,1024,49.241,-12.0,489.0
36,1254,117.455,-22.0,899.0,1000,75.756,-7.0,654.0,1101,127.694,-8.0,846.0,846,53.863,-11.0,466.0,1024,51.608,-6.0,428.0
37,1254,115.271,-11.0,725.0,1000,72.065,-8.0,711.0,1101,133.175,-15.0,857.0,846,51.189,-10.0,457.0,1024,55.798,-10.0,444.0
38,1254,118.833,-13.0,811.0,1000,78.134,-7.0,543.0,1101,124.757,-6.0,990.0,846,59.057,-7.0,497.0,1024,49.305,-5.0,412.0
39,1254,114.904,-13.0,988.0,1000,76.484,-4.0,861.0,1101,127.322,-12.0,819.0,846,55.545,-5.0,522.0,1024,51.501,-6.0,504.0
40,1254,119.328,-7.0,1026.0,1000,77.487,-2.0,690.0,1101,134.034,-5.0,869.0,846,49.304,-3.0,542.0,1024,51.552,-5.0,421.0
41,1254,123.375,-4.0,819.0,1000,80.863,-4.0,823.0,1101,134.721,-1.0,802.0,846,55.468,-2.0,444.0,1024,51.896,-2.0,550.0
42,1254,118.689,-3.0,828.0,1000,71.959,-1.0,721.0,1101,128.277,-2.0,817.0,846,54.512,-1.0,616.0,1024,53.03,-1.0,457.0
43,1254,114.86,-2.0,706.0,1000,73.227,-1.0,828.0,1101,126.48,-1.0,821.0,846,57.577,0.0,567.0,1024,47.483,0.0,410.0
44,1254,121.117,0.0,765.0,1000,78.872,0.0,668.0,1101,127.24,0.0,823.0,846,56.199,0.0,496.0,1024,59.19,0.0,503.0
45,1254,118.545,-1.0,900.0,1000,76.8,0.0,803.0,1101,126.487,-1.0,800.0,846,54.98,0.0,454.0,1024,54.984,-2.0,547.0
46,1254,125.59,-1.0,1023.0,1000,73.352,-3.0,612.0,1101,122.907,-2.0,894.0,846,54.4,-1.0,521.0,1024,53.427,-2.0,453.0
47,1254,114.788,-3.0,768.0,1000,72.247,-2.0,706.0,1101,125.32,-3.0,826.0,846,53.622,-2.0,444.0,1024,57.742,-5.0,496.0
48,1254,115.065,-9.0,880.0,1000,77.345,-6.0,792.0,1101,124.464,-4.0,898.0,846,51.765,-10.0,421.0,1024,52.807,-6.0,489.0
49,1254,123.117,-8.0,879.0,1000,73.594,-8.0,631.0,1101,127.82,-10.0,831.0,846,51.508,-11.0,466.0,1024,54.912,-8.0,430.0
50,1254,115.538,-13.0,802.0,1000,76.373,-10.0,802.0,1101,128.323,-9.0,909.0,846,52.405,-9.0,417.0,1024,50.155,-12.0,437.0
51,1254,116.726,-22.0,1027.0,1000,74.322,-9.0,748.0,1101,127.791,-19.0,820.0,846,56.478,-8.0,454.0,1024,52.008,-14.0,445.0
52,1254,120.86,-20.0,888.0,1000,78.546,-10.0,797.0,1101,120.52,-16.0,1015.0,846,53.788,-20.0,422.0,1024,54.966,-15.0,563.0
53,1254,114.797,-28.0,831.0,1000,80.943,-8.0,876.0,1101,122.669,-32.0,894.0,846,57.083,-15.0,457.0,1024,56.066,-19.0,546.0
54,1254,117.592,-28.0,884.0,1000,73.633,-12.0,811.0,1101,125.926,-26.0,949.0,846,54.621,-13.0,654.0,1024,55.691,-23.0,562.0
55,1254,115.254,-27.0,680.0,1000,74.056,-16.0,843.0,1101,123.875,-18.0,887.0,846,50.486,-20.0,398.0,1024,53.558,-14.0,374.0
56,1254,114.682,-36.0,705.0,1000,80.331,-15.0,828.0,1101,118.703,-29.0,716.0,846,58.691,-21.0,489.0,1024,48.831,-18.0,484.0
57,1254,122.698,-44.0,684.0,1000,80.282,-21.0,595.0,1101,121.711,-23.0,980.0,846,58.187,-16.0,617.0,1024,50.589,-27.0,425.0
58,1254,117.081,-36.0,739.0,1000,72.802,-29.0,859.0,1101,124.702,-28.0,933.0,846,50.405,-22.0,500.0,1024,50.509,-21.0,419.0
59,1254,119.42,-33.0,831.0,1000,77.467,-23.0,628.0,1101,131.318,-36.0,865.0,846,54.173,-25.0,485.0,1024,49.981,-17.0,569.0
60,1254,114.897,-38.0,745.0,1000,72.983,-20.0,812.0,1101,117.814,-31.0,808.0,846,58.129,-18.0,510.0,1024,48.298,-24.0,422.0
61,1254,113.894,-31.0,896.0,1000,74.618,-22.0,557.0,1101,118.313,-22.0,872.0,846,53.729,-18.0,494.0,1024,49.047,-19.0,496.0
62,1254,115.732,-34.0,911.0,1000,70.945,-28.0,787.0,1101,125.823,-40.0,912.0,846,51.104,-26.0,390.0,1024,48.188,-30.0,437.0
63,1254,121.947,-48.0,769.0,1000,81.713,-26.0,652.0,1101,126.627,-38.0,923.0,846,54.629,-31.0,596.0,1024,50.531,-24.0,441.0
64,1254,118.489,-35.0,917.0,1000,79.677,-21.0,807.0,1101,121.715,-50.0,919.0,846,54.663,-18.0,494.0,1024,48.367,-26.0,419.0
65,1254,122.246,-36.0,907.0,1000,73.413,-30.0,717.0,1101,122.035,-42.0,974.0,846,55.108,-28.0,559.0,1024,47.827,-36.0,394.0
66,1254,112.427,-37.0,868.0,1000,75.202,-31.0,861.0,1101,126.98,-26.0,927.0,846,56.926,-29.0,566.0,1024,50.084,-27.0,484.0
67,1254,118.757,-49.0,804.0,1000,78.005,-19.0,763.0,1101,126.099,-37.0,743.0,846,51.428,-33.0,410.0,1024,52.076,-35.0,403.0
68,1254,114.135,-32.0,659.0,1000,74.162,-39.0,850.0,1101,134.012,-35.0,858.0,846,55.16,-26.0,646.0,1024,51.861,-31.0,410.0
69,1254,122.153,-48.0,1066.0,1000,75.152,-26.0,790.0,1101,132.135,-38.0,776.0,846,58.595,-30.0,665.0,1024,50.673,-33.0,419.0
70,1254,119.488,-60.0,719.0,1000,79.55,-29.0,646.0,1101,117.157,-34.0,805.0,846,56.863,-26.0,520.0,1024,46.633,-26.0,383.0
71,1254,116.558,-44.0,766.0,1000,76.646,-53.0,678.0,1101,124.921,-46.0,664.0,846,58.148,-41.0,464.0,1024,53.04,-26.0,465.0
72,1254,115.832,-61.0,941.0,1000,78.182,-43.0,640.0,1101,120.537,-56.0,800.0,846,61.019,-37.0,555.0,1024,54.842,-39.0,468.0
73,1254,122.627,-50.0,846.0,1000,80.566,-31.0,981.0,1101,122.92,-31.0,726.0,846,55.625,-25.0,525.0,1024,48.441,-27.0,397.0
74,1254,116.303,-53.0,763.0,1000,78.533,-44.0,584.0,1101,125.704,-46.0,765.0,846,56.517,-23.0,411.0,1024,50.916,-39.0,423.0
75,1254,118.444,-39.0,817.0,1000,71.786,-47.0,728.0,1101,119.496,-54.0,861.0,846,53.025,-31.0,491.0,1024,52.537,-60.0,552.0
76,1254,116.347,-95.0,802.0,1000,72.727,-30.0,721.0,1101,127.368,-44.0,840.0,846,54.028,-41.0,483.0,1024,49.879,-36.0,426.0
77,1254,114.258,-54.0,808.0,1000,78.41,-36.0,656.0,1101,127.157,-41.0,843.0,846,54.29,-30.0,570.0,1024,53.713,-58.0,453.0
78,1254,118.087,-47.0,694.0,1000,72.692,-45.0,632.0,1101,129.45,-34.0,877.0,846,56.903,-32.0,561.0,1024,55.242,-27.0,417.0
79,1254,114.065,-57.0,840.0,1000,73.993,-63.0,720.0,1101,123.902,-45.0,814.0,846,54.197,-36.0,452.0,1024,48.797,-38.0,428.0
80,1254,115.044,-46.0,801.0,1000,78.555,-34.0,641.0,1101,127.627,-45.0,842.0,846,56.759,-25.0,382.0,1024,53.74,-41.0,493.0
81,1254,111.411,-88.0,735.0,1000,79.89,-31.0,544.0,1101,128.965,-52.0,862.0,846,50.493,-39.0,569.0,1024,57.153,-57.0,416.0
82,1254,114.799,-68.0,743.0,1000,76.102,-44.0,671.0,1101,121.847,-45.0,948.0,846,50.368,-32.0,387.0,1024,52.383,-32.0,417.0
83,1254,119.037,-62.0,874.0,1000,80.999,-42.0,595.0,1101,123.864,-65.0,796.0,846,51.915,-37.0,517.0,1024,50.453,-54.0,418.0
84,1254,119.107,-52.0,770.0,1000,79.354,-40.0,882.0,1101,130.437,-67.0,853.0,846,52.846,-42.0,457.0,1024,48.317,-46.0,569.0
85,1254,122.245,-47.0,728.0,1000,73.697,-40.0,649.0,1101,127.626,-53.0,1018.0,846,56.441,-36.0,472.0,1024,53.328,-56.0,470.0
86,1254,117.695,-67.0,920.0,1000,75.536,-38.0,712.0,1101,129.263,-44.0,752.0,846,54.085,-38.0,421.0,1024,51.358,-39.0,423.0
87,1254,112.211,-54.0,620.0,1000,73.297,-47.0,748.0,1101,129.127,-75.0,958.0,846,52.41,-20.0,415.0,1024,51.779,-38.0,410.0
88,1254,113.689,-52.0,626.0,1000,74.789,-41.0,593.0,1101,120.157,-30.0,816.0,846,58.452,-37.0,461.0,1024,54.606,-48.0,504.0
89,1254,116.096,-48.0,900.0,1000,74.746,-39.0,580.0,1101,122.627,-42.0,769.0,846,59.943,-40.0,557.0,1024,54.915,-45.0,438.0
90,1254,112.896,-61.0,872.0,1000,77.451,-37.0,625.0,1101,121.124,-45.0,775.0,846,52.502,-38.0,613.0,1024,56.733,-34.0,541.0
91,1254,112.289,-44.0,913.0,1000,75.048,-46.0,731.0,1101,128.111,-46.0,976.0,846,56.382,-39.0,596.0,1024,54.086,-43.0,419.0
92,1254,117.407,-60.0,850.0,1000,75.199,-35.0,624.0,1101,123.463,-61.0,889.0,846,58.454,-38.0,457.0,1024,59.175,-41.0,384.0
93,1254,123.012,-60.0,849.0,1000,75.245,-44.0,614.0,1101,121.295,-50.0,784.0,846,59.261,-38.0,400.0,1024,51.058,-48.0,491.0
94,1254,114.106,-55.0,739.0,1000,75.543,-35.0,874.0,1101,125.206,-53.0,844.0,846,52.571,-37.0,546.0,1024,60.777,-53.0,579.0
95,1254,118.636,-40.0,661.0,1000,72.232,-36.0,742.0,1101,119.76,-56.0,869.0,846,47.459,-43.0,594.0,1024,54.277,-51.0,499.0
96,1254,120.764,-94.0,898.0,1000,73.709,-42.0,625.0,1101,126.779,-66.0,950.0,846,51.987,-29.0,420.0,1024,56.259,-39.0,470.0
97,1254,116.722,-50.0,929.0,1000,74.301,-34.0,580.0,1101,126.807,-65.0,780.0,846,56.349,-32.0,468.0,1024,54.473,-63.0,489.0
98,1254,115.681,-57.0,887.0,1000,75.126,-46.0,694.0,1101,127.896,-63.0,867.0,846,56.436,-42.0,576.0,1024,53.4,-37.0,440.0
99,1254,112.122,-49.0,764.0,1000,77.329,-43.0,738.0,1101,126.035,-44.0,818.0,846,52.871,-27.0,408.0,1024,53.363,-57.0,396.0
100,1254,119.333,-73.0,783.0,1000,71.473,-44.0,584.0,1101,125.536,-65.0,943.0,846,51.759,-30.0,354.0,1024,52.039,-39.0,424.0
101,1254,118.842,-73.0,775.0,1000,74.032,-49.0,627.0,1101,125.071,-47.0,869.0,846,57.307,-32.0,480.0,1024,55.094,-37.0,408.0
102,1254,123.099,-62.0,766.0,1000,76.957,-49.0,817.0,1101,127.909,-61.0,827.0,846,55.48,-38.0,371.0,1024,55.167,-46.0,447.0
103,1254,118.586,-61.0,902.0,1000,72.45,-50.0,701.0,1101,126.588,-62.0,834.0,846,53.734,-28.0,412.0,1024,53.91,-49.0,484.0
104,1254,113.236,-63.0,635.0,1000,75.245,-49.0,668.0,1101,125.322,-61.0,827.0,846,58.225,-63.0,524.0,1024,52.653,-51.0,505.0
105,1254,115.317,-72.0,700.0,1000,72.656,-45.0,507.0,1101,124.787,-63.0,827.0,846,59.509,-40.0,399.0,1024,51.957,-39.0,363.0
106,1254,119.829,-58.0,858.0,1000,78.901,-53.0,799.0,1101,120.636,-56.0,855.0,846,54.918,-34.0,376.0,1024,48.689,-41.0,459.0
107,1254,123.162,-61.0,759.0,1000,72.862,-43.0,718.0,1101,124.034,-73.0,771.0,846,52.767,-45.0,415.0,1024,52.091,-51.0,450.0
108,1254,115.146,-83.0,821.0,1000,77.592,-55.0,768.0,1101,130.9,-44.0,966.0,846,54.176,-43.0,413.0,1024,50.56,-40.0,388.0
109,1254,116.69,-68.0,693.0,1000,77.472,-50.0,681.0,1101,128.983,-60.0,774.0,846,55.888,-63.0,525.0,1024,51.378,-37.0,375.0
110,1254,110.583,-45.0,610.0,1000,74.234,-49.0,683.0,1101,124.047,-42.0,833.0,846,55.162,-35.0,383.0,1024,47.855,-47.0,384.0
111,1254,116.494,-101.0,802.0,1000,80.42,-50.0,771.0,1101,121.096,-59.0,722.0,846,53.156,-35.0,489.0,1024,49.398,-44.0,504.0
112,1254,118.278,-88.0,687.0,1000,80.704,-51.0,606.0,1101,122.764,-70.0,790.0,846,55.401,-45.0,535.0,1024,50.277,-48.0,398.0
113,1254,121.965,-71.0,983.0,1000,71.991,-61.0,879.0,1101,123.046,-58.0,911.0,846,54.852,-51.0,382.0,1024,51.849,-34.0,415.0
114,1254,118.527,-56.0,746.0,1000,81.461,-67.0,616.0,1101,116.43,-42.0,932.0,846,54.275,-48.0,444.0,1024,51.632,-44.0,383.0
115,1254,122.625,-49.0,684.0,1000,80.324,-49.0,586.0,1101,126.457,-52.0,872.0,846,55.39,-60.0,493.0,1024,53.911,-44.0,353.0
116,1254,117.556,-67.0,726.0,1000,78.118,-44.0,641.0,1101,123.058,-46.0,854.0,846,52.556,-62.0,369.0,1024,52.467,-31.0,395.0
117,1254,118.557,-89.0,737.0,1000,74.793,-44.0,604.0,1101,127.857,-43.0,690.0,846,59.331,-28.0,506.0,1024,57.021,-40.0,389.0
118,1254,118.191,-60.0,712.0,1000,80.629,-46.0,831.0,1101,122.577,-56.0,851.0,846,56.927,-48.0,447.0,1024,55.658,-45.0,425.0
119,1254,117.635,-60.0,900.0,1000,75.55,-44.0,607.0,1101,128.114,-66.0,738.0,846,52.856,-48.0,386.0,1024,56.959,-55.0,405.0
120,1254,114.373,-48.0,759.0,1000,84.21,-70.0,682.0,1101,125.89,-74.0,803.0,846,59.274,-42.0,508.0,1024,62.095,-51.0,428.0
121,1254,112.034,-57.0,656.0,1000,75.257,-48.0,777.0,1101,117.585,-56.0,825.0,846,57.701,-39.0,410.0,1024,50.416,-51.0,477.0
122,1254,122.594,-81.0,766.0,1000,71.206,-59.0,733.0,1101,123.899,-53.0,871.0,846,53.468,-38.0,414.0,1024,55.333,-59.0,412.0
123,1254,115.039,-85.0,692.0,1000,75.08,-43.0,726.0,1101,124.935,-55.0,769.0,846,53.488,-31.0,398.0,1024,60.745,-40.0,381.0
124,1254,116.207,-72.0,745.0,1000,76.241,-40.0,717.0,1101,127.012,-76.0,866.0,846,55.976,-57.0,397.0,1024,54.683,-38.0,389.0
125,1254,118.053,-55.0,741.0,1000,76.867,-52.0,640.0,1101,125.889,-62.0,933.0,846,55.454,-46.0,413.0,1024,59.125,-31.0,416.0
126,1254,116.18,-56.0,999.0,1000,76.261,-57.0,640.0,1101,119.182,-62.0,798.0,846,60.8,-47.0,469.0,1024,52.494,-52.0,473.0
127,1254,118.052,-58.0,792.0,1000,72.784,-43.0,768.0,1101,122.796,-45.0,837.0,846,56.423,-39.0,384.0,1024,50.216,-53.0,573.0
128,1254,118.086,-67.0,638.0,1000,74.168,-54.0,833.0,1101,125.764,-47.0,891.0,846,50.665,-39.0,363.0,1024,53.878,-53.0,494.0
129,1254,108.116,-75.0,828.0,1000,81.289,-46.0,879.0,1101,128.42,-82.0,727.0,846,50.201,-48.0,485.0,1024,53.891,-53.0,441.0
130,1254,109.951,-67.0,940.0,1000,78.345,-44.0,687.0,1101,119.934,-50.0,780.0,846,50.125,-45.0,413.0,1024,49.49,-33.0,517.0
131,1254,116.439,-99.0,881.0,1000,81.473,-43.0,584.0,1101,124.491,-81.0,780.0,846,48.559,-38.0,373.0,1024,52.854,-55.0,379.0
132,1254,117.546,-75.0,752.0,1000,78.5,-36.0,849.0,1101,127.768,-39.0,820.0,846,55.991,-48.0,505.0,1024,54.925,-39.0,414.0
133,1254,114.858,-64.0,736.0,1000,74.752,-47.0,677.0,1101,123.492,-56.0,813.0,846,53.981,-40.0,503.0,1024,56.707,-54.0,397.0
134,1254,115.793,-53.0,942.0,1000,75.824,-46.0,768.0,1101,122.17,-76.0,722.0,846,54.313,-37.0,507.0,1024,59.59,-46.0,484.0
135,1254,120.12,-63.0,805.0,1000,74.704,-57.0,655.0,1101,123.65,-88.0,872.0,846,53.434,-48.0,412.0,1024,56.038,-44.0,444.0
136,1254,122.766,-59.0,648.0,1000,70.783,-54.0,755.0,1101,124.215,-58.0,769.0,846,59.051,-34.0,332.0,1024,62.741,-54.0,478.0
137,1254,116.181,-98.0,793.0,1000,79.143,-52.0,564.0,1101,126.29,-66.0,872.0,846,52.189,-31.0,479.0,1024,56.979,-59.0,388.0
138,1254,123.633,-71.0,785.0,1000,77.17,-46.0,570.0,1101,117.837,-79.0,808.0,846,54.177,-34.0,489.0,1024,51.275,-52.0,397.0
139,1254,118.088,-69.0,722.0,1000,80.883,-68.0,746.0,1101,121.417,-66.0,893.0,846,56.35,-49.0,439.0,1024,55.496,-36.0,407.0
140,1254,120.319,-68.0,891.0,1000,78.14,-65.0,832.0,1101,122.83,-59.0,803.0,846,56.747,-41.0,379.0,1024,55.312,-54.0,374.0
141,1254,120.741,-55.0,722.0,1000,84.01,-83.0,784.0,1101,128.25,-48.0,893.0,846,54.889,-47.0,327.0,1024,53.04,-66.0,589.0
142,1254,118.223,-66.0,710.0,1000,80.086,-51.0,846.0,1101,122.795,-65.0,883.0,846,55.857,-42.0,482.0,1024,50.413,-51.0,414.0
143,1254,125.045,-64.0,813.0,1000,79.486,-56.0,689.0,1101,130.571,-83.0,882.0,846,56.201,-45.0,452.0,1024,53.743,-51.0,468.0
144,1254,116.196,-49.0,707.0,1000,85.476,-61.0,753.0,1101,119.557,-62.0,844.0,846,51.729,-42.0,370.0,1024,52.936,-42.0,393.0
145,1254,117.165,-66.0,664.0,1000,80.136,-75.0,679.0,1101,124.46,-104.0,783.0,846,49.827,-38.0,380.0,1024,53.947,-47.0,411.0
146,1254,119.634,-69.0,734.0,1000,75.349,-67.0,608.0,1101,121.549,-74.0,759.0,846,54.267,-36.0,403.0,1024,56.379,-36.0,436.0
147,1254,118.187,-65.0,747.0,1000,79.683,-80.0,602.0,1101,119.492,-60.0,788.0,846,57.94,-49.0,563.0,1024,58.375,-46.0,445.0
148,1254,121.217,-77.0,722.0,1000,73.026,-54.0,738.0,1101,120.274,-73.0,936.0,846,57.751,-49.0,540.0,1024,56.653,-36.0,398.0
149,1254,116.171,-62.0,696.0,1000,76.219,-53.0,728.0,1101,128.201,-69.0,708.0,846,51.111,-63.0,411.0,1024,55.712,-47.0,556.0
150,1254,113.161,-83.0,692.0,1000,80.667,-48.0,679.0,1101,120.793,-86.0,751.0,846,54.877,-37.0,368.0,1024,51.093,-58.0,382.0
151,1254,116.275,-53.0,668.0,1000,80.796,-51.0,870.0,1101,124.433,-60.0,846.0,846,54.792,-40.0,451.0,1024,53.823,-51.0,410.0
152,1254,119.251,-55.0,882.0,1000,72.578,-40.0,604.0,1101,125.178,-70.0,890.0,846,57.113,-38.0,417.0,1024,52.845,-41.0,460.0
153,1254,118.494,-64.0,844.0,1000,77.418,-62.0,678.0,1101,130.188,-69.0,960.0,846,48.965,-36.0,430.0,1024,51.063,-37.0,376.0
154,1254,117.531,-69.0,712.0,1000,77.402,-41.0,787.0,1101,124.481,-60.0,1010.0,846,51.779,-32.0,384.0,1024,55.989,-48.0,393.0
155,1254,119.534,-63.0,970.0,1000,75.977,-39.0,605.0,1101,130.689,-71.0,748.0,846,55.335,-44.0,427.0,1024,56.76,-41.0,412.0
156,1254,119.21,-82.0,774.0,1000,73.59,-68.0,619.0,1101,128.53,-74.0,957.0,846,52.753,-42.0,401.0,1024,62.406,-41.0,490.0
157,1254,120.289,-63.0,779.0,1000,79.551,-49.0,679.0,1101,124.381,-54.0,801.0,846,53.844,-43.0,489.0,1024,52.788,-57.0,435.0
158,1254,117.742,-84.0,740.0,1000,84.172,-81.0,695.0,1101,125.727,-57.0,796.0,846,56.307,-32.0,407.0,1024,56.396,-43.0,531.0
159,1254,118.78,-84.0,851.0,1000,82.304,-77.0,833.0,1101,126.54,-62.0,834.0,846,52.613,-34.0,390.0,1024,58.814,-36.0,499.0
160,1254,117.718,-76.0,727.0,1000,71.169,-53.0,719.0,1101,124.779,-81.0,833.0,846,54.222,-45.0,404.0,1024,55.477,-70.0,577.0
161,1254,111.134,-75.0,775.0,1000,80.619,-64.0,738.0,1101,122.85,-58.0,810.0,846,56.329,-44.0,368.0,1024,55.031,-41.0,443.0
162,1254,113.979,-69.0,803.0,1000,75.492,-54.0,723.0,1101,126.005,-61.0,870.0,846,52.427,-46.0,389.0,1024,51.455,-46.0,373.0
163,1254,117.171,-51.0,817.0,1000,74.461,-47.0,871.0,1101,122.787,-78.0,822.0,846,53.991,-66.0,394.0,1024,62.004,-39.0,497.0
164,1254,117.673,-74.0,726.0,1000,77.787,-65.0,577.0,1101,127.502,-56.0,853.0,846,51.976,-42.0,374.0,1024,53.973,-39.0,394.0
165,1254,124.846,-55.0,769.0,1000,80.084,-50.0,794.0,1101,125.139,-54.0,805.0,846,54.831,-46.0,377.0,1024,52.271,-34.0,420.0
166,1254,112.25,-68.0,738.0,1000,77.59,-49.0,627.0,1101,120.667,-73.0,773.0,846,58.476,-41.0,500.0,1024,53.106,-56.0,420.0
167,1254,118.513,-68.0,904.0,1000,78.741,-54.0,606.0,1101,121.472,-73.0,859.0,846,57.319,-60.0,384.0,1024,51.37,-38.0,429.0
168,1254,121.242,-69.0,806.0,1000,70.178,-53.0,692.0,1101,124.42,-62.0,810.0,846,53.717,-56.0,399.0,1024,51.749,-36.0,497.0
169,1254,115.455,-66.0,798.0,1000,78.373,-68.0,955.0,1101,128.662,-47.0,884.0,846,59.08,-56.0,556.0,1024,53.483,-39.0,509.0
170,1254,116.642,-79.0,762.0,1000,76.451,-62.0,795.0,1101,116.897,-54.0,773.0,846,54.485,-66.0,495.0,1024,54.554,-52.0,414.0
171,1254,116.386,-102.0,677.0,1000,76.563,-83.0,827.0,1101,131.265,-76.0,774.0,846,52.719,-48.0,543.0,1024,50.416,-38.0,352.0
172,1254,115.768,-76.0,779.0,1000,73.367,-67.0,784.0,1101,122.385,-51.0,909.0,846,57.255,-41.0,384.0,1024,51.136,-56.0,365.0
173,1254,114.9,-51.0,863.0,1000,76.836,-55.0,700.0,1101,122.395,-66.0,870.0,846,60.801,-53.0,470.0,1024,50.252,-38.0,379.0
174,1254,119.082,-76.0,779.0,1000,83.675,-49.0,730.0,1101,119.299,-57.0,734.0,846,54.664,-36.0,429.0,1024,50.297,-44.0,498.0
175,1254,114.799,-60.0,640.0,1000,79.136,-48.0,761.0,1101,124.832,-49.0,797.0,846,57.759,-34.0,392.0,1024,52.726,-34.0,472.0
176,1254,118.609,-69.0,742.0,1000,73.464,-53.0,883.0,1101,128.195,-41.0,749.0,846,57.866,-57.0,414.0,1024,52.227,-34.0,434.0
177,1254,117.322,-60.0,729.0,1000,76.292,-41.0,557.0,1101,127.369,-67.0,907.0,846,58.465,-39.0,409.0,1024,54.672,-38.0,377.0
178,1254,120.577,-74.0,785.0,1000,72.85,-43.0,682.0,1101,122.043,-53.0,805.0,846,56.909,-42.0,442.0,1024,48.876,-29.0,437.0
179,1254,111.642,-77.0,911.0,1000,77.505,-76.0,720.0,1101,124.546,-55.0,887.0,846,56.039,-36.0,414.0,1024,49.638,-30.0,323.0
180,1254,112.058,-79.0,704.0,1000,81.388,-55.0,747.0,1101,121.565,-61.0,811.0,846,59.131,-38.0,464.0,1024,49.788,-40.0,473.0
181,1254,116.707,-63.0,776.0,1000,75.372,-51.0,615.0,1101,121.343,-73.0,870.0,846,51.739,-29.0,473.0,1024,53.859,-42.0,461.0
182,1254,117.741,-58.0,684.0,1000,72.666,-50.0,713.0,1101,118.866,-63.0,770.0,846,56.443,-36.0,420.0,1024,58.672,-57.0,558.0
183,1254,112.936,-61.0,779.0,1000,80.281,-37.0,650.0,1101,124.655,-78.0,812.0,846,50.836,-36.0,391.0,1024,53.062,-34.0,370.0
184,1254,109.997,-49.0,762.0,1000,79.293,-50.0,824.0,1101,126.681,-77.0,873.0,846,60.509,-50.0,523.0,1024,56.261,-37.0,414.0
185,1254,126.342,-53.0,791.0,1000,76.998,-39.0,642.0,1101,116.926,-60.0,712.0,846,59.234,-32.0,371.0,1024,59.687,-44.0,495.0
186,1254,116.886,-72.0,891.0,1000,72.355,-76.0,630.0,1101,121.584,-67.0,785.0,846,54.582,-43.0,408.0,1024,55.281,-34.0,534.0
187,1254,115.602,-60.0,925.0,1000,75.645,-61.0,796.0,1101,126.591,-90.0,822.0,846,52.787,-41.0,450.0,1024,58.628,-45.0,605.0
188,1254,121.116,-87.0,886.0,1000,78.937,-50.0,745.0,1101,125.514,-72.0,833.0,846,58.383,-31.0,474.0,1024,50.783,-36.0,414.0
189,1254,121.435,-78.0,814.0,1000,74.619,-55.0,648.0,1101,121.777,-59.0,897.0,846,51.3,-45.0,396.0,1024,50.499,-51.0,477.0
190,1254,119.164,-74.0,738.0,1000,77.03,-42.0,712.0,1101,124.74,-39.0,666.0,846,51.485,-40.0,556.0,1024,51.285,-41.0,448.0
191,1254,121.026,-60.0,849.0,1000,80.188,-41.0,877.0,1101,117.264,-50.0,816.0,846,53.105,-43.0,428.0,1024,49.95,-35.0,411.0
192,1254,118.423,-65.0,658.0,1000,76.118,-42.0,673.0,1101,126.474,-68.0,862.0,846,52.891,-36.0,438.0,1024,50.144,-39.0,422.0
193,1254,121.871,-53.0,666.0,1000,80.21,-52.0,781.0,1101,137.522,-65.0,796.0,846,65.08,-49.0,475.0,1024,61.584,-32.0,436.0
194,1254,145.47,-56.0,851.0,1000,102.841,-39.0,851.0,1101,159.345,-69.0,993.0,846,93.91,-59.0,569.0,1024,82.933,-56.0,486.0
195,1254,149.012,-57.0,787.0,1000,104.414,-47.0,770.0,1101,165.504,-71.0,1047.0,846,100.164,-49.0,600.0,1024,87.424,-54.0,532.0
196,1254,139.843,-68.0,794.0,1000,97.584,-51.0,649.0,1101,161.976,-47.0,911.0,846,102.109,-41.0,628.0,1024,83.888,-40.0,643.0
197,1254,136.335,-107.0,727.0,1000,97.193,-39.0,802.0,1101,152.478,-72.0,866.0,846,97.163,-72.0,549.0,1024,76.284,-42.0,517.0
198,1254,133.406,-72.0,774.0,1000,85.1,-83.0,752.0,1101,140.54,-46.0,766.0,846,85.27,-55.0,575.0,1024,72.761,-51.0,467.0
199,1254,129.132,-46.0,673.0,1000,84.242,-89.0,874.0,1101,136.712,-46.0,1040.0,846,87.407,-46.0,536.0,1024,68.625,-29.0,383.0
200,1254,125.396,-61.0,954.0,1000,87.282,-43.0,716.0,1101,137.544,-65.0,748.0,846,82.248,-47.0,627.0,1024,73.62,-54.0,543.0
201,1254,126.877,-77.0,741.0,1000,85.283,-62.0,671.0,1101,136.527,-66.0,1007.0,846,73.142,-58.0,529.0,1024,71.175,-37.0,508.0
202,1254,127.846,-48.0,742.0,1000,80.393,-45.0,790.0,1101,134.59,-56.0,884.0,846,67.823,-46.0,490.0,1024,64.718,-43.0,484.0
203,1254,128.621,-60.0,869.0,1000,79.096,-39.0,673.0,1101,122.228,-51.0,767.0,846,71.79,-47.0,450.0,1024,62.614,-37.0,559.0
204,1254,124.359,-48.0,773.0,1000,77.602,-36.0,693.0,1101,128.654,-41.0,823.0,846,66.992,-47.0,493.0,1024,61.547,-60.0,535.0
205,1254,128.708,-55.0,775.0,1000,87.927,-45.0,627.0,1101,134.236,-55.0,820.0,846,58.735,-53.0,565.0,1024,63.693,-51.0,417.0
206,1254,120.78,-58.0,766.0,1000,81.785,-74.0,900.0,1101,130.291,-61.0,883.0,846,63.803,-49.0,514.0,1024,61.074,-47.0,415.0
207,1254,118.705,-46.0,791.0,1000,77.755,-36.0,635.0,1101,127.351,-35.0,941.0,846,66.875,-47.0,474.0,1024,65.833,-65.0,504.0
208,1254,123.057,-59.0,885.0,1000,77.103,-48.0,659.0,1101,120.969,-67.0,858.0,846,58.78,-41.0,556.0,1024,62.272,-32.0,654.0
209,1254,120.784,-39.0,933.0,1000,82.05,-55.0,736.0,1101,125.718,-83.0,900.0,846,59.955,-39.0,423.0,1024,60.296,-47.0,547.0
210,1254,117.436,-58.0,975.0,1000,79.064,-39.0,665.0,1101,127.855,-83.0,931.0,846,61.363,-39.0,509.0,1024,55.396,-45.0,475.0
211,1254,124.299,-76.0,749.0,1000,75.824,-50.0,695.0,1101,120.907,-41.0,929.0,846,61.629,-40.0,420.0,1024,58.108,-43.0,411.0
212,1254,114.081,-57.0,661.0,1000,81.447,-38.0,572.0,1101,121.243,-62.0,790.0,846,63.333,-63.0,480.0,1024,58.149,-38.0,445.0
213,1254,116.533,-49.0,929.0,1000,72.801,-63.0,803.0,1101,128.378,-57.0,869.0,846,57.417,-40.0,424.0,1024,58.286,-40.0,579.0
214,1254,116.709,-53.0,851.0,1000,78.943,-40.0,846.0,1101,133.569,-101.0,848.0,846,53.803,-36.0,393.0,1024,49.497,-35.0,483.0
215,1254,114.732,-53.0,980.0,1000,76.213,-35.0,710.0,1101,123.168,-86.0,840.0,846,55.0,-35.0,350.0,1024,53.782,-42.0,512.0
216,1254,116.852,-53.0,821.0,1000,76.823,-70.0,656.0,1101,119.941,-84.0,786.0,846,58.366,-31.0,455.0,1024,56.389,-46.0,414.0
217,1254,117.297,-68.0,798.0,1000,76.364,-78.0,744.0,1101,124.501,-49.0,823.0,846,57.364,-55.0,591.0,1024,52.12,-28.0,373.0
218,1254,112.698,-48.0,772.0,1000,75.429,-48.0,529.0,1101,123.251,-37.0,828.0,846,58.693,-50.0,481.0,1024,50.665,-42.0,441.0
219,1254,124.83,-54.0,870.0,1000,79.101,-42.0,738.0,1101,125.47,-46.0,864.0,846,57.746,-45.0,400.0,1024,52.65,-52.0,641.0
220,1254,124.694,-58.0,903.0,1000,77.247,-43.0,787.0,1101,121.102,-50.0,760.0,846,55.383,-34.0,607.0,1024,50.93,-45.0,420.0
221,1254,116.667,-50.0,769.0,1000,73.051,-50.0,728.0,1101,121.609,-42.0,764.0,846,59.476,-57.0,438.0,1024,49.086,-27.0,338.0
222,1254,118.533,-66.0,654.0,1000,81.575,-46.0,897.0,1101,116.906,-58.0,907.0,846,55.514,-56.0,475.0,1024,50.974,-39.0,410.0
223,1254,121.757,-52.0,782.0,1000,80.589,-48.0,568.0,1101,125.665,-88.0,886.0,846,57.894,-38.0,489.0,1024,51.628,-37.0,411.0
224,1254,115.368,-47.0,897.0,1000,71.621,-53.0,571.0,1101,119.09,-68.0,757.0,846,55.398,-41.0,403.0,1024,48.77,-39.0,431.0
225,1254,116.427,-41.0,924.0,1000,77.374,-41.0,595.0,1101,122.835,-40.0,851.0,846,57.768,-36.0,459.0,1024,51.002,-39.0,463.0
226,1254,117.152,-64.0,825.0,1000,77.302,-47.0,636.0,1101,134.348,-70.0,861.0,846,57.933,-63.0,374.0,1024,51.506,-40.0,394.0
227,1254,114.163,-43.0,904.0,1000,81.512,-44.0,620.0,1101,120.638,-44.0,758.0,846,60.382,-38.0,450.0,1024,55.546,-49.0,388.0
228,1254,114.437,-62.0,704.0,1000,77.911,-39.0,801.0,1101,123.199,-48.0,851.0,846,58.747,-43.0,510.0,1024,52.563,-45.0,572.0
229,1254,114.667,-50.0,727.0,1000,75.192,-49.0,692.0,1101,123.18,-58.0,882.0,846,59.404,-30.0,428.0,1024,49.853,-43.0,414.0
230,1254,116.495,-43.0,715.0,1000,78.91,-33.0,834.0,1101,127.163,-52.0,966.0,846,55.274,-33.0,468.0,1024,49.566,-36.0,369.0
231,1254,114.841,-66.0,667.0,1000,74.861,-44.0,874.0,1101,125.429,-63.0,823.0,846,61.176,-46.0,384.0,1024,47.223,-40.0,430.0
232,1254,116.937,-51.0,734.0,1000,78.458,-44.0,999.0,1101,121.561,-46.0,783.0,846,58.785,-38.0,433.0,1024,48.451,-50.0,454.0
233,1254,116.856,-58.0,847.0,1000,75.629,-49.0,679.0,1101,121.422,-78.0,876.0,846,55.123,-35.0,399.0,1024,47.622,-43.0,391.0
234,1254,116.03,-53.0,696.0,1000,76.812,-54.0,771.0,1101,122.329,-54.0,683.0,846,52.644,-36.0,485.0,1024,48.824,-40.0,345.0
235,1254,115.803,-61.0,725.0,1000,78.078,-53.0,744.0,1101,121.703,-52.0,755.0,846,54.765,-38.0,439.0,1024,48.71,-41.0,417.0
236,1254,121.698,-44.0,951.0,1000,73.252,-47.0,714.0,1101,129.518,-70.0,820.0,846,55.206,-34.0,467.0,1024,50.731,-34.0,405.0
237,1254,120.675,-58.0,815.0,1000,78.446,-53.0,570.0,1101,122.38,-78.0,705.0,846,56.584,-38.0,674.0,1024,47.458,-42.0,381.0
238,1254,120.059,-49.0,872.0,1000,82.022,-60.0,690.0,1101,129.675,-55.0,907.0,846,55.929,-47.0,434.0,1024,50.385,-54.0,463.0
239,1254,114.937,-39.0,698.0,1000,80.49,-66.0,918.0,1101,122.285,-53.0,841.0,846,59.213,-59.0,640.0,1024,55.145,-60.0,469.0
240,1254,123.096,-42.0,755.0,1000,79.247,-46.0,807.0,1101,130.219,-75.0,906.0,846,56.298,-36.0,459.0,1024,56.191,-40.0,419.0
241,1254,114.841,-41.0,739.0,1000,75.558,-52.0,661.0,1101,124.179,-59.0,845.0,846,53.337,-45.0,436.0,1024,51.923,-32.0,479.0
242,1254,115.917,-42.0,947.0,1000,84.106,-51.0,777.0,1101,112.315,-80.0,835.0,846,51.916,-44.0,484.0,1024,50.838,-30.0,476.0
243,1254,119.154,-58.0,624.0,1000,78.98,-64.0,767.0,1101,122.649,-47.0,935.0,846,55.61,-38.0,361.0,1024,52.746,-34.0,510.0
244,1254,121.998,-45.0,840.0,1000,73.465,-40.0,636.0,1101,116.327,-85.0,911.0,846,56.541,-51.0,573.0,1024,51.091,-48.0,506.0
245,1254,112.29,-44.0,827.0,1000,77.37,-64.0,691.0,1101,124.448,-44.0,820.0,846,62.84,-41.0,437.0,1024,48.857,-42.0,405.0
246,1254,116.702,-48.0,897.0,1000,81.225,-64.0,851.0,1101,121.612,-62.0,877.0,846,61.917,-61.0,470.0,1024,51.927,-48.0,529.0
247,1254,120.51,-47.0,855.0,1000,84.708,-48.0,664.0,1101,132.543,-89.0,743.0,846,56.433,-48.0,370.0,1024,50.486,-70.0,428.0
248,1254,115.795,-43.0,869.0,1000,77.236,-44.0,769.0,1101,122.291,-39.0,845.0,846,53.818,-56.0,395.0,1024,46.385,-60.0,384.0
249,1254,115.942,-57.0,758.0,1000,80.71,-45.0,731.0,1101,126.851,-58.0,887.0,846,55.81,-35.0,381.0,1024,49.668,-32.0,464.0
250,1254,119.322,-54.0,813.0,1000,79.139,-56.0,643.0,1101,120.661,-79.0,822.0,846,57.961,-47.0,387.0,1024,50.349,-48.0,553.0
251,1254,111.605,-37.0,839.0,1000,70.295,-65.0,526.0,1101,121.821,-65.0,759.0,846,57.95,-42.0,405.0,1024,45.05,-54.0,560.0
252,1254,114.962,-56.0,823.0,1000,77.792,-45.0,686.0,1101,122.306,-51.0,890.0,846,60.02,-38.0,507.0,1024,47.584,-53.0,474.0
253,1254,120.113,-37.0,778.0,1000,78.385,-59.0,827.0,1101,115.393,-52.0,1069.0,846,57.343,-44.0,429.0,1024,49.126,-42.0,450.0
254,1254,120.462,-49.0,646.0,1000,80.183,-42.0,792.0,1101,122.296,-76.0,884.0,846,58.892,-44.0,419.0,1024,50.448,-54.0,433.0
255,1254,116.036,-55.0,580.0,1000,75.67,-48.0,799.0,1101,117.54,-59.0,834.0,846,54.596,-51.0,400.0,1024,53.736,-62.0,503.0
256,1254,116.309,-47.0,802.0,1000,76.12,-76.0,695.0,1101,119.051,-50.0,737.0,846,52.823,-52.0,399.0,1024,53.554,-53.0,426.0
257,1254,116.148,-41.0,820.0,1000,81.635,-51.0,770.0,1101,124.168,-53.0,902.0,846,54.374,-34.0,360.0,1024,57.882,-64.0,444.0
258,1254,121.853,-34.0,867.0,1000,75.881,-47.0,720.0,1101,127.02,-79.0,738.0,846,60.709,-47.0,496.0,1024,58.797,-57.0,472.0
259,1254,114.079,-49.0,814.0,1000,76.378,-52.0,744.0,1101,119.73,-68.0,921.0,846,57.948,-43.0,405.0,1024,52.616,-38.0,431.0
260,1254,118.687,-67.0,747.0,1000,87.405,-47.0,865.0,1101,122.832,-59.0,740.0,846,58.83,-55.0,413.0,1024,52.859,-53.0,475.0
261,1254,112.703,-42.0,783.0,1000,76.094,-72.0,790.0,1101,130.746,-71.0,804.0,846,56.663,-45.0,404.0,1024,51.59,-59.0,575.0
262,1254,111.739,-58.0,788.0,1000,76.132,-57.0,600.0,1101,126.322,-68.0,1014.0,846,53.177,-42.0,443.0,1024,56.032,-51.0,473.0
263,1254,117.874,-43.0,819.0,1000,83.46,-51.0,932.0,1101,125.076,-75.0,816.0,846,58.138,-29.0,414.0,1024,52.251,-79.0,388.0
264,1254,118.108,-41.0,905.0,1000,73.44,-36.0,919.0,1101,127.853,-61.0,879.0,846,55.097,-42.0,369.0,1024,51.175,-53.0,412.0
265,1254,115.148,-40.0,729.0,1000,83.193,-42.0,616.0,1101,129.869,-69.0,872.0,846,58.944,-39.0,533.0,1024,51.021,-41.0,382.0
266,1254,113.093,-44.0,791.0,1000,80.212,-40.0,710.0,1101,123.013,-81.0,774.0,846,57.609,-43.0,383.0,1024,49.956,-46.0,359.0
267,1254,120.65,-57.0,802.0,1000,78.395,-62.0,836.0,1101,120.871,-45.0,835.0,846,56.559,-87.0,497.0,1024,51.217,-48.0,456.0
268,1254,114.21,-39.0,839.0,1000,74.03,-48.0,590.0,1101,122.232,-50.0,864.0,846,54.631,-57.0,442.0,1024,48.484,-41.0,370.0
269,1254,116.123,-50.0,772.0,1000,75.653,-47.0,722.0,1101,125.646,-55.0,776.0,846,56.658,-40.0,530.0,1024,48.235,-41.0,424.0
270,1254,118.885,-49.0,722.0,1000,79.656,-38.0,881.0,1101,127.912,-75.0,793.0,846,54.707,-39.0,424.0,1024,48.228,-35.0,379.0
271,1254,117.977,-88.0,816.0,1000,77.901,-48.0,829.0,1101,126.528,-45.0,790.0,846,54.182,-58.0,423.0,1024,51.365,-39.0,427.0
272,1254,109.418,-42.0,709.0,1000,75.098,-52.0,695.0,1101,129.671,-75.0,925.0,846,57.96,-44.0,349.0,1024,45.867,-50.0,595.0
273,1254,116.37,-42.0,736.0,1000,73.941,-36.0,738.0,1101,123.757,-70.0,781.0,846,57.424,-43.0,439.0,1024,50.521,-45.0,402.0
274,1254,122.238,-45.0,791.0,1000,78.846,-84.0,744.0,1101,119.657,-70.0,889.0,846,54.278,-51.0,495.0,1024,51.817,-52.0,439.0
275,1254,122.057,-48.0,842.0,1000,74.51,-51.0,728.0,1101,117.139,-46.0,736.0,846,59.825,-57.0,383.0,1024,51.884,-62.0,414.0
276,1254,117.403,-75.0,815.0,1000,75.053,-57.0,857.0,1101,126.342,-67.0,963.0,846,57.805,-42.0,414.0,1024,53.432,-41.0,374.0
277,1254,117.285,-41.0,702.0,1000,73.56,-49.0,676.0,1101,126.311,-77.0,885.0,846,56.507,-41.0,351.0,1024,47.491,-44.0,356.0
278,1254,111.751,-59.0,766.0,1000,75.647,-49.0,850.0,1101,123.138,-52.0,960.0,846,57.318,-54.0,436.0,1024,51.039,-79.0,404.0
279,1254,118.215,-53.0,784.0,1000,77.922,-55.0,714.0,1101,121.341,-77.0,813.0,846,52.774,-51.0,390.0,1024,52.394,-44.0,470.0
280,1254,113.141,-45.0,681.0,1000,79.046,-48.0,623.0,1101,125.738,-56.0,781.0,846,55.299,-45.0,436.0,1024,47.605,-52.0,392.0
281,1254,117.094,-68.0,732.0,1000,78.164,-53.0,661.0,1101,120.575,-57.0,927.0,846,55.038,-49.0,462.0,1024,51.158,-45.0,375.0
282,1254,120.978,-40.0,879.0,1000,77.197,-49.0,896.0,1101,125.646,-70.0,919.0,846,58.675,-37.0,490.0,1024,52.941,-35.0,530.0
283,1254,112.338,-47.0,692.0,1000,81.263,-47.0,763.0,1101,127.389,-64.0,919.0,846,56.325,-54.0,404.0,1024,51.978,-46.0,490.0
284,1254,121.74,-59.0,839.0,1000,75.707,-50.0,726.0,1101,119.82,-60.0,734.0,846,58.364,-44.0,399.0,1024,47.807,-51.0,401.0
285,1254,117.761,-61.0,794.0,1000,77.285,-51.0,791.0,1101,123.412,-54.0,786.0,846,58.054,-60.0,376.0,1024,50.379,-52.0,543.0
286,1254,111.605,-54.0,986.0,1000,78.961,-54.0,599.0,1101,123.317,-74.0,909.0,846,56.07,-37.0,397.0,1024,53.866,-53.0,432.0
287,1254,112.334,-46.0,923.0,1000,76.496,-39.0,892.0,1101,127.857,-47.0,949.0,846,56.876,-59.0,359.0,1024,54.506,-46.0,392.0
288,1254,118.036,-42.0,807.0,1000,71.795,-43.0,727.0,1101,131.387,-91.0,1076.0,846,61.112,-43.0,493.0,1024,54.889,-50.0,452.0
289,1254,112.449,-51.0,918.0,1000,75.796,-73.0,903.0,1101,127.163,-83.0,932.0,846,59.266,-62.0,398.0,1024,50.413,-46.0,387.0
290,1254,114.973,-53.0,911.0,1000,82.595,-72.0,665.0,1101,117.351,-59.0,807.0,846,56.715,-40.0,473.0,1024,53.283,-51.0,448.0
291,1254,118.045,-38.0,727.0,1000,77.678,-79.0,781.0,1101,128.134,-70.0,1014.0,846,56.787,-56.0,541.0,1024,52.302,-49.0,379.0
292,1254,115.818,-49.0,832.0,1000,79.422,-41.0,556.0,1101,121.794,-56.0,937.0,846,54.19,-39.0,405.0,1024,57.96,-51.0,502.0
293,1254,124.019,-52.0,924.0,1000,79.246,-84.0,830.0,1101,123.612,-73.0,1029.0,846,55.983,-63.0,592.0,1024,55.562,-47.0,373.0
294,1254,115.59,-59.0,679.0,1000,74.779,-51.0,705.0,1101,129.337,-50.0,855.0,846,51.32,-44.0,438.0,1024,51.928,-45.0,501.0
295,1254,115.725,-51.0,775.0,1000,74.907,-67.0,715.0,1101,123.603,-78.0,843.0,846,56.39,-76.0,432.0,1024,54.619,-59.0,443.0
296,1254,118.368,-47.0,736.0,1000,75.284,-48.0,736.0,1101,125.429,-68.0,858.0,846,56.152,-45.0,550.0,1024,49.63,-40.0,418.0
297,1254,113.905,-60.0,909.0,1000,74.96,-52.0,676.0,1101,124.012,-66.0,737.0,846,55.336,-46.0,516.0,1024,54.875,-46.0,385.0
298,1254,118.373,-61.0,747.0,1000,78.049,-71.0,706.0,1101,126.203,-64.0,906.0,846,55.773,-64.0,522.0,1024,50.979,-49.0,390.0
299,1254,115.57,-63.0,751.0,1000,76.823,-47.0,654.0,1101,125.412,-61.0,980.0,846,56.178,-41.0,635.0,1024,51.623,-64.0,439.0
300,1254,108.536,-60.0,772.0,1000,74.131,-51.0,623.0,1101,126.859,-66.0,866.0,846,55.832,-48.0,508.0,1024,50.682,-40.0,481.0
301,1254,112.174,-58.0,699.0,1000,75.806,-61.0,734.0,1101,124.227,-60.0,821.0,846,55.617,-50.0,460.0,1024,55.304,-48.0,376.0
302,1254,122.006,-50.0,684.0,1000,71.762,-75.0,718.0,1101,125.815,-53.0,902.0,846,57.921,-49.0,383.0,1024,53.692,-51.0,388.0
303,1254,118.734,-62.0,826.0,1000,79.906,-50.0,742.0,1101,126.751,-89.0,839.0,846,57.617,-44.0,508.0,1024,49.182,-61.0,416.0
304,1254,119.502,-69.0,779.0,1000,76.165,-40.0,782.0,1101,124.856,-65.0,744.0,846,57.674,-54.0,379.0,1024,52.434,-49.0,455.0
305,1254,112.37,-52.0,966.0,1000,73.148,-51.0,800.0,1101,121.557,-89.0,956.0,846,57.162,-53.0,479.0,1024,49.331,-43.0,494.0
306,1254,125.15,-63.0,845.0,1000,78.881,-46.0,852.0,1101,126.781,-70.0,803.0,846,56.599,-48.0,337.0,1024,49.138,-66.0,439.0
307,1254,116.272,-51.0,782.0,1000,73.583,-51.0,744.0,1101,129.424,-74.0,794.0,846,54.164,-48.0,370.0,1024,47.576,-59.0,466.0
308,1254,113.846,-85.0,809.0,1000,81.263,-36.0,841.0,1101,124.451,-80.0,769.0,846,58.65,-49.0,491.0,1024,52.568,-46.0,374.0
309,1254,109.722,-53.0,725.0,1000,73.265,-55.0,915.0,1101,119.02,-48.0,844.0,846,53.215,-66.0,461.0,1024,50.637,-92.0,549.0
310,1254,115.166,-47.0,734.0,1000,78.85,-75.0,903.0,1101,126.592,-64.0,970.0,846,54.404,-42.0,409.0,1024,50.81,-47.0,367.0
311,1254,117.553,-64.0,871.0,1000,76.922,-52.0,806.0,1101,128.12,-56.0,841.0,846,55.272,-47.0,351.0,1024,52.471,-64.0,352.0
312,1254,124.53,-65.0,690.0,1000,73.906,-43.0,811.0,1101,124.223,-60.0,1033.0,846,55.933,-42.0,394.0,1024,51.474,-53.0,349.0
313,1254,114.96,-59.0,815.0,1000,90.434,-64.0,925.0,1101,128.679,-56.0,788.0,846,63.102,-60.0,360.0,1024,65.356,-58.0,401.0
314,1254,135.47,-55.0,752.0,1000,102.41,-44.0,739.0,1101,167.441,-71.0,970.0,846,97.722,-51.0,592.0,1024,86.14,-68.0,454.0
315,1254,145.591,-80.0,852.0,1000,103.409,-65.0,668.0,1101,192.515,-62.0,856.0,846,103.803,-90.0,547.0,1024,79.719,-78.0,510.0
316,1254,146.953,-62.0,834.0,1000,108.184,-70.0,627.0,1101,178.312,-70.0,856.0,846,108.072,-84.0,567.0,1024,80.652,-60.0,464.0
317,1254,134.01,-71.0,851.0,1000,101.905,-77.0,784.0,1101,164.866,-65.0,841.0,846,99.383,-64.0,676.0,1024,75.041,-50.0,569.0
318,1254,136.502,-37.0,738.0,1000,97.14,-54.0,908.0,1101,153.723,-86.0,775.0,846,83.017,-74.0,447.0,1024,76.592,-73.0,531.0
319,1254,142.623,-63.0,909.0,1000,94.908,-46.0,780.0,1101,146.965,-50.0,870.0,846,75.465,-69.0,465.0,1024,72.229,-77.0,433.0
320,1254,127.292,-62.0,820.0,1000,94.539,-68.0,680.0,1101,143.129,-78.0,897.0,846,77.311,-44.0,507.0,1024,68.741,-51.0,389.0
321,1254,120.371,-58.0,729.0,1000,86.125,-67.0,877.0,1101,141.386,-78.0,819.0,846,68.353,-54.0,506.0,1024,69.376,-67.0,459.0
322,1254,122.242,-63.0,727.0,1000,84.647,-46.0,709.0,1101,138.858,-58.0,843.0,846,69.455,-65.0,488.0,1024,67.348,-68.0,607.0
323,1254,123.304,-88.0,750.0,1000,87.437,-65.0,1054.0,1101,138.076,-111.0,770.0,846,65.145,-68.0,426.0,1024,69.997,-51.0,414.0
324,1254,125.599,-100.0,900.0,1000,89.925,-60.0,975.0,1101,136.677,-63.0,814.0,846,65.706,-81.0,432.0,1024,71.7,-60.0,453.0
325,1254,116.993,-64.0,654.0,1000,78.719,-47.0,791.0,1101,126.768,-76.0,773.0,846,61.84,-58.0,462.0,1024,63.941,-67.0,498.0
326,1254,116.733,-50.0,746.0,1000,77.726,-57.0,748.0,1101,132.711,-74.0,833.0,846,62.55,-47.0,386.0,1024,63.67,-65.0,393.0
327,1254,119.234,-69.0,812.0,1000,78.756,-64.0,858.0,1101,130.856,-82.0,774.0,846,65.025,-58.0,449.0,1024,59.728,-59.0,369.0
328,1254,117.79,-63.0,812.0,1000,82.19,-46.0,793.0,1101,128.325,-70.0,873.0,846,61.189,-42.0,425.0,1024,56.489,-72.0,395.0
329,1254,112.103,-59.0,848.0,1000,79.083,-58.0,762.0,1101,129.201,-81.0,873.0,846,58.217,-45.0,465.0,1024,63.595,-58.0,502.0
330,1254,119.186,-80.0,821.0,1000,81.427,-44.0,659.0,1101,132.229,-65.0,914.0,846,59.229,-58.0,579.0,1024,56.194,-55.0,342.0
331,1254,119.547,-65.0,690.0,1000,79.581,-74.0,693.0,1101,127.156,-76.0,823.0,846,63.46,-55.0,404.0,1024,60.901,-57.0,468.0
332,1254,118.473,-57.0,756.0,1000,79.305,-53.0,768.0,1101,128.433,-76.0,904.0,846,60.388,-53.0,467.0,1024,57.337,-98.0,388.0
333,1254,117.721,-75.0,712.0,1000,79.335,-46.0,728.0,1101,123.725,-77.0,781.0,846,58.713,-58.0,484.0,1024,59.286,-66.0,423.0
334,1254,117.677,-56.0,853.0,1000,81.473,-55.0,734.0,1101,127.233,-55.0,810.0,846,61.4,-51.0,444.0,1024,60.004,-64.0,488.0
335,1254,118.986,-73.0,898.0,1000,77.131,-85.0,863.0,1101,127.536,-70.0,930.0,846,60.472,-49.0,447.0,1024,61.691,-50.0,343.0
336,1254,122.799,-74.0,721.0,1000,77.191,-55.0,728.0,1101,124.491,-93.0,795.0,846,57.234,-58.0,424.0,1024,63.035,-52.0,456.0
337,1254,116.887,-91.0,731.0,1000,81.816,-80.0,710.0,1101,129.348,-95.0,869.0,846,57.668,-37.0,380.0,1024,63.874,-74.0,469.0
338,1254,116.805,-67.0,803.0,1000,77.006,-58.0,880.0,1101,120.326,-65.0,747.0,846,56.511,-43.0,329.0,1024,58.396,-56.0,363.0
339,1254,114.952,-57.0,766.0,1000,73.097,-39.0,680.0,1101,123.455,-58.0,765.0,846,54.165,-65.0,405.0,1024,59.567,-85.0,481.0
340,1254,114.181,-63.0,949.0,1000,73.46,-43.0,789.0,1101,129.177,-72.0,801.0,846,60.306,-72.0,418.0,1024,55.896,-46.0,378.0
341,1254,120.304,-61.0,735.0,1000,79.599,-54.0,867.0,1101,124.379,-58.0,865.0,846,58.212,-50.0,391.0,1024,54.729,-53.0,439.0
342,1254,118.656,-102.0,789.0,1000,75.036,-37.0,925.0,1101,123.336,-70.0,847.0,846,60.67,-42.0,490.0,1024,55.502,-49.0,419.0
343,1254,119.662,-60.0,873.0,1000,70.52,-57.0,640.0,1101,127.823,-58.0,860.0,846,57.784,-61.0,610.0,1024,53.679,-74.0,520.0
344,1254,116.708,-63.0,636.0,1000,78.468,-49.0,718.0,1101,124.19,-76.0,797.0,846,57.657,-63.0,398.0,1024,52.323,-74.0,450.0
345,1254,118.033,-93.0,727.0,1000,76.634,-45.0,575.0,1101,126.596,-61.0,905.0,846,56.275,-43.0,429.0,1024,58.397,-53.0,388.0
346,1254,113.12,-92.0,683.0,1000,76.886,-50.0,825.0,1101,131.641,-84.0,847.0,846,52.695,-55.0,424.0,1024,54.4,-61.0,333.0
347,1254,117.145,-62.0,850.0,1000,76.29,-50.0,800.0,1101,130.504,-100.0,932.0,846,54.727,-64.0,354.0,1024,57.419,-46.0,434.0
348,1254,119.42,-65.0,831.0,1000,79.713,-72.0,820.0,1101,127.619,-56.0,885.0,846,63.825,-57.0,438.0,1024,52.985,-55.0,455.0
349,1254,117.913,-64.0,704.0,1000,77.042,-55.0,900.0,1101,125.198,-55.0,803.0,846,63.768,-62.0,441.0,1024,50.586,-64.0,373.0
350,1254,119.172,-90.0,718.0,1000,73.538,-40.0,725.0,1101,130.195,-68.0,851.0,846,56.376,-48.0,462.0,1024,58.852,-44.0,352.0
351,1254,116.245,-73.0,667.0,1000,76.627,-64.0,878.0,1101,130.026,-66.0,803.0,846,59.203,-37.0,381.0,1024,60.197,-58.0,521.0
352,1254,111.989,-102.0,684.0,1000,77.496,-48.0,642.0,1101,131.029,-67.0,800.0,846,53.054,-41.0,360.0,1024,54.85,-52.0,472.0
353,1254,125.427,-84.0,721.0,1000,76.7,-52.0,828.0,1101,132.302,-64.0,867.0,846,58.105,-43.0,473.0,1024,55.614,-63.0,425.0
354,1254,123.073,-83.0,745.0,1000,80.451,-63.0,752.0,1101,123.046,-64.0,728.0,846,57.085,-45.0,388.0,1024,52.66,-46.0,354.0
355,1254,115.217,-73.0,754.0,1000,81.542,-58.0,840.0,1101,120.578,-57.0,775.0,846,62.777,-53.0,422.0,1024,54.658,-74.0,371.0
356,1254,114.902,-82.0,894.0,1000,75.654,-64.0,552.0,1101,125.641,-76.0,807.0,846,54.531,-73.0,426.0,1024,52.021,-53.0,402.0
357,1254,113.937,-126.0,635.0,1000,78.446,-67.0,889.0,1101,123.33,-58.0,886.0,846,58.606,-68.0,510.0,1024,52.421,-62.0,334.0
358,1254,118.091,-87.0,643.0,1000,77.436,-65.0,787.0,1101,122.646,-88.0,868.0,846,58.875,-49.0,440.0,1024,51.256,-63.0,492.0
359,1254,120.655,-69.0,805.0,1000,70.907,-45.0,961.0,1101,126.213,-79.0,789.0,846,51.324,-45.0,427.0,1024,55.505,-44.0,438.0
360,1254,117.998,-64.0,627.0,1000,76.336,-61.0,638.0,1101,120.401,-58.0,817.0,846,58.94,-45.0,408.0,1024,56.65,-60.0,337.0
361,1254,115.47,-69.0,782.0,1000,80.862,-51.0,640.0,1101,125.5,-58.0,832.0,846,58.067,-55.0,408.0,1024,60.101,-86.0,407.0
362,1254,116.155,-70.0,738.0,1000,78.935,-48.0,886.0,1101,122.96,-79.0,904.0,846,58.468,-59.0,404.0,1024,64.811,-58.0,439.0
363,1254,109.786,-67.0,669.0,1000,80.801,-68.0,874.0,1101,127.619,-70.0,863.0,846,57.037,-71.0,511.0,1024,66.962,-60.0,414.0
364,1254,110.227,-63.0,721.0,1000,78.256,-70.0,743.0,1101,128.583,-76.0,808.0,846,59.377,-55.0,446.0,1024,65.689,-65.0,461.0
365,1254,114.166,-61.0,593.0,1000,73.823,-42.0,810.0,1101,121.138,-61.0,695.0,846,55.457,-51.0,432.0,1024,65.161,-58.0,504.0
366,1254,116.468,-76.0,818.0,1000,77.759,-42.0,736.0,1101,130.521,-76.0,734.0,846,57.721,-65.0,423.0,1024,58.582,-54.0,372.0
367,1254,118.053,-77.0,723.0,1000,78.372,-66.0,669.0,1101,127.01,-56.0,761.0,846,59.634,-65.0,365.0,1024,65.524,-58.0,459.0
368,1254,115.776,-76.0,762.0,1000,74.54,-53.0,624.0,1101,121.47,-69.0,880.0,846,53.143,-45.0,378.0,1024,59.865,-61.0,387.0
369,1254,114.845,-64.0,938.0,1000,77.82,-50.0,1067.0,1101,126.836,-92.0,893.0,846,59.648,-76.0,394.0,1024,61.847,-58.0,424.0
370,1254,117.055,-66.0,761.0,1000,83.332,-59.0,863.0,1101,123.191,-62.0,819.0,846,56.95,-41.0,374.0,1024,65.648,-64.0,404.0
371,1254,117.241,-71.0,671.0,1000,78.135,-53.0,759.0,1101,127.307,-64.0,819.0,846,59.233,-64.0,424.0,1024,58.763,-77.0,571.0
372,1254,115.614,-71.0,590.0,1000,74.864,-51.0,687.0,1101,128.342,-76.0,901.0,846,58.725,-57.0,401.0,1024,62.834,-51.0,400.0
373,1254,110.497,-64.0,702.0,1000,76.349,-47.0,875.0,1101,123.784,-61.0,813.0,846,61.314,-46.0,371.0,1024,62.293,-60.0,421.0
374,1254,115.002,-85.0,619.0,1000,76.973,-53.0,775.0,1101,123.316,-68.0,865.0,846,56.76,-54.0,355.0,1024,60.726,-71.0,428.0
375,1254,115.713,-94.0,666.0,1000,77.049,-43.0,926.0,1101,127.918,-66.0,863.0,846,55.448,-46.0,352.0,1024,61.562,-59.0,435.0
376,1254,115.986,-71.0,714.0,1000,82.269,-54.0,768.0,1101,126.634,-64.0,746.0,846,58.344,-62.0,428.0,1024,60.455,-47.0,401.0
377,1254,121.008,-58.0,874.0,1000,77.441,-46.0,673.0,1101,123.073,-97.0,877.0,846,59.422,-52.0,495.0,1024,59.915,-50.0,443.0
378,1254,113.227,-67.0,594.0,1000,80.454,-59.0,560.0,1101,124.519,-76.0,1030.0,846,57.079,-52.0,378.0,1024,65.372,-73.0,459.0
379,1254,117.105,-61.0,773.0,1000,74.165,-70.0,588.0,1101,122.137,-50.0,803.0,846,54.363,-40.0,383.0,1024,53.797,-72.0,401.0
380,1254,112.404,-60.0,699.0,1000,78.359,-54.0,737.0,1101,128.837,-55.0,798.0,846,57.126,-45.0,365.0,1024,53.43,-54.0,351.0
381,1254,110.325,-85.0,616.0,1000,73.367,-86.0,630.0,1101,126.017,-61.0,909.0,846,57.592,-53.0,409.0,1024,56.949,-75.0,407.0
382,1254,109.885,-66.0,644.0,1000,74.642,-58.0,924.0,1101,127.887,-70.0,967.0,846,56.63,-51.0,399.0,1024,56.67,-40.0,370.0
383,1254,114.088,-80.0,715.0,1000,73.313,-71.0,674.0,1101,132.616,-54.0,894.0,846,58.825,-59.0,479.0,1024,56.022,-47.0,476.0
384,1254,114.615,-71.0,681.0,1000,80.596,-46.0,802.0,1101,125.905,-68.0,876.0,846,55.23,-43.0,422.0,1024,60.03,-56.0,412.0
385,1254,115.755,-79.0,713.0,1000,84.572,-71.0,723.0,1101,119.564,-93.0,886.0,846,57.356,-47.0,370.0,1024,62.345,-69.0,491.0
386,1254,114.585,-55.0,608.0,1000,76.399,-67.0,614.0,1101,123.173,-62.0,814.0,846,56.892,-59.0,453.0,1024,62.775,-52.0,433.0
387,1254,124.782,-87.0,853.0,1000,78.998,-43.0,728.0,1101,126.727,-75.0,752.0,846,56.989,-54.0,456.0,1024,60.195,-87.0,393.0
388,1254,115.46,-89.0,730.0,1000,76.712,-84.0,768.0,1101,122.492,-74.0,835.0,846,62.831,-56.0,453.0,1024,58.168,-48.0,438.0
389,1254,113.772,-71.0,729.0,1000,75.736,-55.0,832.0,1101,127.545,-77.0,738.0,846,56.759,-54.0,500.0,1024,61.784,-86.0,380.0
390,1254,111.581,-70.0,623.0,1000,76.29,-57.0,799.0,1101,131.075,-65.0,825.0,846,57.319,-55.0,367.0,1024,50.128,-43.0,508.0
391,1254,111.403,-67.0,657.0,1000,80.566,-59.0,738.0,1101,120.101,-78.0,796.0,846,57.869,-47.0,410.0,1024,53.532,-43.0,437.0
392,1254,112.805,-89.0,790.0,1000,76.26,-69.0,712.0,1101,130.76,-76.0,887.0,846,56.05,-35.0,359.0,1024,53.278,-66.0,462.0
393,1254,119.477,-101.0,693.0,1000,75.367,-63.0,651.0,1101,128.175,-57.0,942.0,846,58.275,-40.0,438.0,1024,55.249,-51.0,392.0
394,1254,111.386,-93.0,729.0,1000,75.054,-71.0,643.0,1101,129.104,-78.0,954.0,846,59.472,-46.0,451.0,1024,55.662,-38.0,396.0
395,1254,116.302,-60.0,750.0,1000,82.629,-68.0,733.0,1101,125.034,-77.0,842.0,846,60.119,-73.0,416.0,1024,53.572,-55.0,368.0
396,1254,112.751,-69.0,865.0,1000,72.13,-53.0,854.0,1101,127.439,-105.0,869.0,846,59.261,-39.0,389.0,1024,54.762,-57.0,353.0
397,1254,113.519,-77.0,948.0,1000,76.573,-54.0,863.0,1101,122.596,-75.0,804.0,846,62.136,-53.0,489.0,1024,49.966,-50.0,426.0
398,1254,114.069,-108.0,667.0,1000,75.803,-71.0,772.0,1101,119.206,-62.0,843.0,846,59.415,-40.0,338.0,1024,52.602,-46.0,401.0
399,1254,109.521,-85.0,756.0,1000,75.569,-81.0,741.0,1101,118.97,-64.0,801.0,846,56.014,-56.0,485.0,1024,50.821,-57.0,473.0
400,1254,116.376,-82.0,854.0,1000,74.318,-75.0,511.0,1101,126.461,-71.0,868.0,846,55.944,-66.0,369.0,1024,51.912,-45.0,446.0
401,1254,109.091,-97.0,753.0,1000,72.894,-49.0,761.0,1101,126.743,-114.0,913.0,846,59.312,-35.0,424.0,1024,44.099,-45.0,350.0
402,1254,117.27,-73.0,619.0,1000,82.577,-74.0,777.0,1101,128.604,-64.0,822.0,846,50.324,-49.0,378.0,1024,48.43,-100.0,396.0
403,1254,111.979,-63.0,827.0,1000,81.14,-92.0,857.0,1101,125.108,-49.0,826.0,846,55.545,-52.0,492.0,1024,47.33,-39.0,420.0
404,1254,112.468,-69.0,689.0,1000,72.413,-43.0,742.0,1101,122.019,-53.0,1047.0,846,56.35,-77.0,335.0,1024,51.075,-63.0,361.0
405,1254,114.278,-73.0,631.0,1000,82.759,-53.0,794.0,1101,127.713,-58.0,798.0,846,58.434,-45.0,447.0,1024,51.705,-60.0,386.0
406,1254,114.537,-95.0,601.0,1000,76.516,-53.0,895.0,1101,123.306,-56.0,804.0,846,56.024,-48.0,461.0,1024,48.054,-52.0,362.0
407,1254,115.86,-83.0,649.0,1000,76.932,-62.0,601.0,1101,122.736,-66.0,753.0,846,54.79,-43.0,406.0,1024,48.563,-53.0,325.0
408,1254,115.929,-87.0,796.0,1000,76.231,-53.0,676.0,1101,147.926,-108.0,839.0,846,53.043,-49.0,417.0,1024,48.158,-45.0,328.0
409,1254,114.615,-139.0,725.0,1000,78.903,-57.0,843.0,1101,148.644,-63.0,854.0,846,59.384,-51.0,408.0,1024,54.138,-52.0,429.0
410,1254,114.696,-64.0,810.0,1000,76.812,-55.0,942.0,1101,151.122,-78.0,809.0,846,54.688,-53.0,369.0,1024,46.3,-38.0,283.0
411,1254,118.419,-74.0,608.0,1000,79.005,-55.0,769.0,1101,140.442,-55.0,686.0,846,60.32,-39.0,385.0,1024,49.687,-57.0,327.0
412,1254,112.533,-88.0,649.0,1000,78.951,-66.0,846.0,1101,137.526,-60.0,885.0,846,57.59,-52.0,484.0,1024,52.407,-69.0,367.0
413,1254,118.538,-68.0,647.0,1000,78.912,-44.0,693.0,1101,133.814,-47.0,897.0,846,58.717,-46.0,347.0,1024,51.461,-46.0,310.0
414,1254,113.171,-69.0,629.0,1000,78.75,-50.0,747.0,1101,127.53,-66.0,848.0,846,60.596,-80.0,394.0,1024,54.479,-98.0,515.0
415,1254,118.677,-67.0,675.0,1000,71.242,-56.0,774.0,1101,123.015,-68.0,1001.0,846,54.087,-69.0,389.0,1024,52.875,-67.0,378.0
416,1254,118.766,-83.0,656.0,1000,82.39,-81.0,794.0,1101,127.082,-84.0,753.0,846,55.911,-52.0,343.0,1024,50.306,-40.0,362.0
417,1254,120.419,-91.0,710.0,1000,80.309,-76.0,600.0,1101,130.797,-69.0,907.0,846,55.514,-47.0,357.0,1024,52.274,-88.0,396.0
418,1254,118.196,-67.0,685.0,1000,75.234,-74.0,620.0,1101,128.199,-61.0,879.0,846,56.965,-53.0,404.0,1024,50.314,-68.0,421.0
419,1254,111.574,-70.0,621.0,1000,77.712,-52.0,726.0,1101,123.788,-83.0,819.0,846,60.83,-74.0,491.0,1024,48.138,-50.0,384.0
420,1254,121.659,-66.0,735.0,1000,75.881,-47.0,632.0,1101,123.131,-65.0,815.0,846,57.829,-56.0,387.0,1024,50.712,-58.0,332.0
421,1254,108.318,-94.0,661.0,1000,75.562,-37.0,915.0,1101,124.515,-65.0,770.0,846,59.351,-36.0,379.0,1024,49.391,-56.0,305.0
422,1254,110.117,-54.0,581.0,1000,72.638,-66.0,615.0,1101,131.629,-80.0,854.0,846,57.663,-42.0,408.0,1024,51.228,-59.0,406.0
423,1254,118.1,-67.0,590.0,1000,82.583,-56.0,847.0,1101,124.886,-73.0,791.0,846,53.819,-60.0,351.0,1024,48.724,-55.0,367.0
424,1254,113.405,-83.0,646.0,1000,73.503,-67.0,982.0,1101,120.605,-65.0,771.0,846,59.18,-77.0,440.0,1024,52.633,-68.0,401.0
425,1254,112.409,-80.0,682.0,1000,75.47,-63.0,878.0,1101,129.04,-65.0,801.0,846,55.137,-79.0,375.0,1024,53.293,-58.0,368.0
426,1254,115.972,-72.0,674.0,1000,72.709,-58.0,828.0,1101,127.254,-76.0,795.0,846,55.839,-43.0,368.0,1024,52.076,-58.0,403.0
427,1254,112.974,-81.0,734.0,1000,80.215,-47.0,866.0,1101,131.134,-59.0,993.0,846,57.583,-71.0,420.0,1024,50.464,-52.0,365.0
428,1254,111.351,-78.0,735.0,1000,79.202,-46.0,811.0,1101,119.923,-68.0,728.0,846,56.746,-43.0,394.0,1024,51.073,-65.0,340.0
429,1254,115.53,-71.0,583.0,1000,76.727,-62.0,814.0,1101,125.2,-82.0,834.0,846,57.085,-49.0,344.0,1024,53.114,-93.0,493.0
430,1254,119.936,-98.0,708.0,1000,85.341,-50.0,810.0,1101,128.729,-86.0,931.0,846,53.534,-53.0,365.0,1024,47.624,-49.0,327.0
431,1254,115.384,-80.0,540.0,1000,78.179,-73.0,819.0,1101,129.714,-60.0,826.0,846,60.048,-52.0,393.0,1024,46.702,-40.0,251.0
432,1254,115.154,-72.0,669.0,1000,78.04,-54.0,914.0,1101,130.506,-75.0,861.0,846,52.904,-75.0,447.0,1024,46.357,-80.0,346.0
433,1254,121.352,-78.0,633.0,1000,75.108,-47.0,793.0,1101,111.89,-90.0,844.0,846,59.294,-62.0,454.0,1024,51.536,-49.0,510.0
434,1254,119.345,-84.0,633.0,1000,92.345,-45.0,1117.0,1101,145.688,-95.0,699.0,846,78.379,-51.0,398.0,1024,74.558,-68.0,455.0
435,1254,136.167,-88.0,695.0,1000,98.849,-57.0,833.0,1101,165.253,-61.0,875.0,846,97.098,-63.0,458.0,1024,81.177,-71.0,549.0
436,1254,141.439,-81.0,890.0,1000,100.871,-61.0,870.0,1101,162.825,-76.0,970.0,846,85.559,-63.0,522.0,1024,84.398,-57.0,487.0
437,1254,132.733,-77.0,701.0,1000,113.326,-82.0,775.0,1101,153.964,-62.0,733.0,846,91.167,-58.0,466.0,1024,75.29,-48.0,413.0
438,1254,130.405,-78.0,712.0,1000,100.632,-64.0,982.0,1101,140.886,-73.0,811.0,846,92.232,-63.0,598.0,1024,74.574,-79.0,412.0
439,1254,120.381,-88.0,716.0,1000,99.377,-48.0,714.0,1101,135.008,-54.0,1000.0,846,85.695,-90.0,467.0,1024,77.938,-64.0,411.0
440,1254,123.161,-79.0,695.0,1000,93.321,-49.0,882.0,1101,134.065,-65.0,922.0,846,80.77,-51.0,464.0,1024,71.529,-48.0,399.0
441,1254,118.615,-65.0,700.0,1000,86.003,-70.0,749.0,1101,130.421,-106.0,791.0,846,77.236,-70.0,432.0,1024,70.495,-90.0,497.0
442,1254,119.737,-82.0,658.0,1000,81.724,-41.0,948.0,1101,125.332,-53.0,762.0,846,67.787,-43.0,538.0,1024,71.361,-46.0,517.0
443,1254,120.646,-115.0,655.0,1000,88.51,-51.0,851.0,1101,126.198,-76.0,767.0,846,63.532,-72.0,380.0,1024,71.946,-78.0,465.0
444,1254,116.954,-78.0,692.0,1000,87.783,-51.0,820.0,1101,117.0,-91.0,743.0,846,63.846,-52.0,506.0,1024,65.416,-61.0,396.0
445,1254,118.573,-80.0,794.0,1000,82.556,-116.0,840.0,1101,124.382,-73.0,800.0,846,66.067,-48.0,421.0,1024,65.643,-51.0,388.0
446,1254,124.515,-69.0,686.0,1000,84.48,-64.0,882.0,1101,123.341,-102.0,902.0,846,63.621,-45.0,381.0,1024,63.763,-55.0,540.0
447,1254,119.844,-68.0,654.0,1000,80.016,-62.0,684.0,1101,124.145,-53.0,775.0,846,60.277,-41.0,524.0,1024,64.449,-62.0,390.0
448,1254,119.72,-69.0,581.0,1000,76.397,-79.0,856.0,1101,119.831,-58.0,827.0,846,64.793,-45.0,552.0,1024,61.69,-51.0,420.0
449,1254,125.041,-86.0,753.0,1000,78.106,-58.0,570.0,1101,126.628,-89.0,687.0,846,62.894,-56.0,487.0,1024,56.488,-53.0,366.0
450,1254,120.495,-79.0,923.0,1000,76.98,-64.0,951.0,1101,131.415,-68.0,839.0,846,61.623,-49.0,453.0,1024,58.873,-73.0,422.0
451,1254,114.276,-80.0,672.0,1000,80.052,-48.0,725.0,1101,124.063,-55.0,789.0,846,66.905,-47.0,494.0,1024,59.977,-77.0,463.0
452,1254,109.912,-98.0,733.0,1000,78.544,-49.0,741.0,1101,126.921,-54.0,888.0,846,60.038,-40.0,383.0,1024,60.079,-73.0,364.0
453,1254,114.43,-75.0,639.0,1000,77.66,-53.0,938.0,1101,125.701,-77.0,789.0,846,58.535,-53.0,382.0,1024,55.907,-60.0,534.0
454,1254,115.111,-93.0,656.0,1000,75.276,-55.0,807.0,1101,122.431,-84.0,802.0,846,60.755,-39.0,416.0,1024,56.734,-64.0,439.0
455,1254,122.436,-106.0,748.0,1000,78.76,-62.0,849.0,1101,125.592,-73.0,889.0,846,63.786,-43.0,470.0,1024,57.765,-60.0,395.0
456,1254,119.014,-78.0,803.0,1000,80.268,-57.0,827.0,1101,128.263,-89.0,828.0,846,56.292,-73.0,398.0,1024,57.674,-45.0,391.0
457,1254,119.903,-82.0,924.0,1000,90.743,-60.0,1011.0,1101,124.846,-63.0,791.0,846,58.524,-58.0,474.0,1024,56.655,-55.0,366.0
458,1254,117.499,-58.0,692.0,1000,78.295,-53.0,903.0,1101,128.664,-62.0,800.0,846,61.987,-49.0,361.0,1024,59.419,-65.0,421.0
459,1254,112.375,-61.0,732.0,1000,78.361,-56.0,730.0,1101,121.829,-73.0,706.0,846,59.382,-65.0,464.0,1024,55.605,-57.0,387.0
460,1254,111.734,-73.0,671.0,1000,79.546,-55.0,774.0,1101,125.129,-67.0,914.0,846,58.91,-47.0,470.0,1024,55.092,-48.0,379.0
461,1254,120.556,-107.0,683.0,1000,76.105,-64.0,674.0,1101,122.233,-64.0,708.0,846,56.561,-54.0,480.0,1024,51.094,-70.0,474.0
462,1254,121.156,-76.0,605.0,1000,81.239,-58.0,865.0,1101,125.993,-51.0,827.0,846,59.874,-71.0,410.0,1024,54.696,-52.0,414.0
463,1254,118.395,-119.0,844.0,1000,83.397,-66.0,755.0,1101,125.381,-72.0,855.0,846,59.544,-57.0,409.0,1024,52.876,-52.0,526.0
464,1254,111.472,-84.0,762.0,1000,78.57,-44.0,1044.0,1101,129.965,-98.0,840.0,846,55.388,-49.0,482.0,1024,53.114,-66.0,405.0
465,1254,120.718,-121.0,714.0,1000,74.03,-61.0,866.0,1101,122.379,-67.0,763.0,846,57.408,-38.0,321.0,1024,54.028,-60.0,343.0
466,1254,115.585,-69.0,715.0,1000,83.494,-46.0,931.0,1101,128.719,-51.0,891.0,846,58.58,-53.0,355.0,1024,53.613,-55.0,372.0
467,1254,111.087,-113.0,812.0,1000,77.863,-50.0,878.0,1101,135.298,-59.0,879.0,846,58.729,-46.0,374.0,1024,47.521,-54.0,339.0
468,1254,118.853,-86.0,851.0,1000,78.792,-53.0,949.0,1101,125.365,-72.0,958.0,846,55.767,-57.0,446.0,1024,54.787,-50.0,481.0
469,1254,115.183,-56.0,820.0,1000,77.441,-45.0,799.0,1101,123.054,-74.0,778.0,846,61.832,-55.0,439.0,1024,52.718,-59.0,344.0
470,1254,117.405,-78.0,728.0,1000,77.512,-52.0,917.0,1101,126.291,-74.0,839.0,846,61.907,-54.0,435.0,1024,49.961,-49.0,360.0
471,1254,115.669,-71.0,756.0,1000,72.689,-59.0,1058.0,1101,125.581,-75.0,764.0,846,59.041,-39.0,425.0,1024,49.082,-63.0,363.0
472,1254,121.435,-60.0,844.0,1000,81.181,-47.0,954.0,1101,132.295,-57.0,878.0,846,52.329,-43.0,404.0,1024,49.841,-61.0,407.0
473,1254,116.563,-77.0,803.0,1000,80.492,-68.0,820.0,1101,123.49,-101.0,776.0,846,54.706,-42.0,463.0,1024,48.318,-74.0,422.0
474,1254,116.342,-81.0,791.0,1000,74.689,-53.0,644.0,1101,126.708,-78.0,743.0,846,57.817,-35.0,374.0,1024,49.886,-43.0,311.0
475,1254,116.695,-118.0,625.0,1000,79.191,-71.0,796.0,1101,127.114,-72.0,809.0,846,58.351,-44.0,353.0,1024,50.181,-54.0,410.0
476,1254,120.428,-71.0,655.0,1000,79.715,-57.0,812.0,1101,126.112,-130.0,772.0,846,61.019,-53.0,440.0,1024,51.51,-64.0,392.0
477,1254,107.596,-94.0,626.0,1000,71.878,-48.0,852.0,1101,122.302,-62.0,853.0,846,61.759,-58.0,374.0,1024,50.696,-67.0,447.0
478,1254,121.333,-101.0,623.0,1000,84.021,-77.0,845.0,1101,128.088,-76.0,798.0,846,57.768,-52.0,405.0,1024,50.788,-56.0,405.0
479,1254,114.529,-84.0,992.0,1000,81.197,-53.0,767.0,1101,125.351,-84.0,869.0,846,59.309,-33.0,506.0,1024,48.628,-48.0,343.0
480,1254,113.007,-74.0,725.0,1000,75.393,-56.0,787.0,1101,120.878,-67.0,855.0,846,58.078,-59.0,336.0,1024,49.295,-69.0,380.0
481,1254,113.069,-65.0,890.0,1000,85.445,-68.0,663.0,1101,124.764,-87.0,688.0,846,61.234,-45.0,463.0,1024,45.601,-46.0,340.0
482,1254,119.358,-76.0,629.0,1000,78.748,-62.0,590.0,1101,128.032,-55.0,879.0,846,60.433,-67.0,480.0,1024,50.185,-49.0,472.0
483,1254,113.973,-113.0,624.0,1000,80.86,-89.0,656.0,1101,124.006,-96.0,775.0,846,60.405,-44.0,464.0,1024,49.609,-45.0,348.0
484,1254,110.051,-78.0,588.0,1000,75.988,-49.0,896.0,1101,130.054,-103.0,880.0,846,56.514,-42.0,454.0,1024,55.446,-52.0,424.0
485,1254,115.99,-91.0,835.0,1000,79.073,-51.0,863.0,1101,129.401,-63.0,777.0,846,52.827,-47.0,396.0,1024,51.463,-69.0,442.0
486,1254,119.162,-49.0,751.0,1000,87.324,-92.0,739.0,1101,117.163,-67.0,718.0,846,55.937,-58.0,374.0,1024,55.04,-48.0,470.0
487,1254,116.73,-68.0,794.0,1000,79.333,-50.0,630.0,1101,119.999,-96.0,751.0,846,55.204,-45.0,515.0,1024,49.067,-44.0,343.0
488,1254,114.608,-82.0,758.0,1000,76.86,-77.0,852.0,1101,128.494,-99.0,794.0,846,53.304,-43.0,367.0,1024,51.981,-53.0,360.0
489,1254,112.298,-72.0,672.0,1000,78.109,-54.0,918.0,1101,123.575,-49.0,785.0,846,61.272,-47.0,456.0,1024,52.514,-47.0,459.0
490,1254,113.321,-70.0,648.0,1000,78.865,-41.0,799.0,1101,123.751,-75.0,938.0,846,58.104,-37.0,401.0,1024,53.529,-50.0,405.0
491,1254,114.252,-109.0,720.0,1000,81.933,-53.0,1046.0,1101,127.144,-77.0,806.0,846,56.152,-47.0,403.0,1024,51.095,-67.0,547.0
492,1254,113.549,-77.0,703.0,1000,85.811,-53.0,803.0,1101,121.713,-66.0,697.0,846,62.923,-42.0,400.0,1024,52.785,-76.0,475.0
493,1254,115.189,-71.0,746.0,1000,82.744,-58.0,944.0,1101,118.516,-85.0,806.0,846,63.1,-63.0,422.0,1024,56.444,-61.0,419.0
494,1254,113.151,-79.0,694.0,1000,81.205,-65.0,849.0,1101,125.786,-73.0,809.0,846,64.508,-63.0,486.0,1024,55.443,-73.0,382.0
495,1254,112.272,-91.0,781.0,1000,78.56,-86.0,983.0,1101,132.599,-72.0,819.0,846,58.215,-49.0,401.0,1024,58.389,-44.0,393.0
496,1254,119.781,-70.0,673.0,1000,75.812,-37.0,818.0,1101,126.734,-79.0,781.0,846,55.063,-53.0,408.0,1024,57.498,-81.0,361.0
497,1254,117.27,-87.0,678.0,1000,83.147,-60.0,817.0,1101,129.777,-60.0,1040.0,846,55.48,-49.0,477.0,1024,62.946,-47.0,454.0
498,1254,118.727,-95.0,787.0,1000,84.525,-52.0,891.0,1101,120.424,-76.0,918.0,846,56.956,-57.0,408.0,1024,52.452,-70.0,414.0
499,1254,116.398,-80.0,929.0,1000,80.877,-48.0,919.0,1101,119.269,-52.0,709.0,846,57.805,-33.0,503.0,1024,53.045,-45.0,604.0
500,1254,114.418,-103.0,684.0,1000,79.108,-48.0,645.0,1101,125.778,-65.0,785.0,846,54.87,-43.0,449.0,1024,55.464,-45.0,367.0
501,1254,121.234,-72.0,839.0,1000,80.322,-60.0,851.0,1101,127.95,-82.0,876.0,846,53.993,-37.0,459.0,1024,53.027,-59.0,396.0
502,1254,118.469,-73.0,744.0,1000,79.13,-53.0,797.0,1101,120.177,-65.0,738.0,846,58.234,-45.0,415.0,1024,51.115,-65.0,467.0
503,1254,109.986,-70.0,641.0,1000,79.276,-59.0,810.0,1101,125.996,-74.0,779.0,846,53.313,-48.0,399.0,1024,50.566,-49.0,419.0
504,1254,115.117,-86.0,864.0,1000,77.641,-73.0,785.0,1101,122.57,-52.0,760.0,846,57.375,-32.0,621.0,1024,48.555,-43.0,422.0
505,1254,116.64,-63.0,701.0,1000,75.082,-47.0,870.0,1101,131.275,-58.0,841.0,846,58.52,-56.0,479.0,1024,51.162,-38.0,447.0
506,1254,115.839,-87.0,758.0,1000,75.242,-52.0,886.0,1101,116.709,-86.0,921.0,846,55.374,-30.0,364.0,1024,45.828,-41.0,373.0
507,1254,116.277,-82.0,675.0,1000,82.017,-49.0,727.0,1101,120.439,-83.0,713.0,846,51.219,-52.0,399.0,1024,47.591,-44.0,371.0
508,1254,114.346,-106.0,757.0,1000,76.995,-50.0,740.0,1101,122.796,-67.0,901.0,846,56.846,-51.0,365.0,1024,47.961,-48.0,495.0
509,1254,123.533,-91.0,795.0,1000,82.778,-67.0,774.0,1101,133.159,-63.0,824.0,846,58.572,-38.0,547.0,1024,48.047,-65.0,444.0
510,1254,115.589,-84.0,664.0,1000,83.653,-67.0,946.0,1101,127.913,-97.0,688.0,846,59.355,-50.0,426.0,1024,50.307,-34.0,369.0
511,1254,121.56,-87.0,786.0,1000,80.37,-82.0,794.0,1101,126.564,-61.0,841.0,846,63.829,-73.0,455.0,1024,49.019,-40.0,494.0
512,1254,118.041,-99.0,686.0,1000,77.531,-72.0,546.0,1101,121.903,-77.0,881.0,846,53.988,-44.0,344.0,1024,50.065,-43.0,406.0
513,1254,113.343,-59.0,601.0,1000,79.077,-65.0,751.0,1101,123.036,-66.0,771.0,846,65.474,-58.0,404.0,1024,49.695,-39.0,436.0
514,1254,121.939,-89.0,773.0,1000,75.139,-43.0,865.0,1101,120.073,-53.0,865.0,846,54.335,-56.0,464.0,1024,49.059,-48.0,441.0
515,1254,114.927,-67.0,657.0,1000,74.396,-50.0,678.0,1101,126.639,-59.0,743.0,846,56.265,-48.0,374.0,1024,51.144,-35.0,479.0
516,1254,112.469,-67.0,632.0,1000,79.855,-62.0,601.0,1101,125.65,-67.0,982.0,846,60.443,-52.0,485.0,1024,52.553,-68.0,444.0
517,1254,116.21,-96.0,670.0,1000,75.194,-54.0,757.0,1101,120.805,-72.0,806.0,846,57.665,-41.0,542.0,1024,51.673,-45.0,513.0
518,1254,117.094,-105.0,708.0,1000,81.978,-67.0,755.0,1101,122.584,-93.0,753.0,846,59.215,-61.0,486.0,1024,50.331,-47.0,388.0
519,1254,117.097,-64.0,782.0,1000,76.949,-64.0,1030.0,1101,124.41,-60.0,739.0,846,55.681,-43.0,427.0,1024,50.391,-76.0,358.0
520,1254,117.9,-97.0,637.0,1000,82.294,-72.0,728.0,1101,120.699,-67.0,768.0,846,54.816,-48.0,497.0,1024,49.14,-39.0,481.0
521,1254,113.49,-92.0,658.0,1000,79.676,-45.0,762.0,1101,124.712,-79.0,746.0,846,54.73,-36.0,441.0,1024,50.024,-49.0,349.0
522,1254,120.8,-80.0,806.0,1000,79.782,-49.0,833.0,1101,131.232,-67.0,838.0,846,57.019,-57.0,449.0,1024,51.521,-50.0,446.0
523,1254,112.569,-80.0,677.0,1000,85.194,-50.0,908.0,1101,119.611,-72.0,730.0,846,59.152,-46.0,392.0,1024,44.21,-42.0,455.0
524,1254,116.955,-104.0,603.0,1000,79.681,-59.0,641.0,1101,130.553,-61.0,899.0,846,65.483,-70.0,474.0,1024,51.758,-44.0,382.0
525,1254,121.951,-59.0,654.0,1000,78.738,-78.0,640.0,1101,125.858,-72.0,855.0,846,56.586,-53.0,415.0,1024,49.004,-58.0,369.0
526,1254,119.222,-96.0,773.0,1000,82.059,-64.0,720.0,1101,125.578,-60.0,856.0,846,54.194,-64.0,400.0,1024,49.021,-56.0,372.0
527,1254,109.179,-67.0,717.0,1000,76.262,-46.0,649.0,1101,130.31,-75.0,750.0,846,58.931,-43.0,471.0,1024,47.07,-47.0,404.0
528,1254,111.817,-73.0,779.0,1000,82.419,-59.0,958.0,1101,117.111,-75.0,779.0,846,59.696,-62.0,452.0,1024,47.316,-59.0,395.0
529,1254,116.541,-77.0,673.0,1000,74.423,-80.0,790.0,1101,124.122,-74.0,738.0,846,56.844,-43.0,392.0,1024,47.616,-38.0,617.0
530,1254,118.964,-110.0,777.0,1000,85.808,-47.0,817.0,1101,126.04,-75.0,896.0,846,53.252,-48.0,376.0,1024,47.537,-49.0,340.0
531,1254,113.357,-82.0,736.0,1000,80.901,-55.0,840.0,1101,125.626,-59.0,742.0,846,55.982,-60.0,414.0,1024,51.157,-46.0,382.0
532,1254,114.757,-69.0,586.0,1000,76.072,-95.0,595.0,1101,128.214,-57.0,856.0,846,64.661,-50.0,539.0,1024,51.672,-48.0,445.0
533,1254,114.478,-78.0,712.0,1000,79.443,-58.0,837.0,1101,125.414,-77.0,885.0,846,59.603,-62.0,477.0,1024,49.283,-38.0,413.0
534,1254,113.569,-85.0,568.0,1000,82.791,-100.0,886.0,1101,118.116,-64.0,926.0,846,53.864,-37.0,430.0,1024,50.459,-64.0,420.0
535,1254,118.549,-94.0,977.0,1000,84.452,-85.0,769.0,1101,125.833,-67.0,830.0,846,65.006,-105.0,457.0,1024,47.202,-53.0,491.0
536,1254,110.573,-72.0,553.0,1000,80.516,-50.0,854.0,1101,130.153,-64.0,837.0,846,65.337,-36.0,411.0,1024,50.379,-54.0,637.0
537,1254,119.598,-82.0,702.0,1000,79.777,-44.0,890.0,1101,122.953,-57.0,808.0,846,58.238,-47.0,403.0,1024,52.863,-51.0,411.0
538,1254,111.101,-76.0,588.0,1000,70.858,-58.0,839.0,1101,122.32,-53.0,721.0,846,58.629,-68.0,452.0,1024,50.226,-47.0,384.0
539,1254,109.841,-90.0,634.0,1000,86.875,-62.0,679.0,1101,123.912,-76.0,904.0,846,56.122,-50.0,423.0,1024,55.782,-57.0,461.0
540,1254,111.455,-98.0,728.0,1000,79.204,-66.0,859.0,1101,125.235,-75.0,966.0,846,58.336,-47.0,356.0,1024,55.781,-29.0,518.0
541,1254,119.904,-92.0,675.0,1000,77.981,-59.0,640.0,1101,125.307,-70.0,826.0,846,60.387,-44.0,378.0,1024,58.242,-63.0,499.0
542,1254,108.707,-81.0,753.0,1000,83.873,-49.0,984.0,1101,131.571,-81.0,979.0,846,55.197,-38.0,468.0,1024,60.423,-85.0,473.0
543,1254,121.544,-79.0,849.0,1000,78.633,-55.0,604.0,1101,127.042,-80.0,723.0,846,61.573,-51.0,373.0,1024,60.021,-60.0,414.0
544,1254,117.329,-75.0,718.0,1000,74.263,-64.0,721.0,1101,120.289,-68.0,783.0,846,60.09,-56.0,413.0,1024,61.587,-50.0,394.0
545,1254,116.305,-81.0,751.0,1000,77.1,-60.0,750.0,1101,120.347,-99.0,802.0,846,58.275,-53.0,622.0,1024,56.824,-77.0,364.0
546,1254,109.209,-75.0,705.0,1000,78.533,-47.0,790.0,1101,125.578,-66.0,942.0,846,59.838,-49.0,424.0,1024,56.908,-59.0,404.0
547,1254,110.132,-79.0,654.0,1000,78.262,-52.0,815.0,1101,116.385,-71.0,663.0,846,61.538,-53.0,416.0,1024,60.874,-65.0,404.0
548,1254,116.693,-110.0,741.0,1000,87.223,-75.0,891.0,1101,126.991,-78.0,727.0,846,59.291,-39.0,503.0,1024,58.917,-60.0,425.0
549,1254,115.6,-83.0,704.0,1000,83.154,-68.0,843.0,1101,126.666,-95.0,829.0,846,58.963,-48.0,458.0,1024,51.787,-60.0,472.0
550,1254,115.17,-92.0,680.0,1000,78.527,-65.0,787.0,1101,125.012,-73.0,725.0,846,52.844,-55.0,370.0,1024,46.806,-65.0,448.0
551,1254,112.092,-74.0,775.0,1000,82.996,-83.0,606.0,1101,120.655,-86.0,774.0,846,52.525,-42.0,419.0,1024,52.762,-44.0,426.0
552,1254,115.27,-93.0,746.0,1000,76.196,-74.0,775.0,1101,133.935,-64.0,904.0,846,54.257,-43.0,476.0,1024,50.146,-45.0,461.0
553,1254,114.404,-59.0,723.0,1000,72.558,-43.0,720.0,1101,125.862,-71.0,858.0,846,61.125,-69.0,400.0,1024,54.828,-61.0,456.0
554,1254,117.271,-137.0,742.0,1000,91.396,-82.0,1054.0,1101,131.966,-137.0,838.0,846,67.339,-48.0,531.0,1024,71.066,-47.0,507.0
555,1254,137.42,-108.0,737.0,1000,105.604,-73.0,831.0,1101,154.746,-79.0,761.0,846,78.111,-49.0,430.0,1024,80.17,-54.0,587.0
556,1254,141.73,-98.0,760.0,1000,103.38,-68.0,990.0,1101,164.754,-85.0,763.0,846,86.596,-58.0,463.0,1024,81.488,-37.0,613.0
557,1254,135.473,-60.0,711.0,1000,101.965,-69.0,943.0,1101,145.883,-89.0,803.0,846,82.934,-63.0,632.0,1024,82.714,-79.0,619.0
558,1254,129.777,-96.0,688.0,1000,100.198,-69.0,748.0,1101,143.507,-61.0,821.0,846,70.183,-48.0,525.0,1024,76.898,-64.0,529.0
559,1254,118.307,-123.0,666.0,1000,100.49,-62.0,903.0,1101,138.393,-67.0,894.0,846,63.608,-94.0,418.0,1024,70.805,-57.0,651.0
560,1254,127.264,-81.0,677.0,1000,91.394,-82.0,929.0,1101,133.341,-73.0,730.0,846,63.142,-40.0,466.0,1024,69.462,-65.0,498.0
561,1254,122.673,-75.0,764.0,1000,91.245,-65.0,937.0,1101,134.189,-85.0,988.0,846,68.23,-53.0,463.0,1024,65.227,-55.0,454.0
562,1254,126.218,-113.0,853.0,1000,81.658,-79.0,925.0,1101,128.728,-81.0,746.0,846,62.31,-56.0,393.0,1024,64.709,-61.0,594.0
563,1254,123.189,-87.0,732.0,1000,89.139,-65.0,711.0,1101,125.315,-89.0,745.0,846,61.648,-71.0,532.0,1024,65.562,-56.0,402.0
564,1254,120.61,-88.0,794.0,1000,82.451,-58.0,800.0,1101,124.342,-68.0,747.0,846,67.517,-47.0,465.0,1024,62.146,-58.0,555.0
565,1254,116.614,-78.0,793.0,1000,85.88,-70.0,942.0,1101,125.668,-74.0,781.0,846,59.501,-62.0,496.0,1024,65.784,-66.0,435.0
566,1254,120.62,-60.0,706.0,1000,85.045,-61.0,776.0,1101,127.817,-77.0,786.0,846,59.195,-38.0,397.0,1024,64.821,-56.0,465.0
567,1254,118.415,-77.0,684.0,1000,83.01,-82.0,809.0,1101,120.352,-103.0,849.0,846,56.082,-50.0,425.0,1024,59.117,-53.0,476.0
568,1254,114.82,-72.0,755.0,1000,82.699,-91.0,1032.0,1101,118.783,-72.0,883.0,846,60.656,-38.0,452.0,1024,60.72,-48.0,565.0
569,1254,118.329,-82.0,712.0,1000,80.618,-65.0,901.0,1101,127.944,-67.0,942.0,846,58.644,-61.0,519.0,1024,61.314,-54.0,466.0
570,1254,120.033,-85.0,580.0,1000,75.056,-60.0,908.0,1101,133.3,-64.0,899.0,846,60.128,-54.0,366.0,1024,58.181,-76.0,604.0
571,1254,119.699,-133.0,627.0,1000,80.517,-56.0,838.0,1101,121.486,-79.0,810.0,846,57.751,-47.0,475.0,1024,55.604,-64.0,480.0
572,1254,112.093,-77.0,929.0,1000,74.669,-69.0,800.0,1101,121.923,-72.0,808.0,846,59.864,-39.0,411.0,1024,56.633,-41.0,422.0
573,1254,105.9,-65.0,711.0,1000,77.833,-71.0,935.0,1101,129.16,-114.0,1062.0,846,54.147,-38.0,389.0,1024,53.078,-46.0,459.0
574,1254,113.621,-99.0,702.0,1000,77.203,-42.0,883.0,1101,120.44,-68.0,725.0,846,56.654,-36.0,404.0,1024,57.644,-41.0,365.0
575,1254,116.369,-88.0,614.0,1000,77.015,-45.0,795.0,1101,127.722,-79.0,919.0,846,53.691,-52.0,438.0,1024,60.343,-49.0,480.0
576,1254,113.219,-82.0,680.0,1000,80.304,-58.0,819.0,1101,129.671,-77.0,757.0,846,57.069,-57.0,468.0,1024,53.895,-46.0,421.0
577,1254,117.333,-66.0,609.0,1000,86.036,-60.0,888.0,1101,117.101,-67.0,833.0,846,57.579,-54.0,378.0,1024,55.371,-42.0,407.0
578,1254,108.983,-80.0,622.0,1000,78.237,-66.0,977.0,1101,124.302,-48.0,769.0,846,60.738,-47.0,389.0,1024,52.053,-57.0,443.0
579,1254,115.313,-77.0,791.0,1000,79.547,-61.0,925.0,1101,119.794,-65.0,826.0,846,53.872,-46.0,507.0,1024,54.65,-68.0,409.0
580,1254,117.744,-83.0,595.0,1000,88.135,-68.0,883.0,1101,128.887,-91.0,870.0,846,55.565,-50.0,397.0,1024,51.133,-44.0,397.0
581,1254,111.548,-59.0,886.0,1000,79.732,-54.0,984.0,1101,125.414,-69.0,863.0,846,57.753,-47.0,404.0,1024,51.812,-36.0,366.0
582,1254,118.699,-87.0,668.0,1000,79.941,-67.0,937.0,1101,126.123,-66.0,750.0,846,61.805,-47.0,431.0,1024,49.858,-52.0,456.0
583,1254,116.346,-75.0,631.0,1000,81.325,-59.0,755.0,1101,123.469,-106.0,880.0,846,55.636,-47.0,427.0,1024,48.337,-34.0,374.0
584,1254,123.48,-90.0,726.0,1000,77.894,-55.0,1098.0,1101,119.92,-67.0,728.0,846,57.054,-53.0,396.0,1024,52.092,-32.0,391.0
585,1254,119.409,-82.0,711.0,1000,71.422,-58.0,842.0,1101,128.098,-90.0,801.0,846,60.3,-50.0,439.0,1024,47.834,-36.0,555.0
586,1254,121.727,-63.0,768.0,1000,80.036,-73.0,854.0,1101,124.095,-77.0,726.0,846,60.773,-49.0,416.0,1024,49.071,-45.0,405.0
587,1254,117.238,-74.0,655.0,1000,81.536,-61.0,771.0,1101,123.63,-44.0,920.0,846,59.861,-51.0,421.0,1024,45.383,-41.0,367.0
588,1254,121.042,-89.0,653.0,1000,77.485,-55.0,850.0,1101,128.559,-110.0,743.0,846,58.956,-53.0,412.0,1024,57.422,-44.0,508.0
589,1254,116.373,-96.0,679.0,1000,79.407,-103.0,928.0,1101,117.01,-81.0,785.0,846,58.125,-54.0,417.0,1024,50.228,-45.0,582.0
590,1254,117.154,-58.0,784.0,1000,80.203,-65.0,886.0,1101,122.125,-77.0,828.0,846,61.019,-56.0,534.0,1024,49.683,-55.0,414.0
591,1254,113.718,-66.0,694.0,1000,80.568,-61.0,879.0,1101,126.331,-78.0,743.0,846,60.48,-56.0,479.0,1024,49.997,-47.0,421.0
592,1254,115.952,-82.0,686.0,1000,79.133,-41.0,866.0,1101,119.802,-58.0,784.0,846,65.507,-58.0,539.0,1024,51.894,-48.0,530.0
593,1254,115.366,-90.0,697.0,1000,77.164,-54.0,964.0,1101,121.267,-71.0,930.0,846,56.433,-45.0,396.0,1024,46.612,-68.0,449.0
594,1254,117.124,-123.0,773.0,1000,76.558,-70.0,937.0,1101,120.396,-70.0,828.0,846,57.541,-49.0,497.0,1024,51.098,-66.0,407.0
595,1254,115.075,-102.0,653.0,1000,82.734,-81.0,865.0,1101,118.114,-75.0,772.0,846,58.187,-45.0,493.0,1024,48.003,-51.0,503.0
596,1254,119.225,-76.0,744.0,1000,78.901,-55.0,996.0,1101,127.381,-63.0,803.0,846,54.745,-61.0,583.0,1024,48.284,-45.0,368.0
597,1254,110.961,-122.0,714.0,1000,86.264,-65.0,950.0,1101,120.264,-62.0,857.0,846,52.905,-49.0,516.0,1024,49.092,-48.0,408.0
598,1254,117.962,-81.0,797.0,1000,72.684,-58.0,660.0,1101,121.399,-84.0,994.0,846,60.415,-59.0,405.0,1024,51.542,-43.0,422.0
599,1254,114.967,-76.0,639.0,1000,76.113,-66.0,851.0,1101,124.882,-86.0,660.0,846,57.26,-58.0,505.0,1024,46.86,-46.0,420.0
600,1254,116.063,-102.0,706.0,1000,81.215,-65.0,673.0,1101,118.887,-75.0,807.0,846,54.481,-37.0,467.0,1024,46.499,-39.0,322.0
601,1254,119.411,-82.0,860.0,1000,83.002,-84.0,899.0,1101,115.348,-66.0,811.0,846,59.316,-47.0,538.0,1024,53.17,-48.0,448.0
602,1254,108.128,-66.0,718.0,1000,85.427,-70.0,782.0,1101,122.526,-76.0,820.0,846,55.773,-45.0,401.0,1024,50.349,-47.0,539.0
603,1254,113.509,-85.0,750.0,1000,76.326,-68.0,849.0,1101,118.377,-112.0,748.0,846,55.91,-53.0,476.0,1024,54.676,-56.0,503.0
604,1254,109.875,-96.0,705.0,1000,74.244,-79.0,881.0,1101,126.555,-67.0,772.0,846,62.861,-64.0,543.0,1024,50.306,-77.0,407.0
605,1254,109.915,-89.0,700.0,1000,80.436,-56.0,714.0,1101,122.984,-50.0,791.0,846,57.996,-55.0,456.0,1024,46.794,-34.0,392.0
606,1254,109.648,-98.0,697.0,1000,75.771,-66.0,747.0,1101,121.028,-48.0,880.0,846,58.112,-49.0,490.0,1024,48.07,-43.0,451.0
607,1254,118.537,-79.0,810.0,1000,77.76,-81.0,760.0,1101,122.882,-68.0,735.0,846,56.879,-51.0,450.0,1024,49.533,-57.0,389.0
608,1254,109.029,-67.0,678.0,1000,81.38,-100.0,927.0,1101,118.866,-53.0,811.0,846,60.762,-40.0,582.0,1024,49.721,-43.0,500.0
609,1254,108.025,-90.0,556.0,1000,83.667,-60.0,777.0,1101,127.186,-74.0,739.0,846,56.44,-45.0,475.0,1024,49.371,-38.0,564.0
610,1254,110.494,-74.0,770.0,1000,82.419,-71.0,794.0,1101,122.422,-68.0,755.0,846,56.566,-45.0,370.0,1024,49.47,-45.0,522.0
611,1254,111.385,-68.0,631.0,1000,78.052,-80.0,1058.0,1101,129.82,-59.0,878.0,846,61.155,-51.0,687.0,1024,45.78,-54.0,360.0
612,1254,118.018,-86.0,675.0,1000,84.09,-55.0,885.0,1101,123.742,-87.0,752.0,846,58.317,-53.0,408.0,1024,49.995,-57.0,471.0
613,1254,114.414,-89.0,803.0,1000,81.569,-68.0,932.0,1101,121.47,-79.0,728.0,846,59.953,-46.0,415.0,1024,49.376,-46.0,388.0
614,1254,118.421,-89.0,802.0,1000,77.117,-71.0,786.0,1101,121.099,-77.0,808.0,846,53.758,-47.0,396.0,1024,47.817,-46.0,542.0
615,1254,108.888,-89.0,566.0,1000,76.413,-51.0,699.0,1101,123.957,-89.0,687.0,846,54.371,-58.0,509.0,1024,49.689,-39.0,519.0
616,1254,111.407,-69.0,759.0,1000,80.133,-78.0,885.0,1101,116.766,-77.0,798.0,846,52.728,-46.0,444.0,1024,50.582,-49.0,413.0
617,1254,115.522,-90.0,681.0,1000,78.779,-94.0,801.0,1101,113.149,-105.0,850.0,846,52.226,-49.0,402.0,1024,48.299,-42.0,409.0
618,1254,115.782,-87.0,856.0,1000,76.045,-90.0,873.0,1101,115.209,-96.0,818.0,846,57.832,-44.0,550.0,1024,48.836,-45.0,416.0
619,1254,116.533,-60.0,741.0,1000,86.417,-57.0,693.0,1101,121.297,-62.0,789.0,846,62.963,-50.0,457.0,1024,42.684,-40.0,432.0
620,1254,110.687,-70.0,631.0,1000,77.547,-62.0,862.0,1101,118.732,-73.0,747.0,846,59.853,-41.0,449.0,1024,52.663,-95.0,583.0
621,1254,118.54,-85.0,792.0,1000,79.188,-47.0,823.0,1101,119.473,-68.0,786.0,846,56.021,-42.0,403.0,1024,47.142,-62.0,530.0
622,1254,117.93,-96.0,757.0,1000,79.213,-56.0,782.0,1101,126.624,-63.0,945.0,846,57.15,-59.0,417.0,1024,50.438,-57.0,483.0
623,1254,115.311,-88.0,691.0,1000,79.871,-76.0,871.0,1101,126.041,-67.0,944.0,846,61.364,-49.0,509.0,1024,49.582,-39.0,366.0
624,1254,110.315,-85.0,778.0,1000,80.735,-49.0,911.0,1101,121.17,-75.0,826.0,846,56.177,-44.0,521.0,1024,49.265,-33.0,414.0
625,1254,118.07,-64.0,639.0,1000,73.065,-64.0,1025.0,1101,131.243,-57.0,749.0,846,51.202,-47.0,372.0,1024,49.108,-56.0,525.0
626,1254,112.544,-89.0,628.0,1000,79.832,-62.0,895.0,1101,121.242,-79.0,854.0,846,60.314,-39.0,526.0,1024,50.105,-45.0,385.0
627,1254,113.596,-66.0,779.0,1000,81.308,-49.0,677.0,1101,116.695,-86.0,760.0,846,58.561,-43.0,467.0,1024,48.392,-34.0,381.0
628,1254,112.337,-103.0,637.0,1000,81.425,-54.0,781.0,1101,122.287,-59.0,844.0,846,55.931,-35.0,443.0,1024,49.887,-46.0,459.0
629,1254,115.984,-94.0,701.0,1000,80.546,-53.0,653.0,1101,121.543,-63.0,743.0,846,52.838,-45.0,438.0,1024,49.084,-39.0,537.0
630,1254,115.942,-82.0,782.0,1000,76.431,-57.0,862.0,1101,128.629,-100.0,744.0,846,61.182,-64.0,428.0,1024,47.979,-35.0,407.0
631,1254,109.644,-89.0,850.0,1000,82.01,-70.0,802.0,1101,121.954,-99.0,788.0,846,58.131,-57.0,394.0,1024,49.13,-44.0,416.0
632,1254,118.632,-84.0,635.0,1000,82.862,-48.0,693.0,1101,121.737,-74.0,806.0,846,56.067,-42.0,398.0,1024,46.305,-41.0,408.0
633,1254,116.245,-89.0,606.0,1000,76.421,-49.0,793.0,1101,121.162,-81.0,763.0,846,58.165,-53.0,394.0,1024,45.362,-45.0,563.0
634,1254,111.963,-90.0,510.0,1000,81.535,-75.0,822.0,1101,119.998,-77.0,842.0,846,53.278,-46.0,362.0,1024,49.521,-54.0,510.0
635,1254,113.283,-72.0,639.0,1000,78.38,-63.0,1027.0,1101,122.674,-80.0,809.0,846,62.572,-62.0,427.0,1024,49.611,-34.0,456.0
636,1254,118.222,-69.0,690.0,1000,83.248,-74.0,826.0,1101,132.005,-100.0,811.0,846,59.246,-41.0,421.0,1024,45.379,-50.0,481.0
637,1254,119.397,-84.0,875.0,1000,79.608,-46.0,862.0,1101,128.421,-85.0,906.0,846,58.281,-57.0,460.0,1024,47.623,-50.0,394.0
638,1254,113.991,-80.0,724.0,1000,79.656,-56.0,959.0,1101,120.305,-94.0,783.0,846,62.105,-32.0,593.0,1024,49.527,-50.0,481.0
639,1254,118.156,-65.0,714.0,1000,75.791,-63.0,854.0,1101,123.421,-83.0,900.0,846,53.87,-35.0,382.0,1024,48.045,-33.0,398.0
640,1254,123.735,-78.0,825.0,1000,82.407,-73.0,791.0,1101,128.105,-75.0,739.0,846,55.167,-79.0,524.0,1024,45.737,-40.0,355.0
641,1254,115.526,-88.0,764.0,1000,78.965,-62.0,641.0,1101,122.273,-98.0,803.0,846,48.032,-32.0,353.0,1024,48.392,-33.0,474.0
642,1254,115.805,-76.0,714.0,1000,79.233,-48.0,755.0,1101,123.925,-75.0,819.0,846,60.175,-35.0,440.0,1024,50.753,-44.0,577.0
643,1254,111.022,-59.0,870.0,1000,77.622,-59.0,814.0,1101,121.81,-80.0,770.0,846,61.03,-39.0,458.0,1024,53.462,-44.0,397.0
644,1254,116.52,-91.0,717.0,1000,79.148,-72.0,621.0,1101,125.533,-59.0,725.0,846,56.141,-38.0,391.0,1024,50.465,-38.0,374.0
645,1254,114.03,-69.0,640.0,1000,70.926,-42.0,693.0,1101,123.607,-72.0,866.0,846,55.008,-60.0,598.0,1024,49.01,-44.0,424.0
646,1254,113.928,-68.0,788.0,1000,83.093,-59.0,756.0,1101,127.606,-66.0,848.0,846,54.777,-57.0,508.0,1024,51.001,-82.0,524.0
647,1254,119.095,-131.0,728.0,1000,77.818,-72.0,812.0,1101,117.438,-73.0,745.0,846,54.755,-46.0,548.0,1024,54.208,-44.0,440.0
648,1254,114.917,-79.0,771.0,1000,76.82,-54.0,737.0,1101,121.51,-69.0,981.0,846,61.242,-40.0,413.0,1024,51.812,-35.0,463.0
649,1254,113.426,-75.0,658.0,1000,80.799,-66.0,941.0,1101,117.399,-55.0,885.0,846,52.822,-43.0,390.0,1024,50.48,-31.0,414.0
650,1254,113.266,-76.0,1046.0,1000,80.21,-52.0,781.0,1101,125.372,-67.0,963.0,846,56.323,-52.0,417.0,1024,49.452,-44.0,426.0
651,1254,114.322,-82.0,783.0,1000,77.797,-49.0,990.0,1101,125.317,-97.0,814.0,846,60.907,-47.0,432.0,1024,52.94,-64.0,441.0
652,1254,117.663,-103.0,695.0,1000,72.442,-82.0,765.0,1101,124.132,-69.0,742.0,846,56.213,-44.0,470.0,1024,50.838,-41.0,508.0
653,1254,111.855,-88.0,868.0,1000,79.031,-55.0,840.0,1101,118.46,-68.0,940.0,846,54.418,-54.0,373.0,1024,51.605,-59.0,474.0
654,1254,115.063,-97.0,873.0,1000,74.48,-80.0,690.0,1101,116.936,-105.0,849.0,846,58.702,-57.0,441.0,1024,50.109,-37.0,380.0
655,1254,112.812,-82.0,763.0,1000,76.031,-50.0,892.0,1101,115.603,-82.0,802.0,846,60.994,-51.0,433.0,1024,55.583,-35.0,442.0
656,1254,112.842,-85.0,715.0,1000,82.665,-61.0,818.0,1101,128.029,-59.0,831.0,846,56.591,-36.0,380.0,1024,53.433,-37.0,399.0
657,1254,110.245,-108.0,1009.0,1000,83.369,-67.0,864.0,1101,126.614,-77.0,989.0,846,59.556,-50.0,435.0,1024,53.702,-43.0,524.0
658,1254,119.325,-128.0,904.0,1000,71.518,-72.0,696.0,1101,122.156,-67.0,781.0,846,58.059,-48.0,381.0,1024,52.347,-50.0,428.0
659,1254,121.577,-95.0,809.0,1000,80.224,-58.0,1004.0,1101,126.042,-74.0,798.0,846,59.129,-46.0,434.0,1024,52.793,-38.0,425.0
660,1254,114.429,-72.0,712.0,1000,78.793,-56.0,677.0,1101,130.027,-66.0,741.0,846,57.414,-36.0,488.0,1024,49.317,-38.0,426.0
661,1254,113.455,-81.0,710.0,1000,75.475,-81.0,799.0,1101,117.898,-77.0,866.0,846,57.524,-46.0,401.0,1024,49.039,-49.0,434.0
662,1254,116.234,-62.0,740.0,1000,85.568,-82.0,913.0,1101,130.787,-71.0,833.0,846,56.978,-61.0,528.0,1024,51.488,-36.0,427.0
663,1254,110.91,-102.0,839.0,1000,85.084,-64.0,864.0,1101,125.081,-56.0,950.0,846,61.216,-58.0,365.0,1024,47.661,-32.0,405.0
664,1254,113.554,-95.0,915.0,1000,85.855,-66.0,1007.0,1101,129.722,-69.0,766.0,846,56.024,-56.0,532.0,1024,48.077,-66.0,407.0
665,1254,117.778,-74.0,759.0,1000,83.951,-57.0,814.0,1101,118.146,-81.0,973.0,846,54.421,-48.0,421.0,1024,52.401,-45.0,379.0
666,1254,115.954,-93.0,866.0,1000,84.09,-72.0,736.0,1101,125.232,-78.0,754.0,846,56.788,-48.0,382.0,1024,53.295,-42.0,493.0
667,1254,113.197,-88.0,568.0,1000,84.153,-51.0,848.0,1101,122.828,-63.0,833.0,846,61.125,-33.0,455.0,1024,56.723,-56.0,423.0
668,1254,110.321,-79.0,801.0,1000,77.644,-53.0,863.0,1101,127.847,-85.0,854.0,846,52.78,-44.0,412.0,1024,52.172,-52.0,435.0
669,1254,110.927,-95.0,619.0,1000,77.895,-79.0,847.0,1101,121.247,-88.0,845.0,846,59.904,-55.0,570.0,1024,52.303,-46.0,523.0
670,1254,118.805,-82.0,669.0,1000,78.125,-63.0,965.0,1101,128.385,-107.0,838.0,846,57.037,-41.0,547.0,1024,51.253,-37.0,445.0
671,1254,114.045,-66.0,816.0,1000,77.592,-72.0,905.0,1101,127.607,-111.0,794.0,846,60.209,-79.0,736.0,1024,52.129,-45.0,457.0
672,1254,112.307,-81.0,917.0,1000,75.296,-57.0,959.0,1101,112.735,-56.0,931.0,846,54.694,-42.0,403.0,1024,52.67,-59.0,562.0
673,1254,111.909,-95.0,750.0,1000,79.387,-65.0,741.0,1101,128.471,-66.0,889.0,846,56.792,-52.0,478.0,1024,56.255,-40.0,579.0
674,1254,117.022,-90.0,746.0,1000,83.996,-71.0,739.0,1101,126.465,-85.0,791.0,846,65.616,-71.0,640.0,1024,64.403,-50.0,507.0
675,1254,132.91,-75.0,843.0,1000,102.809,-79.0,1009.0,1101,157.247,-90.0,1063.0,846,93.721,-65.0,762.0,1024,79.822,-52.0,489.0
676,1254,135.47,-62.0,855.0,1000,102.272,-63.0,877.0,1101,161.699,-68.0,857.0,846,97.056,-61.0,634.0,1024,81.171,-55.0,527.0
677,1254,140.842,-84.0,661.0,1000,103.496,-61.0,948.0,1101,153.956,-71.0,882.0,846,100.494,-37.0,575.0,1024,75.885,-55.0,588.0
678,1254,133.825,-101.0,862.0,1000,105.51,-77.0,879.0,1101,141.976,-65.0,772.0,846,95.774,-57.0,494.0,1024,83.23,-76.0,595.0
679,1254,125.687,-81.0,855.0,1000,96.395,-90.0,878.0,1101,130.045,-77.0,794.0,846,94.799,-38.0,555.0,1024,78.701,-71.0,667.0
680,1254,129.679,-84.0,767.0,1000,87.225,-71.0,1051.0,1101,136.151,-68.0,861.0,846,85.35,-44.0,577.0,1024,73.331,-38.0,525.0
681,1254,121.944,-86.0,738.0,1000,89.163,-92.0,781.0,1101,129.577,-107.0,776.0,846,80.531,-70.0,530.0,1024,67.184,-36.0,625.0
682,1254,122.998,-95.0,662.0,1000,93.699,-66.0,915.0,1101,126.129,-46.0,772.0,846,74.035,-35.0,455.0,1024,73.661,-64.0,487.0
683,1254,113.459,-97.0,611.0,1000,86.66,-66.0,852.0,1101,131.597,-95.0,844.0,846,71.577,-41.0,485.0,1024,64.376,-32.0,396.0
684,1254,123.051,-80.0,633.0,1000,87.494,-68.0,801.0,1101,127.764,-74.0,871.0,846,68.908,-43.0,456.0,1024,69.431,-68.0,544.0
685,1254,118.486,-73.0,796.0,1000,86.983,-59.0,752.0,1101,129.758,-81.0,888.0,846,63.554,-37.0,389.0,1024,66.176,-47.0,416.0
686,1254,114.506,-66.0,675.0,1000,85.757,-108.0,844.0,1101,129.76,-83.0,804.0,846,69.509,-47.0,556.0,1024,66.998,-71.0,708.0
687,1254,117.601,-87.0,901.0,1000,85.102,-73.0,891.0,1101,125.148,-59.0,742.0,846,63.825,-42.0,424.0,1024,60.494,-55.0,488.0
688,1254,117.171,-77.0,743.0,1000,86.446,-53.0,831.0,1101,129.261,-67.0,819.0,846,64.495,-54.0,685.0,1024,59.409,-46.0,404.0
689,1254,117.369,-94.0,688.0,1000,84.637,-68.0,925.0,1101,122.218,-103.0,827.0,846,63.693,-37.0,503.0,1024,62.739,-58.0,547.0
690,1254,120.459,-72.0,744.0,1000,76.4,-57.0,780.0,1101,122.034,-99.0,690.0,846,64.89,-44.0,416.0,1024,59.688,-69.0,635.0
691,1254,115.329,-115.0,754.0,1000,78.103,-56.0,845.0,1101,123.66,-73.0,804.0,846,59.505,-38.0,418.0,1024,64.462,-45.0,428.0
692,1254,120.585,-112.0,742.0,1000,84.404,-55.0,850.0,1101,122.736,-120.0,954.0,846,66.621,-51.0,462.0,1024,56.206,-43.0,417.0
693,1254,116.986,-104.0,629.0,1000,75.346,-45.0,891.0,1101,130.275,-70.0,771.0,846,60.067,-41.0,399.0,1024,56.481,-33.0,561.0
694,1254,111.73,-77.0,581.0,1000,80.744,-77.0,793.0,1101,127.015,-66.0,782.0,846,63.085,-44.0,536.0,1024,59.792,-43.0,483.0
695,1254,109.154,-87.0,639.0,1000,84.931,-80.0,937.0,1101,122.282,-78.0,638.0,846,62.784,-52.0,507.0,1024,57.376,-39.0,384.0
696,1254,114.549,-90.0,702.0,1000,80.638,-59.0,915.0,1101,119.173,-63.0,794.0,846,64.548,-88.0,524.0,1024,59.404,-59.0,493.0
697,1254,115.554,-68.0,572.0,1000,80.243,-56.0,898.0,1101,120.548,-77.0,825.0,846,65.462,-65.0,470.0,1024,53.925,-34.0,342.0
698,1254,114.645,-93.0,721.0,1000,79.848,-51.0,787.0,1101,119.426,-75.0,953.0,846,60.053,-44.0,523.0,1024,57.015,-35.0,401.0
699,1254,111.522,-70.0,744.0,1000,84.476,-68.0,782.0,1101,129.201,-70.0,803.0,846,60.923,-62.0,498.0,1024,54.766,-43.0,466.0
700,1254,114.01,-83.0,796.0,1000,75.98,-70.0,700.0,1101,125.582,-85.0,922.0,846,58.422,-59.0,454.0,1024,56.846,-35.0,480.0
701,1254,123.659,-68.0,719.0,1000,79.414,-74.0,805.0,1101,129.749,-67.0,1036.0,846,64.551,-72.0,504.0,1024,55.435,-34.0,400.0
702,1254,114.935,-118.0,804.0,1000,76.362,-73.0,697.0,1101,126.919,-65.0,864.0,846,57.947,-45.0,379.0,1024,55.634,-52.0,460.0
703,1254,110.766,-73.0,777.0,1000,75.852,-89.0,900.0,1101,130.24,-79.0,802.0,846,57.936,-42.0,548.0,1024,52.246,-52.0,439.0
704,1254,114.664,-81.0,706.0,1000,87.814,-70.0,921.0,1101,117.702,-84.0,852.0,846,62.817,-48.0,412.0,1024,49.924,-49.0,372.0
705,1254,122.188,-82.0,857.0,1000,83.601,-72.0,867.0,1101,129.056,-94.0,760.0,846,55.73,-31.0,348.0,1024,49.224,-36.0,491.0
706,1254,117.316,-96.0,697.0,1000,83.068,-76.0,1066.0,1101,119.621,-56.0,878.0,846,58.207,-61.0,557.0,1024,48.509,-33.0,435.0
707,1254,110.872,-101.0,639.0,1000,81.401,-65.0,1050.0,1101,120.042,-82.0,980.0,846,56.384,-47.0,698.0,1024,51.59,-51.0,598.0
708,1254,114.461,-90.0,778.0,1000,77.694,-54.0,1005.0,1101,124.4,-77.0,757.0,846,62.226,-42.0,460.0,1024,56.966,-54.0,487.0
709,1254,114.608,-103.0,709.0,1000,82.779,-62.0,813.0,1101,131.421,-75.0,795.0,846,60.364,-86.0,675.0,1024,53.192,-45.0,424.0
710,1254,111.866,-98.0,500.0,1000,79.72,-73.0,989.0,1101,120.467,-48.0,781.0,846,60.022,-46.0,493.0,1024,53.917,-34.0,514.0
711,1254,108.628,-99.0,776.0,1000,74.592,-49.0,797.0,1101,125.906,-52.0,857.0,846,60.139,-52.0,472.0,1024,52.302,-39.0,652.0
712,1254,117.36,-98.0,848.0,1000,82.167,-67.0,841.0,1101,120.697,-55.0,698.0,846,62.91,-51.0,383.0,1024,50.787,-42.0,452.0
713,1254,117.848,-97.0,691.0,1000,80.64,-66.0,1059.0,1101,121.438,-90.0,815.0,846,57.37,-34.0,398.0,1024,56.866,-50.0,546.0
714,1254,116.143,-140.0,766.0,1000,73.193,-41.0,728.0,1101,124.016,-65.0,828.0,846,59.121,-41.0,414.0,1024,55.968,-49.0,425.0
715,1254,117.612,-88.0,683.0,1000,79.616,-73.0,682.0,1101,126.357,-59.0,827.0,846,56.544,-43.0,382.0,1024,56.384,-35.0,394.0
716,1254,117.036,-113.0,858.0,1000,75.49,-63.0,694.0,1101,122.916,-63.0,837.0,846,54.031,-48.0,513.0,1024,57.081,-40.0,613.0
717,1254,116.443,-68.0,780.0,1000,77.953,-78.0,955.0,1101,127.514,-69.0,803.0,846,64.465,-53.0,452.0,1024,56.245,-38.0,482.0
718,1254,117.286,-95.0,691.0,1000,76.546,-61.0,729.0,1101,124.285,-69.0,812.0,846,62.027,-38.0,456.0,1024,52.488,-46.0,518.0
719,1254,113.763,-98.0,764.0,1000,83.101,-80.0,779.0,1101,128.7,-65.0,947.0,846,58.716,-44.0,426.0,1024,52.054,-45.0,379.0
720,1254,108.21,-94.0,586.0,1000,81.389,-81.0,850.0,1101,130.292,-64.0,795.0,846,57.428,-52.0,430.0,1024,51.958,-44.0,516.0
721,1254,115.467,-91.0,855.0,1000,75.94,-42.0,923.0,1101,125.135,-80.0,809.0,846,65.643,-56.0,434.0,1024,52.841,-48.0,427.0
722,1254,114.152,-84.0,692.0,1000,80.079,-63.0,889.0,1101,128.725,-60.0,737.0,846,62.9,-33.0,618.0,1024,51.164,-54.0,549.0
723,1254,114.116,-110.0,669.0,1000,81.827,-67.0,929.0,1101,120.605,-70.0,790.0,846,55.415,-41.0,539.0,1024,50.702,-50.0,372.0
724,1254,115.215,-96.0,816.0,1000,80.047,-58.0,945.0,1101,128.842,-74.0,830.0,846,63.064,-33.0,466.0,1024,52.38,-49.0,453.0
725,1254,115.601,-77.0,893.0,1000,80.135,-59.0,959.0,1101,126.522,-66.0,816.0,846,59.696,-68.0,662.0,1024,50.925,-40.0,399.0
726,1254,115.826,-80.0,684.0,1000,80.437,-69.0,840.0,1101,124.527,-72.0,755.0,846,56.187,-40.0,506.0,1024,50.418,-37.0,453.0
727,1254,117.604,-114.0,690.0,1000,81.833,-61.0,759.0,1101,126.996,-80.0,850.0,846,60.77,-39.0,618.0,1024,50.517,-50.0,416.0
728,1254,113.144,-95.0,669.0,1000,84.93,-90.0,971.0,1101,124.76,-52.0,807.0,846,60.947,-57.0,532.0,1024,50.81,-39.0,375.0
729,1254,112.713,-60.0,623.0,1000,83.616,-71.0,747.0,1101,120.023,-71.0,853.0,846,63.965,-59.0,516.0,1024,50.247,-40.0,433.0
730,1254,115.876,-61.0,818.0,1000,80.298,-64.0,821.0,1101,123.804,-70.0,793.0,846,61.232,-56.0,557.0,1024,52.776,-52.0,556.0
731,1254,114.584,-61.0,668.0,1000,81.163,-62.0,689.0,1101,127.263,-89.0,783.0,846,59.813,-49.0,476.0,1024,48.964,-38.0,381.0
732,1254,114.967,-73.0,780.0,1000,81.054,-88.0,839.0,1101,120.52,-82.0,868.0,846,59.598,-44.0,426.0,1024,45.756,-49.0,416.0
733,1254,121.4,-80.0,806.0,1000,80.423,-73.0,919.0,1101,118.095,-58.0,1009.0,846,56.239,-43.0,420.0,1024,50.662,-64.0,556.0
734,1254,114.435,-75.0,824.0,1000,84.537,-89.0,928.0,1101,114.187,-58.0,846.0,846,57.401,-29.0,431.0,1024,47.917,-38.0,386.0
735,1254,115.723,-74.0,942.0,1000,81.007,-45.0,774.0,1101,124.46,-64.0,977.0,846,60.429,-32.0,464.0,1024,48.895,-35.0,394.0
736,1254,113.999,-98.0,662.0,1000,79.926,-60.0,655.0,1101,124.817,-61.0,656.0,846,59.145,-33.0,513.0,1024,46.169,-49.0,513.0
737,1254,118.334,-65.0,784.0,1000,77.142,-74.0,879.0,1101,120.391,-62.0,907.0,846,58.408,-32.0,483.0,1024,47.347,-46.0,461.0
738,1254,113.44,-89.0,856.0,1000,81.312,-51.0,779.0,1101,112.558,-84.0,801.0,846,62.175,-70.0,575.0,1024,50.258,-59.0,460.0
739,1254,110.821,-77.0,779.0,1000,76.903,-70.0,904.0,1101,114.785,-67.0,973.0,846,58.597,-45.0,596.0,1024,45.1,-29.0,410.0
740,1254,110.075,-97.0,767.0,1000,80.245,-56.0,1167.0,1101,121.688,-64.0,806.0,846,60.703,-47.0,511.0,1024,49.77,-43.0,381.0
741,1254,110.955,-79.0,695.0,1000,77.575,-63.0,913.0,1101,128.795,-88.0,798.0,846,57.512,-41.0,379.0,1024,50.796,-35.0,640.0
742,1254,118.355,-79.0,757.0,1000,85.547,-91.0,893.0,1101,117.598,-82.0,903.0,846,59.013,-50.0,581.0,1024,46.726,-49.0,408.0
743,1254,113.696,-111.0,645.0,1000,80.286,-57.0,833.0,1101,120.237,-115.0,895.0,846,61.931,-57.0,649.0,1024,48.28,-29.0,366.0
744,1254,113.313,-83.0,658.0,1000,80.266,-68.0,744.0,1101,125.173,-69.0,845.0,846,58.988,-71.0,628.0,1024,49.34,-52.0,517.0
745,1254,116.969,-71.0,635.0,1000,78.148,-71.0,804.0,1101,126.174,-66.0,835.0,846,56.518,-71.0,520.0,1024,49.771,-36.0,376.0
746,1254,119.108,-108.0,770.0,1000,74.657,-49.0,782.0,1101,119.359,-77.0,899.0,846,56.632,-50.0,557.0,1024,48.373,-49.0,474.0
747,1254,118.195,-79.0,707.0,1000,79.999,-66.0,925.0,1101,125.848,-75.0,713.0,846,59.512,-41.0,443.0,1024,49.202,-29.0,543.0
748,1254,118.208,-132.0,694.0,1000,79.651,-71.0,707.0,1101,124.256,-64.0,766.0,846,59.982,-45.0,583.0,1024,52.103,-53.0,464.0
749,1254,115.96,-55.0,808.0,1000,85.805,-63.0,866.0,1101,128.533,-57.0,740.0,846,63.37,-43.0,496.0,1024,50.958,-58.0,485.0
750,1254,120.92,-65.0,834.0,1000,86.057,-56.0,1084.0,1101,126.89,-93.0,846.0,846,58.864,-30.0,404.0,1024,49.677,-48.0,555.0
751,1254,115.234,-102.0,611.0,1000,85.902,-83.0,984.0,1101,119.494,-72.0,893.0,846,60.674,-35.0,567.0,1024,54.022,-51.0,552.0
752,1254,114.3,-118.0,804.0,1000,81.726,-79.0,1039.0,1101,127.776,-61.0,800.0,846,63.651,-65.0,540.0,1024,53.382,-54.0,396.0
753,1254,112.467,-99.0,768.0,1000,79.863,-55.0,904.0,1101,126.565,-61.0,858.0,846,59.585,-44.0,409.0,1024,47.79,-69.0,442.0
754,1254,116.874,-76.0,790.0,1000,80.145,-59.0,887.0,1101,122.248,-74.0,780.0,846,58.928,-46.0,549.0,1024,45.762,-52.0,506.0
755,1254,110.036,-107.0,758.0,1000,79.428,-53.0,762.0,1101,124.903,-75.0,843.0,846,62.278,-45.0,517.0,1024,48.413,-49.0,393.0
756,1254,113.849,-75.0,755.0,1000,76.552,-62.0,847.0,1101,128.783,-73.0,868.0,846,62.91,-54.0,462.0,1024,49.594,-44.0,536.0
757,1254,115.923,-75.0,757.0,1000,81.408,-41.0,885.0,1101,115.277,-65.0,864.0,846,61.041,-39.0,507.0,1024,49.397,-45.0,397.0
758,1254,117.186,-81.0,679.0,1000,80.869,-48.0,829.0,1101,120.381,-78.0,739.0,846,59.839,-56.0,563.0,1024,51.832,-58.0,468.0
759,1254,113.586,-99.0,802.0,1000,77.804,-84.0,653.0,1101,125.488,-54.0,928.0,846,61.93,-37.0,423.0,1024,50.159,-48.0,415.0
760,1254,118.462,-109.0,624.0,1000,81.701,-65.0,941.0,1101,122.355,-77.0,752.0,846,60.207,-42.0,516.0,1024,50.301,-36.0,422.0
761,1254,109.215,-69.0,699.0,1000,80.622,-55.0,929.0,1101,122.222,-74.0,961.0,846,55.522,-38.0,367.0,1024,48.448,-52.0,553.0
762,1254,111.199,-115.0,869.0,1000,80.955,-74.0,682.0,1101,125.04,-76.0,800.0,846,61.779,-50.0,469.0,1024,50.861,-41.0,373.0
763,1254,111.279,-118.0,715.0,1000,77.379,-52.0,779.0,1101,126.649,-73.0,768.0,846,56.739,-50.0,412.0,1024,48.392,-75.0,450.0
764,1254,115.156,-82.0,858.0,1000,78.457,-72.0,607.0,1101,125.193,-71.0,874.0,846,61.251,-39.0,432.0,1024,52.379,-45.0,399.0
765,1254,113.024,-80.0,761.0,1000,82.957,-95.0,803.0,1101,124.84,-48.0,787.0,846,55.584,-50.0,573.0,1024,53.552,-42.0,428.0
766,1254,118.313,-104.0,669.0,1000,78.694,-58.0,916.0,1101,128.242,-76.0,805.0,846,57.726,-41.0,414.0,1024,55.179,-53.0,407.0
767,1254,118.037,-79.0,802.0,1000,77.776,-65.0,831.0,1101,136.893,-67.0,761.0,846,59.268,-34.0,636.0,1024,51.69,-51.0,451.0
768,1254,121.099,-102.0,983.0,1000,79.852,-66.0,836.0,1101,131.879,-129.0,787.0,846,56.853,-45.0,389.0,1024,54.597,-50.0,564.0
769,1254,115.338,-85.0,655.0,1000,92.257,-72.0,940.0,1101,131.338,-76.0,877.0,846,53.669,-44.0,409.0,1024,55.33,-51.0,371.0
770,1254,119.297,-80.0,798.0,1000,81.14,-51.0,737.0,1101,121.752,-59.0,832.0,846,58.281,-59.0,374.0,1024,53.273,-71.0,455.0
771,1254,120.157,-92.0,694.0,1000,75.715,-55.0,988.0,1101,129.015,-54.0,942.0,846,60.955,-54.0,542.0,1024,50.175,-44.0,332.0
772,1254,116.656,-92.0,726.0,1000,80.759,-55.0,861.0,1101,120.961,-61.0,788.0,846,63.009,-54.0,409.0,1024,50.07,-49.0,481.0
773,1254,119.062,-68.0,865.0,1000,80.714,-93.0,823.0,1101,127.544,-60.0,961.0,846,56.498,-57.0,393.0,1024,49.782,-55.0,408.0
774,1254,124.687,-91.0,720.0,1000,84.388,-69.0,951.0,1101,125.949,-64.0,764.0,846,59.496,-39.0,446.0,1024,47.119,-58.0,531.0
775,1254,109.377,-71.0,635.0,1000,77.643,-77.0,786.0,1101,126.613,-88.0,818.0,846,56.5,-62.0,491.0,1024,49.787,-83.0,323.0
776,1254,109.813,-72.0,626.0,1000,79.796,-57.0,890.0,1101,128.153,-84.0,780.0,846,57.401,-41.0,439.0,1024,47.578,-35.0,590.0
777,1254,113.415,-96.0,611.0,1000,81.387,-56.0,848.0,1101,125.421,-77.0,1004.0,846,56.485,-61.0,461.0,1024,47.371,-47.0,532.0
778,1254,118.223,-95.0,887.0,1000,80.112,-69.0,999.0,1101,114.428,-59.0,799.0,846,56.684,-41.0,425.0,1024,50.801,-55.0,385.0
779,1254,112.923,-83.0,808.0,1000,81.022,-56.0,785.0,1101,122.543,-93.0,907.0,846,58.755,-39.0,493.0,1024,54.305,-72.0,438.0
780,1254,114.969,-87.0,644.0,1000,84.071,-48.0,815.0,1101,127.178,-58.0,897.0,846,59.155,-42.0,497.0,1024,52.362,-47.0,335.0
781,1254,113.632,-107.0,771.0,1000,77.022,-63.0,795.0,1101,121.429,-74.0,879.0,846,58.709,-85.0,603.0,1024,47.697,-50.0,389.0
782,1254,116.565,-61.0,803.0,1000,78.118,-60.0,875.0,1101,120.292,-67.0,792.0,846,61.507,-64.0,451.0,1024,53.068,-70.0,375.0
783,1254,117.086,-115.0,954.0,1000,78.897,-54.0,683.0,1101,117.308,-83.0,900.0,846,57.774,-50.0,366.0,1024,47.581,-64.0,381.0
784,1254,114.589,-91.0,758.0,1000,80.699,-84.0,778.0,1101,122.357,-74.0,831.0,846,63.206,-42.0,344.0,1024,52.731,-68.0,469.0
785,1254,114.583,-81.0,558.0,1000,80.521,-48.0,773.0,1101,120.458,-58.0,737.0,846,58.742,-44.0,409.0,1024,51.429,-61.0,471.0
786,1254,116.829,-119.0,843.0,1000,79.794,-51.0,715.0,1101,118.475,-48.0,821.0,846,61.285,-53.0,433.0,1024,47.446,-48.0,358.0
787,1254,111.525,-94.0,739.0,1000,81.208,-73.0,809.0,1101,120.546,-67.0,778.0,846,57.944,-61.0,535.0,1024,53.2,-64.0,530.0
788,1254,118.076,-100.0,930.0,1000,81.078,-56.0,735.0,1101,127.481,-62.0,879.0,846,57.13,-34.0,408.0,1024,52.954,-65.0,537.0
789,1254,112.837,-93.0,679.0,1000,77.755,-72.0,849.0,1101,122.183,-71.0,849.0,846,54.002,-48.0,372.0,1024,46.662,-58.0,482.0
790,1254,117.744,-68.0,662.0,1000,82.111,-53.0,703.0,1101,124.208,-75.0,733.0,846,65.781,-79.0,437.0,1024,50.316,-50.0,428.0
791,1254,110.931,-142.0,783.0,1000,82.777,-42.0,1174.0,1101,125.843,-65.0,1031.0,846,61.727,-64.0,447.0,1024,47.415,-52.0,441.0
792,1254,118.329,-100.0,667.0,1000,79.266,-83.0,724.0,1101,112.562,-89.0,856.0,846,59.921,-59.0,515.0,1024,46.029,-52.0,354.0
793,1254,109.352,-76.0,702.0,1000,81.238,-55.0,846.0,1101,121.043,-58.0,798.0,846,60.353,-52.0,399.0,1024,47.674,-74.0,334.0
794,1254,112.164,-76.0,760.0,1000,79.406,-76.0,762.0,1101,124.694,-110.0,779.0,846,56.336,-46.0,490.0,1024,49.819,-60.0,398.0
795,1254,122.277,-86.0,856.0,1000,97.509,-52.0,808.0,1101,152.838,-93.0,936.0,846,80.024,-55.0,513.0,1024,68.114,-57.0,513.0
796,1254,140.67,-101.0,806.0,1000,106.615,-52.0,862.0,1101,159.175,-79.0,800.0,846,102.472,-82.0,515.0,1024,83.534,-68.0,515.0
797,1254,141.572,-83.0,832.0,1000,105.275,-80.0,832.0,1101,162.093,-60.0,946.0,846,99.326,-55.0,584.0,1024,79.82,-88.0,486.0
798,1254,132.157,-92.0,794.0,1000,106.664,-61.0,823.0,1101,149.725,-86.0,924.0,846,101.067,-46.0,617.0,1024,81.134,-75.0,515.0
799,1254,128.375,-75.0,674.0,1000,97.558,-49.0,800.0,1101,144.207,-74.0,784.0,846,102.826,-56.0,612.0,1024,82.397,-55.0,547.0
800,1254,128.459,-64.0,688.0,1000,95.975,-70.0,909.0,1101,138.536,-81.0,938.0,846,97.329,-57.0,535.0,1024,68.214,-77.0,414.0
801,1254,127.344,-77.0,760.0,1000,89.255,-69.0,832.0,1101,137.006,-61.0,718.0,846,80.579,-55.0,469.0,1024,69.384,-59.0,440.0
802,1254,117.281,-92.0,686.0,1000,89.417,-70.0,661.0,1101,128.628,-60.0,964.0,846,86.15,-71.0,460.0,1024,66.591,-64.0,408.0
803,1254,116.246,-79.0,654.0,1000,93.226,-72.0,877.0,1101,127.584,-58.0,884.0,846,75.41,-51.0,526.0,1024,67.766,-66.0,409.0
804,1254,123.113,-139.0,876.0,1000,89.838,-54.0,718.0,1101,125.079,-71.0,925.0,846,68.761,-75.0,442.0,1024,61.42,-76.0,410.0
805,1254,118.798,-97.0,623.0,1000,90.165,-57.0,847.0,1101,125.495,-55.0,636.0,846,69.213,-64.0,407.0,1024,65.943,-76.0,474.0
806,1254,119.653,-107.0,701.0,1000,82.681,-56.0,739.0,1101,131.979,-71.0,790.0,846,63.558,-58.0,487.0,1024,64.216,-65.0,441.0
807,1254,114.094,-87.0,651.0,1000,89.294,-48.0,759.0,1101,133.614,-73.0,917.0,846,62.297,-48.0,400.0,1024,62.33,-76.0,441.0
808,1254,121.333,-73.0,833.0,1000,91.115,-67.0,893.0,1101,122.492,-117.0,865.0,846,70.894,-63.0,411.0,1024,61.209,-72.0,376.0
809,1254,113.439,-76.0,909.0,1000,82.97,-119.0,1020.0,1101,126.801,-76.0,891.0,846,63.073,-70.0,392.0,1024,60.531,-57.0,444.0
810,1254,119.012,-79.0,714.0,1000,88.258,-73.0,992.0,1101,126.626,-78.0,757.0,846,64.933,-57.0,465.0,1024,62.26,-67.0,439.0
811,1254,119.911,-52.0,806.0,1000,77.622,-67.0,963.0,1101,125.837,-60.0,728.0,846,63.993,-56.0,421.0,1024,54.81,-68.0,450.0
812,1254,120.825,-77.0,773.0,1000,85.958,-74.0,761.0,1101,120.26,-57.0,838.0,846,60.39,-55.0,359.0,1024,54.238,-64.0,448.0
813,1254,109.906,-78.0,698.0,1000,87.144,-57.0,1039.0,1101,127.687,-94.0,886.0,846,63.656,-37.0,423.0,1024,51.925,-64.0,413.0
814,1254,118.309,-75.0,814.0,1000,85.655,-53.0,632.0,1101,129.019,-82.0,971.0,846,64.387,-49.0,397.0,1024,52.744,-70.0,423.0
815,1254,114.075,-84.0,998.0,1000,81.766,-59.0,894.0,1101,122.886,-79.0,749.0,846,62.031,-62.0,440.0,1024,57.521,-75.0,421.0
816,1254,112.778,-88.0,880.0,1000,83.545,-65.0,802.0,1101,124.936,-67.0,792.0,846,67.455,-47.0,397.0,1024,52.344,-51.0,408.0
817,1254,113.169,-78.0,630.0,1000,85.903,-70.0,779.0,1101,123.109,-110.0,887.0,846,59.181,-49.0,463.0,1024,54.51,-65.0,404.0
818,1254,115.148,-101.0,735.0,1000,81.306,-64.0,895.0,1101,128.006,-80.0,799.0,846,59.202,-49.0,423.0,1024,54.206,-70.0,415.0
819,1254,115.78,-85.0,650.0,1000,80.736,-74.0,886.0,1101,133.07,-64.0,739.0,846,62.832,-76.0,462.0,1024,51.925,-66.0,463.0
820,1254,117.884,-69.0,620.0,1000,84.327,-48.0,655.0,1101,119.814,-74.0,771.0,846,63.181,-40.0,578.0,1024,52.676,-54.0,433.0
821,1254,116.13,-97.0,775.0,1000,75.918,-60.0,762.0,1101,118.6,-86.0,765.0,846,57.933,-49.0,423.0,1024,50.098,-60.0,352.0
822,1254,115.526,-78.0,694.0,1000,82.142,-59.0,816.0,1101,118.093,-64.0,774.0,846,63.533,-63.0,480.0,1024,51.427,-67.0,391.0
823,1254,111.956,-86.0,730.0,1000,78.56,-64.0,825.0,1101,125.467,-112.0,792.0,846,56.736,-60.0,451.0,1024,50.883,-77.0,397.0
824,1254,115.211,-69.0,569.0,1000,78.381,-102.0,866.0,1101,120.781,-58.0,792.0,846,56.865,-54.0,432.0,1024,47.219,-94.0,534.0
825,1254,118.284,-85.0,899.0,1000,82.775,-47.0,808.0,1101,125.188,-134.0,882.0,846,62.853,-38.0,374.0,1024,47.994,-61.0,382.0
826,1254,116.175,-78.0,752.0,1000,85.415,-60.0,757.0,1101,117.176,-76.0,788.0,846,62.494,-60.0,647.0,1024,48.111,-61.0,337.0
827,1254,115.298,-75.0,713.0,1000,83.158,-100.0,630.0,1101,123.841,-58.0,860.0,846,59.47,-52.0,417.0,1024,48.367,-61.0,353.0
828,1254,116.181,-121.0,804.0,1000,80.788,-54.0,653.0,1101,119.243,-66.0,765.0,846,61.428,-44.0,421.0,1024,50.146,-56.0,399.0
829,1254,111.558,-94.0,601.0,1000,84.354,-64.0,823.0,1101,118.931,-79.0,855.0,846,50.95,-65.0,465.0,1024,49.035,-55.0,461.0
830,1254,110.678,-107.0,711.0,1000,81.906,-52.0,689.0,1101,127.46,-85.0,1027.0,846,59.095,-57.0,503.0,1024,48.553,-49.0,371.0
831,1254,110.166,-79.0,787.0,1000,83.06,-61.0,782.0,1101,122.16,-85.0,835.0,846,55.81,-93.0,510.0,1024,49.062,-64.0,369.0
832,1254,114.483,-51.0,800.0,1000,81.04,-63.0,642.0,1101,122.332,-61.0,828.0,846,65.472,-59.0,401.0,1024,45.712,-45.0,379.0
833,1254,113.457,-94.0,810.0,1000,80.935,-75.0,742.0,1101,127.23,-60.0,853.0,846,63.494,-62.0,455.0,1024,48.442,-38.0,409.0
834,1254,111.751,-68.0,705.0,1000,85.679,-63.0,756.0,1101,122.275,-85.0,806.0,846,58.862,-58.0,375.0,1024,50.284,-63.0,381.0
835,1254,113.142,-89.0,620.0,1000,86.042,-59.0,837.0,1101,126.505,-66.0,945.0,846,58.229,-63.0,519.0,1024,50.769,-52.0,549.0
836,1254,114.569,-84.0,632.0,1000,82.838,-74.0,724.0,1101,132.657,-68.0,834.0,846,62.719,-64.0,465.0,1024,48.007,-39.0,400.0
837,1254,113.784,-69.0,687.0,1000,81.242,-65.0,636.0,1101,120.368,-57.0,735.0,846,60.913,-62.0,422.0,1024,46.073,-68.0,366.0
838,1254,117.451,-146.0,709.0,1000,85.714,-60.0,694.0,1101,124.456,-96.0,780.0,846,57.089,-50.0,344.0,1024,44.433,-49.0,591.0
839,1254,112.402,-62.0,731.0,1000,82.262,-48.0,740.0,1101,131.231,-78.0,841.0,846,57.303,-47.0,386.0,1024,51.843,-53.0,406.0
840,1254,109.652,-93.0,639.0,1000,82.705,-61.0,778.0,1101,124.904,-74.0,813.0,846,57.217,-51.0,536.0,1024,50.281,-52.0,390.0
841,1254,112.891,-67.0,958.0,1000,83.175,-58.0,809.0,1101,119.755,-63.0,769.0,846,64.164,-69.0,449.0,1024,49.342,-51.0,353.0
842,1254,116.248,-95.0,752.0,1000,81.194,-40.0,749.0,1101,127.785,-67.0,911.0,846,61.765,-49.0,504.0,1024,41.995,-70.0,356.0
843,1254,111.583,-87.0,773.0,1000,83.119,-70.0,780.0,1101,125.92,-73.0,712.0,846,61.035,-67.0,388.0,1024,48.399,-89.0,400.0
844,1254,113.472,-77.0,778.0,1000,81.214,-57.0,737.0,1101,122.74,-78.0,811.0,846,58.082,-58.0,384.0,1024,43.601,-62.0,373.0
845,1254,117.042,-81.0,909.0,1000,81.717,-59.0,730.0,1101,114.124,-104.0,785.0,846,57.283,-45.0,385.0,1024,45.235,-57.0,372.0
846,1254,115.862,-94.0,811.0,1000,79.918,-63.0,918.0,1101,117.936,-71.0,807.0,846,63.481,-55.0,495.0,1024,46.663,-39.0,350.0
847,1254,112.12,-84.0,685.0,1000,82.644,-65.0,720.0,1101,117.829,-70.0,781.0,846,59.479,-63.0,353.0,1024,46.637,-51.0,486.0
848,1254,109.238,-70.0,721.0,1000,81.583,-60.0,734.0,1101,116.249,-87.0,763.0,846,59.271,-54.0,351.0,1024,47.499,-74.0,327.0
849,1254,117.444,-76.0,769.0,1000,78.387,-60.0,628.0,1101,120.35,-70.0,987.0,846,61.592,-49.0,461.0,1024,44.626,-46.0,365.0
850,1254,121.271,-67.0,813.0,1000,80.928,-53.0,856.0,1101,122.365,-73.0,863.0,846,62.488,-61.0,406.0,1024,43.975,-80.0,390.0
851,1254,118.38,-59.0,744.0,1000,85.1,-46.0,913.0,1101,119.376,-63.0,677.0,846,61.012,-57.0,448.0,1024,46.536,-64.0,389.0
852,1254,111.945,-70.0,714.0,1000,84.737,-87.0,800.0,1101,123.937,-74.0,755.0,846,56.629,-55.0,423.0,1024,45.628,-52.0,469.0
853,1254,115.239,-67.0,722.0,1000,80.942,-80.0,820.0,1101,122.48,-66.0,813.0,846,61.54,-69.0,507.0,1024,45.359,-45.0,287.0
854,1254,110.604,-69.0,787.0,1000,85.58,-63.0,717.0,1101,119.338,-80.0,813.0,846,57.015,-59.0,430.0,1024,46.767,-56.0,289.0
855,1254,113.089,-74.0,848.0,1000,81.655,-69.0,799.0,1101,124.052,-49.0,1008.0,846,64.118,-57.0,404.0,1024,50.971,-64.0,348.0
856,1254,112.222,-65.0,836.0,1000,77.738,-51.0,955.0,1101,125.953,-70.0,845.0,846,55.877,-62.0,324.0,1024,52.429,-82.0,513.0
857,1254,118.575,-95.0,670.0,1000,78.31,-78.0,672.0,1101,119.97,-64.0,956.0,846,60.111,-63.0,479.0,1024,51.703,-62.0,350.0
858,1254,112.187,-86.0,857.0,1000,82.184,-65.0,885.0,1101,126.506,-75.0,862.0,846,60.422,-69.0,403.0,1024,47.147,-79.0,360.0
859,1254,115.035,-69.0,877.0,1000,82.022,-64.0,772.0,1101,125.302,-66.0,866.0,846,63.323,-61.0,406.0,1024,47.575,-53.0,332.0
860,1254,114.193,-69.0,652.0,1000,80.09,-84.0,690.0,1101,113.783,-75.0,833.0,846,62.363,-72.0,453.0,1024,51.02,-61.0,361.0
861,1254,112.568,-83.0,685.0,1000,79.224,-51.0,789.0,1101,123.199,-73.0,862.0,846,55.746,-45.0,468.0,1024,45.873,-90.0,311.0
862,1254,108.38,-88.0,785.0,1000,81.819,-69.0,844.0,1101,124.559,-82.0,865.0,846,59.796,-49.0,453.0,1024,49.792,-50.0,305.0
863,1254,115.066,-99.0,747.0,1000,88.761,-62.0,905.0,1101,121.236,-72.0,740.0,846,62.806,-61.0,473.0,1024,51.96,-53.0,445.0
864,1254,117.943,-69.0,836.0,1000,84.818,-57.0,893.0,1101,123.798,-93.0,745.0,846,54.091,-82.0,338.0,1024,45.475,-52.0,327.0
865,1254,115.631,-76.0,804.0,1000,84.073,-68.0,758.0,1101,124.431,-77.0,762.0,846,60.187,-55.0,334.0,1024,47.435,-56.0,345.0
866,1254,112.637,-77.0,887.0,1000,85.369,-69.0,916.0,1101,119.42,-70.0,672.0,846,60.026,-55.0,520.0,1024,49.136,-49.0,332.0
867,1254,115.888,-66.0,852.0,1000,77.03,-72.0,975.0,1101,123.639,-78.0,792.0,846,57.941,-55.0,344.0,1024,49.636,-63.0,436.0
868,1254,113.143,-78.0,734.0,1000,76.788,-70.0,791.0,1101,127.925,-101.0,715.0,846,60.635,-83.0,402.0,1024,46.282,-52.0,477.0
869,1254,112.691,-75.0,714.0,1000,88.679,-68.0,829.0,1101,123.626,-59.0,822.0,846,58.443,-65.0,515.0,1024,45.756,-57.0,433.0
870,1254,115.891,-81.0,740.0,1000,82.101,-54.0,888.0,1101,125.128,-94.0,910.0,846,63.303,-51.0,445.0,1024,45.875,-41.0,316.0
871,1254,114.541,-58.0,613.0,1000,87.62,-91.0,955.0,1101,123.759,-88.0,896.0,846,61.764,-78.0,386.0,1024,50.107,-53.0,418.0
872,1254,117.934,-69.0,881.0,1000,82.622,-56.0,744.0,1101,124.84,-92.0,848.0,846,59.2,-77.0,400.0,1024,44.239,-55.0,368.0
873,1254,112.212,-59.0,778.0,1000,79.35,-57.0,901.0,1101,124.68,-76.0,856.0,846,65.993,-65.0,401.0,1024,47.54,-74.0,340.0
874,1254,108.577,-107.0,689.0,1000,84.606,-62.0,1054.0,1101,123.044,-92.0,867.0,846,64.514,-53.0,445.0,1024,49.477,-76.0,410.0
875,1254,118.199,-84.0,759.0,1000,82.471,-84.0,821.0,1101,123.353,-87.0,927.0,846,57.881,-63.0,395.0,1024,48.972,-58.0,291.0
876,1254,115.703,-73.0,1024.0,1000,79.443,-59.0,842.0,1101,116.739,-72.0,663.0,846,56.112,-63.0,309.0,1024,49.317,-66.0,412.0
877,1254,112.175,-62.0,741.0,1000,81.718,-74.0,941.0,1101,116.873,-75.0,781.0,846,59.236,-50.0,391.0,1024,47.709,-67.0,302.0
878,1254,110.64,-145.0,861.0,1000,80.621,-53.0,706.0,1101,120.349,-82.0,800.0,846,65.383,-58.0,438.0,1024,46.772,-65.0,466.0
879,1254,117.669,-74.0,839.0,1000,81.385,-72.0,962.0,1101,130.756,-81.0,878.0,846,62.345,-47.0,504.0,1024,46.026,-74.0,482.0
880,1254,120.136,-81.0,866.0,1000,85.038,-55.0,1032.0,1101,123.798,-70.0,971.0,846,59.539,-54.0,435.0,1024,46.666,-49.0,391.0
881,1254,116.066,-93.0,757.0,1000,87.189,-98.0,967.0,1101,122.984,-85.0,826.0,846,60.426,-51.0,474.0,1024,47.371,-36.0,338.0
882,1254,115.274,-58.0,786.0,1000,74.467,-103.0,847.0,1101,126.801,-80.0,783.0,846,56.948,-54.0,308.0,1024,48.041,-64.0,370.0
883,1254,110.02,-61.0,679.0,1000,78.944,-84.0,888.0,1101,118.913,-89.0,844.0,846,61.275,-57.0,478.0,1024,47.772,-63.0,371.0
884,1254,110.569,-56.0,692.0,1000,84.027,-74.0,993.0,1101,126.757,-83.0,918.0,846,62.007,-77.0,476.0,1024,51.35,-58.0,349.0
885,1254,111.175,-69.0,789.0,1000,76.949,-75.0,1056.0,1101,123.262,-83.0,1028.0,846,60.013,-59.0,359.0,1024,47.02,-56.0,334.0
886,1254,118.352,-61.0,920.0,1000,83.921,-68.0,927.0,1101,122.12,-63.0,845.0,846,62.822,-70.0,383.0,1024,46.224,-60.0,331.0
887,1254,114.97,-59.0,647.0,1000,80.782,-75.0,816.0,1101,118.683,-71.0,904.0,846,61.381,-61.0,444.0,1024,47.515,-58.0,442.0
888,1254,113.089,-66.0,747.0,1000,87.403,-47.0,614.0,1101,123.842,-92.0,699.0,846,61.852,-65.0,392.0,1024,44.382,-79.0,388.0
889,1254,115.071,-43.0,801.0,1000,82.935,-63.0,874.0,1101,121.259,-91.0,895.0,846,61.742,-64.0,434.0,1024,46.525,-54.0,408.0
890,1254,109.043,-53.0,863.0,1000,85.637,-62.0,1082.0,1101,122.432,-79.0,817.0,846,56.85,-71.0,411.0,1024,41.718,-63.0,330.0
891,1254,116.64,-58.0,783.0,1000,86.205,-83.0,813.0,1101,123.844,-62.0,791.0,846,59.658,-45.0,328.0,1024,48.162,-52.0,446.0
892,1254,114.54,-57.0,841.0,1000,77.31,-71.0,990.0,1101,123.668,-115.0,826.0,846,58.824,-57.0,400.0,1024,46.507,-53.0,363.0
893,1254,115.533,-40.0,813.0,1000,77.472,-66.0,912.0,1101,121.65,-99.0,717.0,846,60.981,-63.0,420.0,1024,48.445,-47.0,404.0
894,1254,115.622,-47.0,766.0,1000,88.509,-67.0,897.0,1101,123.865,-97.0,782.0,846,59.722,-92.0,442.0,1024,49.026,-65.0,380.0
895,1254,110.007,-37.0,711.0,1000,85.621,-75.0,905.0,1101,122.718,-98.0,712.0,846,58.66,-69.0,567.0,1024,50.843,-54.0,450.0
896,1254,116.369,-50.0,922.0,1000,82.968,-66.0,849.0,1101,112.815,-92.0,672.0,846,65.833,-78.0,356.0,1024,45.76,-79.0,283.0
897,1254,115.287,-37.0,939.0,1000,74.85,-64.0,997.0,1101,123.852,-80.0,891.0,846,63.342,-51.0,378.0,1024,46.701,-49.0,459.0
898,1254,113.367,-41.0,829.0,1000,87.012,-76.0,771.0,1101,125.075,-96.0,850.0,846,57.736,-41.0,435.0,1024,49.883,-53.0,360.0
899,1254,110.866,-36.0,846.0,1000,79.416,-71.0,870.0,1101,116.459,-81.0,804.0,846,62.028,-50.0,417.0,1024,45.191,-72.0,368.0
900,1254,113.767,-40.0,775.0,1000,84.896,-82.0,795.0,1101,122.7,-76.0,910.0,846,62.511,-55.0,418.0,1024,50.755,-54.0,434.0
901,1254,113.736,-24.0,787.0,1000,84.981,-57.0,997.0,1101,115.524,-85.0,723.0,846,61.931,-60.0,378.0,1024,47.956,-53.0,286.0
902,1254,114.89,-40.0,753.0,1000,81.9,-87.0,829.0,1101,125.868,-65.0,908.0,846,65.001,-64.0,359.0,1024,48.363,-58.0,472.0
903,1254,119.745,-36.0,916.0,1000,81.771,-87.0,736.0,1101,116.201,-82.0,800.0,846,57.323,-74.0,348.0,1024,48.513,-94.0,352.0
904,1254,115.16,-22.0,884.0,1000,84.267,-75.0,839.0,1101,124.211,-83.0,919.0,846,61.33,-53.0,388.0,1024,47.296,-49.0,340.0
905,1254,108.554,-42.0,915.0,1000,79.804,-58.0,798.0,1101,124.296,-111.0,909.0,846,58.15,-72.0,412.0,1024,46.097,-65.0,455.0
906,1254,113.022,-36.0,851.0,1000,81.615,-69.0,863.0,1101,120.087,-101.0,821.0,846,56.973,-71.0,390.0,1024,48.727,-67.0,506.0
907,1254,113.168,-25.0,771.0,1000,83.358,-85.0,569.0,1101,123.122,-97.0,742.0,846,58.727,-56.0,338.0,1024,48.859,-73.0,380.0
908,1254,110.868,-34.0,897.0,1000,83.414,-69.0,1005.0,1101,119.548,-71.0,937.0,846,55.518,-63.0,397.0,1024,45.137,-57.0,438.0
909,1254,107.053,-17.0,945.0,1000,81.619,-59.0,845.0,1101,121.071,-75.0,773.0,846,58.173,-61.0,387.0,1024,45.361,-46.0,461.0
910,1254,112.75,-14.0,938.0,1000,76.574,-62.0,773.0,1101,119.442,-59.0,910.0,846,59.605,-55.0,461.0,1024,45.429,-70.0,403.0
911,1254,111.009,-14.0,778.0,1000,83.34,-56.0,771.0,1101,119.089,-86.0,908.0,846,59.487,-52.0,383.0,1024,45.015,-50.0,364.0
912,1254,111.652,-9.0,931.0,1000,84.496,-69.0,800.0,1101,115.555,-84.0,887.0,846,61.759,-68.0,363.0,1024,46.053,-52.0,288.0
913,1254,110.726,-15.0,763.0,1000,81.708,-97.0,982.0,1101,120.861,-79.0,791.0,846,57.353,-74.0,408.0,1024,47.296,-65.0,270.0
914,1254,112.241,-8.0,914.0,1000,84.07,-69.0,684.0,1101,123.969,-76.0,869.0,846,52.907,-39.0,332.0,1024,47.215,-63.0,458.0
915,1254,120.409,-14.0,890.0,1000,90.294,-55.0,832.0,1101,120.579,-52.0,768.0,846,73.868,-91.0,499.0,1024,57.968,-61.0,351.0
916,1254,125.128,-18.0,908.0,1000,104.101,-66.0,821.0,1101,154.784,-85.0,899.0,846,107.862,-88.0,668.0,1024,84.22,-54.0,556.0
917,1254,129.127,-15.0,832.0,1000,109.384,-102.0,748.0,1101,149.239,-93.0,907.0,846,112.332,-87.0,700.0,1024,79.69,-65.0,349.0
918,1254,128.019,-29.0,816.0,1000,114.565,-60.0,867.0,1101,149.089,-78.0,881.0,846,106.784,-123.0,485.0,1024,79.81,-85.0,546.0
919,1254,125.183,-25.0,969.0,1000,109.098,-81.0,814.0,1101,144.25,-113.0,752.0,846,98.629,-85.0,449.0,1024,78.109,-66.0,428.0
920,1254,121.961,-30.0,863.0,1000,97.757,-61.0,841.0,1101,136.92,-93.0,775.0,846,98.044,-71.0,443.0,1024,71.797,-63.0,534.0
921,1254,123.502,-30.0,840.0,1000,101.418,-113.0,916.0,1101,128.904,-97.0,834.0,846,88.535,-70.0,452.0,1024,66.121,-72.0,374.0
922,1254,125.798,-23.0,839.0,1000,95.555,-69.0,877.0,1101,134.528,-70.0,896.0,846,84.863,-47.0,430.0,1024,65.984,-76.0,628.0
923,1254,113.455,-16.0,723.0,1000,91.501,-67.0,899.0,1101,124.792,-70.0,771.0,846,81.567,-65.0,387.0,1024,62.049,-54.0,308.0
924,1254,116.7,-25.0,928.0,1000,94.157,-90.0,777.0,1101,125.611,-88.0,818.0,846,77.933,-74.0,487.0,1024,60.982,-62.0,481.0
925,1254,118.482,-40.0,909.0,1000,87.198,-54.0,846.0,1101,126.188,-73.0,769.0,846,74.514,-67.0,483.0,1024,58.932,-58.0,390.0
926,1254,121.122,-27.0,820.0,1000,90.003,-75.0,874.0,1101,127.191,-76.0,738.0,846,79.04,-60.0,663.0,1024,56.143,-63.0,430.0
927,1254,111.077,-40.0,833.0,1000,84.349,-82.0,857.0,1101,120.864,-91.0,957.0,846,66.236,-60.0,469.0,1024,59.29,-59.0,401.0
928,1254,115.829,-22.0,885.0,1000,83.198,-87.0,797.0,1101,123.847,-106.0,849.0,846,70.993,-65.0,369.0,1024,66.104,-73.0,403.0
929,1254,111.604,-26.0,937.0,1000,82.052,-114.0,789.0,1101,122.256,-65.0,849.0,846,70.991,-70.0,372.0,1024,59.165,-67.0,349.0
930,1254,118.061,-24.0,778.0,1000,87.817,-64.0,812.0,1101,114.445,-99.0,955.0,846,61.221,-52.0,479.0,1024,55.14,-52.0,352.0
931,1254,114.975,-31.0,1086.0,1000,82.715,-81.0,862.0,1101,116.17,-112.0,915.0,846,66.317,-83.0,394.0,1024,54.977,-56.0,449.0
932,1254,118.186,-40.0,880.0,1000,81.878,-61.0,957.0,1101,122.211,-108.0,670.0,846,64.361,-64.0,445.0,1024,58.148,-69.0,387.0
933,1254,117.249,-35.0,798.0,1000,77.989,-64.0,795.0,1101,116.238,-89.0,806.0,846,67.035,-74.0,367.0,1024,53.34,-72.0,409.0
934,1254,115.499,-61.0,1010.0,1000,83.438,-70.0,773.0,1101,123.409,-75.0,776.0,846,65.907,-57.0,440.0,1024,53.898,-56.0,429.0
935,1254,113.673,-46.0,806.0,1000,81.008,-53.0,884.0,1101,126.569,-97.0,806.0,846,61.17,-67.0,413.0,1024,51.026,-55.0,333.0
936,1254,109.227,-32.0,786.0,1000,79.716,-102.0,708.0,1101,124.763,-94.0,816.0,846,59.514,-66.0,413.0,1024,51.12,-46.0,345.0
937,1254,113.537,-41.0,913.0,1000,84.023,-91.0,851.0,1101,128.086,-112.0,907.0,846,58.603,-56.0,316.0,1024,53.704,-76.0,396.0
938,1254,110.764,-49.0,879.0,1000,83.652,-66.0,909.0,1101,122.174,-82.0,685.0,846,60.582,-51.0,431.0,1024,52.581,-45.0,375.0
939,1254,117.781,-37.0,900.0,1000,87.486,-95.0,736.0,1101,119.043,-96.0,760.0,846,63.716,-64.0,483.0,1024,51.637,-60.0,386.0
940,1254,117.464,-40.0,861.0,1000,81.171,-58.0,786.0,1101,122.505,-77.0,776.0,846,56.709,-62.0,457.0,1024,52.2,-81.0,339.0
941,1254,116.518,-35.0,821.0,1000,88.201,-86.0,778.0,1101,125.133,-68.0,749.0,846,61.311,-54.0,380.0,1024,51.074,-63.0,395.0
942,1254,115.604,-42.0,792.0,1000,77.967,-89.0,694.0,1101,120.465,-64.0,794.0,846,65.729,-51.0,380.0,1024,52.113,-59.0,431.0
943,1254,112.494,-49.0,915.0,1000,85.983,-70.0,873.0,1101,123.194,-111.0,829.0,846,62.84,-70.0,423.0,1024,54.325,-90.0,298.0
944,1254,112.287,-32.0,987.0,1000,79.465,-68.0,750.0,1101,121.557,-101.0,711.0,846,66.169,-50.0,505.0,1024,57.746,-56.0,337.0
945,1254,116.774,-43.0,955.0,1000,77.344,-68.0,738.0,1101,121.163,-79.0,817.0,846,56.838,-51.0,377.0,1024,52.338,-56.0,426.0
946,1254,112.101,-37.0,901.0,1000,85.259,-75.0,916.0,1101,122.776,-73.0,782.0,846,58.202,-53.0,536.0,1024,49.572,-56.0,406.0
947,1254,115.962,-30.0,1099.0,1000,87.026,-85.0,821.0,1101,127.015,-114.0,890.0,846,61.006,-62.0,364.0,1024,50.98,-66.0,403.0
948,1254,116.241,-67.0,775.0,1000,82.176,-76.0,858.0,1101,129.807,-82.0,877.0,846,56.45,-65.0,334.0,1024,49.427,-57.0,293.0
949,1254,111.912,-51.0,707.0,1000,87.306,-68.0,775.0,1101,128.983,-74.0,858.0,846,67.17,-69.0,467.0,1024,50.515,-44.0,341.0
950,1254,117.293,-40.0,915.0,1000,85.575,-66.0,697.0,1101,118.39,-95.0,848.0,846,61.583,-57.0,383.0,1024,48.338,-60.0,364.0
951,1254,104.886,-51.0,868.0,1000,88.77,-89.0,787.0,1101,121.365,-69.0,741.0,846,60.675,-67.0,327.0,1024,51.131,-77.0,418.0
952,1254,115.515,-52.0,781.0,1000,78.181,-64.0,633.0,1101,122.858,-106.0,882.0,846,63.895,-58.0,356.0,1024,52.375,-61.0,464.0
953,1254,113.638,-50.0,905.0,1000,83.291,-61.0,887.0,1101,119.619,-77.0,849.0,846,58.044,-53.0,411.0,1024,49.185,-51.0,413.0
954,1254,112.444,-49.0,755.0,1000,81.304,-96.0,714.0,1101,126.783,-81.0,756.0,846,56.739,-55.0,349.0,1024,49.856,-44.0,379.0
955,1254,109.431,-54.0,801.0,1000,89.014,-82.0,770.0,1101,126.018,-93.0,687.0,846,60.277,-53.0,432.0,1024,49.071,-66.0,405.0
956,1254,117.109,-39.0,945.0,1000,82.88,-84.0,834.0,1101,120.351,-83.0,808.0,846,64.715,-71.0,385.0,1024,47.434,-54.0,303.0
957,1254,114.812,-38.0,862.0,1000,80.64,-69.0,782.0,1101,119.712,-86.0,695.0,846,64.013,-40.0,402.0,1024,44.579,-46.0,408.0
958,1254,117.353,-45.0,750.0,1000,80.813,-51.0,820.0,1101,119.302,-78.0,719.0,846,58.909,-58.0,372.0,1024,52.943,-79.0,488.0
959,1254,118.596,-51.0,890.0,1000,82.133,-69.0,723.0,1101,118.261,-81.0,853.0,846,61.545,-86.0,693.0,1024,49.977,-44.0,355.0
960,1254,113.242,-55.0,866.0,1000,84.592,-89.0,948.0,1101,121.581,-63.0,962.0,846,58.82,-68.0,466.0,1024,41.645,-42.0,371.0
961,1254,112.328,-79.0,814.0,1000,81.133,-93.0,739.0,1101,117.054,-78.0,860.0,846,59.869,-73.0,447.0,1024,47.924,-57.0,364.0
962,1254,111.667,-39.0,866.0,1000,84.378,-69.0,939.0,1101,115.502,-99.0,783.0,846,64.631,-48.0,507.0,1024,44.276,-59.0,337.0
963,1254,115.959,-56.0,735.0,1000,81.212,-153.0,599.0,1101,123.502,-83.0,734.0,846,61.059,-58.0,325.0,1024,47.156,-56.0,410.0
964,1254,115.068,-106.0,1005.0,1000,82.212,-81.0,685.0,1101,124.738,-54.0,765.0,846,66.069,-68.0,450.0,1024,45.064,-50.0,359.0
965,1254,111.258,-59.0,810.0,1000,81.497,-94.0,598.0,1101,121.633,-126.0,800.0,846,59.509,-85.0,422.0,1024,49.673,-61.0,375.0
966,1254,113.641,-90.0,855.0,1000,85.217,-79.0,790.0,1101,126.6,-226.0,897.0,846,58.346,-54.0,409.0,1024,43.694,-58.0,382.0
967,1254,116.006,-47.0,947.0,1000,87.265,-69.0,925.0,1101,118.701,-78.0,843.0,846,72.084,-80.0,410.0,1024,48.724,-57.0,329.0
968,1254,118.547,-81.0,889.0,1000,79.902,-86.0,804.0,1101,122.92,-94.0,1001.0,846,64.688,-66.0,414.0,1024,49.296,-80.0,335.0
969,1254,113.28,-53.0,895.0,1000,81.125,-64.0,752.0,1101,125.638,-76.0,861.0,846,61.676,-54.0,429.0,1024,48.892,-65.0,399.0
970,1254,114.817,-56.0,718.0,1000,85.113,-79.0,745.0,1101,119.579,-60.0,822.0,846,59.357,-45.0,380.0,1024,50.639,-58.0,356.0
971,1254,114.316,-46.0,837.0,1000,81.378,-85.0,828.0,1101,118.61,-79.0,817.0,846,64.287,-56.0,361.0,1024,49.062,-69.0,308.0
972,1254,119.667,-55.0,904.0,1000,85.132,-58.0,726.0,1101,118.206,-99.0,796.0,846,60.193,-63.0,401.0,1024,48.61,-67.0,357.0
973,1254,109.661,-54.0,1020.0,1000,75.42,-69.0,650.0,1101,122.181,-98.0,809.0,846,60.877,-60.0,402.0,1024,47.143,-82.0,579.0
974,1254,110.987,-70.0,741.0,1000,80.662,-93.0,891.0,1101,117.818,-76.0,796.0,846,61.097,-79.0,441.0,1024,45.619,-74.0,283.0
975,1254,111.984,-50.0,889.0,1000,79.814,-67.0,932.0,1101,119.792,-111.0,689.0,846,63.887,-76.0,412.0,1024,48.678,-75.0,339.0
976,1254,120.813,-60.0,998.0,1000,82.991,-76.0,626.0,1101,119.566,-86.0,917.0,846,61.695,-58.0,394.0,1024,51.281,-63.0,381.0
977,1254,118.544,-67.0,924.0,1000,81.556,-85.0,790.0,1101,118.566,-97.0,870.0,846,58.184,-55.0,367.0,1024,48.012,-68.0,305.0
978,1254,109.904,-67.0,772.0,1000,84.177,-65.0,644.0,1101,125.326,-83.0,918.0,846,62.989,-65.0,555.0,1024,48.646,-52.0,374.0
979,1254,117.039,-73.0,921.0,1000,81.476,-71.0,697.0,1101,127.308,-78.0,881.0,846,59.85,-62.0,312.0,1024,46.768,-48.0,413.0
980,1254,114.417,-70.0,859.0,1000,81.901,-71.0,742.0,1101,119.623,-67.0,786.0,846,60.747,-62.0,519.0,1024,45.43,-54.0,361.0
981,1254,113.645,-58.0,830.0,1000,83.988,-68.0,769.0,1101,124.833,-84.0,792.0,846,58.695,-55.0,393.0,1024,46.733,-67.0,366.0
982,1254,116.964,-65.0,878.0,1000,79.813,-57.0,828.0,1101,121.816,-63.0,772.0,846,64.183,-60.0,371.0,1024,47.227,-75.0,353.0
983,1254,112.192,-51.0,767.0,1000,81.772,-62.0,762.0,1101,116.878,-104.0,919.0,846,57.558,-45.0,449.0,1024,47.471,-87.0,485.0
984,1254,110.868,-61.0,792.0,1000,80.693,-72.0,742.0,1101,121.46,-82.0,833.0,846,60.209,-58.0,333.0,1024,46.168,-74.0,377.0
985,1254,114.62,-57.0,811.0,1000,85.5,-82.0,833.0,1101,119.649,-130.0,810.0,846,61.571,-44.0,589.0,1024,46.452,-42.0,387.0
986,1254,111.786,-71.0,1026.0,1000,88.24,-104.0,887.0,1101,116.636,-79.0,684.0,846,62.5,-60.0,388.0,1024,45.924,-71.0,345.0
987,1254,113.495,-59.0,915.0,1000,82.007,-97.0,693.0,1101,120.172,-70.0,864.0,846,61.363,-83.0,385.0,1024,48.509,-56.0,431.0
988,1254,114.167,-69.0,834.0,1000,79.394,-58.0,913.0,1101,116.549,-74.0,684.0,846,58.494,-63.0,390.0,1024,47.456,-54.0,415.0
989,1254,109.772,-79.0,820.0,1000,84.268,-67.0,979.0,1101,112.045,-82.0,822.0,846,62.223,-54.0,442.0,1024,50.032,-66.0,393.0
990,1254,120.124,-83.0,973.0,1000,84.762,-90.0,603.0,1101,125.55,-75.0,685.0,846,60.151,-56.0,381.0,1024,47.363,-76.0,383.0
991,1254,111.825,-55.0,831.0,1000,85.353,-61.0,788.0,1101,126.542,-78.0,772.0,846,65.222,-52.0,328.0,1024,47.701,-55.0,403.0
992,1254,115.189,-52.0,882.0,1000,84.316,-78.0,870.0,1101,112.794,-99.0,846.0,846,65.209,-50.0,405.0,1024,47.23,-39.0,400.0
993,1254,112.624,-69.0,861.0,1000,83.933,-60.0,883.0,1101,126.346,-88.0,785.0,846,60.473,-67.0,344.0,1024,43.12,-51.0,413.0
994,1254,117.74,-62.0,858.0,1000,82.033,-88.0,952.0,1101,126.489,-87.0,846.0,846,67.365,-102.0,469.0,1024,45.953,-57.0,337.0
995,1254,105.841,-63.0,718.0,1000,79.761,-74.0,776.0,1101,115.862,-163.0,704.0,846,60.117,-68.0,377.0,1024,49.956,-61.0,358.0
996,1254,113.275,-82.0,749.0,1000,83.357,-92.0,831.0,1101,120.497,-94.0,779.0,846,64.222,-74.0,376.0,1024,48.19,-58.0,341.0
997,1254,115.777,-52.0,844.0,1000,88.13,-63.0,829.0,1101,116.061,-121.0,803.0,846,61.747,-61.0,342.0,1024,47.014,-53.0,485.0
998,1254,107.675,-73.0,815.0,1000,82.67,-60.0,676.0,1101,121.101,-75.0,890.0,846,58.217,-44.0,384.0,1024,45.186,-61.0,323.0
999,1254,122.901,-76.0,758.0,1000,86.413,-71.0,737.0,1101,118.173,-120.0,793.0,846,69.414,-58.0,457.0,1024,48.592,-68.0,324.0
1000,1254,112.266,-72.0,717.0,1000,81.368,-115.0,740.0,1101,131.104,-70.0,757.0,846,63.924,-56.0,463.0,1024,48.512,-49.0,385.0
1001,1254,108.892,-67.0,846.0,1000,82.828,-66.0,874.0,1101,118.412,-101.0,616.0,846,58.911,-56.0,382.0,1024,47.33,-62.0,338.0
1002,1254,110.856,-57.0,801.0,1000,80.989,-116.0,984.0,1101,118.84,-89.0,830.0,846,66.358,-84.0,375.0,1024,44.822,-61.0,369.0
1003,1254,113.029,-58.0,932.0,1000,82.234,-56.0,733.0,1101,120.109,-74.0,769.0,846,60.723,-68.0,434.0,1024,48.396,-66.0,361.0
1004,1254,116.99,-70.0,714.0,1000,81.103,-58.0,899.0,1101,113.185,-76.0,693.0,846,63.366,-63.0,415.0,1024,48.454,-71.0,428.0
1005,1254,115.145,-62.0,951.0,1000,83.566,-53.0,1127.0,1101,125.855,-83.0,818.0,846,58.339,-43.0,402.0,1024,47.833,-67.0,404.0
1006,1254,114.182,-75.0,762.0,1000,84.587,-79.0,886.0,1101,120.213,-80.0,757.0,846,60.356,-64.0,361.0,1024,47.714,-74.0,379.0
1007,1254,114.186,-65.0,793.0,1000,77.386,-78.0,846.0,1101,118.205,-68.0,706.0,846,59.917,-51.0,477.0,1024,46.103,-47.0,447.0
1008,1254,119.915,-77.0,895.0,1000,76.969,-66.0,780.0,1101,115.715,-104.0,775.0,846,67.353,-80.0,471.0,1024,46.911,-49.0,454.0
1009,1254,109.512,-66.0,781.0,1000,80.809,-66.0,895.0,1101,117.088,-94.0,755.0,846,62.978,-77.0,468.0,1024,47.415,-52.0,292.0
1010,1254,112.124,-74.0,759.0,1000,84.182,-78.0,809.0,1101,119.43,-107.0,738.0,846,59.759,-71.0,376.0,1024,48.621,-68.0,325.0
1011,1254,105.646,-59.0,833.0,1000,87.037,-64.0,738.0,1101,125.817,-123.0,752.0,846,60.557,-80.0,440.0,1024,43.753,-59.0,515.0
1012,1254,108.265,-70.0,834.0,1000,88.195,-92.0,893.0,1101,121.231,-64.0,692.0,846,58.072,-69.0,470.0,1024,45.612,-55.0,496.0
1013,1254,117.169,-79.0,930.0,1000,81.229,-66.0,722.0,1101,120.064,-93.0,873.0,846,67.677,-92.0,464.0,1024,47.234,-77.0,429.0
1014,1254,118.011,-77.0,990.0,1000,80.927,-93.0,921.0,1101,117.543,-107.0,823.0,846,59.634,-57.0,428.0,1024,50.333,-51.0,439.0
1015,1254,110.058,-70.0,762.0,1000,77.234,-68.0,539.0,1101,112.766,-114.0,703.0,846,63.201,-50.0,407.0,1024,50.351,-59.0,420.0
1016,1254,112.071,-67.0,994.0,1000,83.061,-70.0,863.0,1101,122.896,-90.0,781.0,846,63.488,-64.0,412.0,1024,41.734,-51.0,472.0
1017,1254,108.911,-68.0,1016.0,1000,80.631,-77.0,906.0,1101,117.856,-85.0,744.0,846,64.013,-55.0,444.0,1024,44.812,-60.0,372.0
1018,1254,110.076,-89.0,785.0,1000,83.543,-62.0,782.0,1101,128.705,-93.0,891.0,846,61.587,-79.0,383.0,1024,41.845,-52.0,398.0
1019,1254,113.071,-76.0,902.0,1000,80.496,-76.0,938.0,1101,115.901,-109.0,787.0,846,61.246,-52.0,415.0,1024,48.41,-52.0,433.0
1020,1254,108.488,-80.0,919.0,1000,82.21,-93.0,748.0,1101,120.782,-95.0,730.0,846,58.553,-59.0,316.0,1024,49.858,-72.0,393.0
1021,1254,112.073,-63.0,905.0,1000,80.185,-70.0,800.0,1101,115.465,-89.0,770.0,846,62.778,-69.0,478.0,1024,44.888,-60.0,360.0
1022,1254,112.273,-70.0,944.0,1000,80.917,-80.0,814.0,1101,123.71,-85.0,839.0,846,62.018,-65.0,413.0,1024,49.512,-61.0,447.0
1023,1254,113.002,-51.0,786.0,1000,82.159,-98.0,828.0,1101,121.077,-138.0,876.0,846,64.534,-65.0,385.0,1024,46.995,-66.0,380.0
1024,1254,115.655,-64.0,791.0,1000,83.674,-53.0,768.0,1101,114.578,-76.0,730.0,846,61.861,-76.0,381.0,1024,43.918,-57.0,377.0
1025,1254,109.501,-56.0,918.0,1000,83.756,-72.0,692.0,1101,114.893,-98.0,843.0,846,63.729,-65.0,473.0,1024,46.379,-103.0,490.0
1026,1254,111.519,-72.0,936.0,1000,76.452,-55.0,833.0,1101,121.231,-61.0,706.0,846,60.898,-65.0,385.0,1024,45.794,-71.0,414.0
1027,1254,119.2,-89.0,759.0,1000,83.832,-68.0,861.0,1101,121.764,-86.0,806.0,846,60.485,-94.0,337.0,1024,46.03,-41.0,360.0
1028,1254,109.045,-80.0,961.0,1000,81.451,-79.0,790.0,1101,118.212,-104.0,790.0,846,63.067,-85.0,385.0,1024,44.695,-43.0,522.0
1029,1254,110.266,-80.0,723.0,1000,87.523,-65.0,1005.0,1101,116.69,-79.0,785.0,846,60.362,-69.0,427.0,1024,45.411,-68.0,373.0
1030,1254,113.617,-63.0,901.0,1000,78.923,-83.0,732.0,1101,113.43,-104.0,690.0,846,55.405,-50.0,340.0,1024,43.722,-88.0,347.0
1031,1254,116.762,-69.0,779.0,1000,76.732,-80.0,793.0,1101,117.834,-96.0,681.0,846,64.069,-86.0,378.0,1024,49.524,-75.0,402.0
1032,1254,110.268,-72.0,803.0,1000,75.322,-77.0,1061.0,1101,112.684,-80.0,753.0,846,61.746,-52.0,464.0,1024,46.153,-60.0,369.0
1033,1254,111.281,-78.0,908.0,1000,85.245,-83.0,989.0,1101,119.383,-67.0,695.0,846,57.546,-77.0,374.0,1024,42.262,-49.0,282.0
1034,1254,108.785,-63.0,700.0,1000,86.116,-97.0,780.0,1101,115.718,-92.0,719.0,846,66.247,-58.0,371.0,1024,45.237,-63.0,331.0
1035,1254,115.442,-78.0,747.0,1000,92.15,-74.0,660.0,1101,123.1,-90.0,879.0,846,60.274,-70.0,431.0,1024,52.83,-47.0,381.0
1036,1254,126.391,-70.0,857.0,1000,110.246,-90.0,777.0,1101,141.951,-92.0,820.0,846,91.371,-82.0,459.0,1024,78.368,-61.0,504.0
1037,1254,128.556,-82.0,706.0,1000,108.007,-75.0,942.0,1101,140.552,-112.0,682.0,846,98.151,-99.0,495.0,1024,76.885,-86.0,515.0
1038,1254,140.366,-90.0,812.0,1000,112.498,-128.0,806.0,1101,134.076,-91.0,760.0,846,89.052,-109.0,493.0,1024,74.832,-62.0,539.0
1039,1254,125.141,-62.0,726.0,1000,100.792,-68.0,895.0,1101,142.495,-84.0,797.0,846,85.727,-56.0,524.0,1024,71.79,-57.0,432.0
1040,1254,123.41,-68.0,860.0,1000,99.538,-86.0,990.0,1101,129.197,-91.0,891.0,846,79.376,-64.0,451.0,1024,69.664,-78.0,461.0
1041,1254,119.925,-80.0,786.0,1000,97.759,-72.0,743.0,1101,125.901,-105.0,798.0,846,79.6,-87.0,475.0,1024,70.552,-65.0,400.0
1042,1254,118.291,-68.0,811.0,1000,91.338,-74.0,831.0,1101,121.944,-99.0,955.0,846,71.674,-79.0,407.0,1024,62.88,-84.0,467.0
1043,1254,120.128,-77.0,750.0,1000,93.942,-77.0,857.0,1101,125.338,-86.0,757.0,846,66.745,-53.0,369.0,1024,68.787,-80.0,407.0
1044,1254,118.927,-65.0,752.0,1000,91.726,-59.0,777.0,1101,120.248,-80.0,762.0,846,64.914,-64.0,339.0,1024,61.158,-50.0,400.0
1045,1254,118.944,-75.0,756.0,1000,93.885,-73.0,876.0,1101,119.94,-88.0,620.0,846,66.475,-59.0,413.0,1024,61.663,-62.0,438.0
1046,1254,118.561,-86.0,910.0,1000,93.242,-63.0,820.0,1101,119.168,-102.0,705.0,846,65.998,-92.0,439.0,1024,58.085,-68.0,379.0
1047,1254,118.931,-107.0,939.0,1000,81.756,-68.0,669.0,1101,131.08,-108.0,823.0,846,69.346,-63.0,365.0,1024,63.819,-76.0,365.0
1048,1254,117.282,-79.0,746.0,1000,88.673,-65.0,950.0,1101,124.588,-113.0,704.0,846,64.587,-96.0,451.0,1024,60.212,-67.0,401.0
1049,1254,109.022,-78.0,897.0,1000,88.34,-98.0,962.0,1101,123.924,-83.0,801.0,846,63.046,-67.0,411.0,1024,62.644,-54.0,343.0
1050,1254,113.377,-86.0,895.0,1000,90.829,-81.0,754.0,1101,124.551,-118.0,798.0,846,64.947,-47.0,383.0,1024,63.233,-67.0,471.0
1051,1254,109.806,-89.0,792.0,1000,79.861,-70.0,883.0,1101,118.882,-122.0,757.0,846,66.996,-75.0,443.0,1024,63.684,-74.0,378.0
1052,1254,114.996,-79.0,740.0,1000,82.726,-83.0,737.0,1101,120.328,-107.0,690.0,846,65.281,-74.0,334.0,1024,62.493,-78.0,466.0
1053,1254,119.612,-87.0,678.0,1000,86.088,-81.0,904.0,1101,117.726,-83.0,703.0,846,66.371,-68.0,436.0,1024,65.086,-70.0,573.0
1054,1254,117.269,-80.0,1039.0,1000,85.784,-105.0,851.0,1101,114.193,-80.0,757.0,846,60.626,-75.0,325.0,1024,55.935,-66.0,324.0
1055,1254,112.535,-91.0,693.0,1000,87.82,-92.0,984.0,1101,120.669,-85.0,779.0,846,58.634,-47.0,367.0,1024,57.658,-60.0,379.0
1056,1254,111.34,-69.0,855.0,1000,81.507,-65.0,747.0,1101,116.043,-108.0,831.0,846,61.059,-60.0,330.0,1024,54.65,-72.0,441.0
1057,1254,117.144,-97.0,724.0,1000,80.931,-71.0,732.0,1101,124.195,-120.0,886.0,846,58.778,-50.0,363.0,1024,53.438,-64.0,392.0
1058,1254,119.986,-84.0,1027.0,1000,85.688,-84.0,1021.0,1101,114.995,-83.0,996.0,846,62.65,-66.0,417.0,1024,52.797,-77.0,389.0
1059,1254,112.958,-59.0,1054.0,1000,92.636,-75.0,1007.0,1101,116.073,-75.0,713.0,846,61.175,-63.0,354.0,1024,50.236,-64.0,357.0
1060,1254,109.016,-83.0,822.0,1000,83.836,-76.0,784.0,1101,113.641,-103.0,653.0,846,58.37,-47.0,392.0,1024,51.775,-51.0,383.0
1061,1254,116.273,-77.0,778.0,1000,83.986,-84.0,815.0,1101,121.722,-74.0,714.0,846,66.051,-75.0,435.0,1024,52.481,-72.0,369.0
1062,1254,113.784,-105.0,1020.0,1000,81.764,-79.0,806.0,1101,118.187,-114.0,737.0,846,64.343,-86.0,354.0,1024,54.909,-64.0,353.0
1063,1254,116.98,-73.0,795.0,1000,85.958,-76.0,983.0,1101,115.435,-75.0,685.0,846,64.657,-52.0,430.0,1024,51.277,-65.0,321.0
1064,1254,108.301,-88.0,869.0,1000,85.299,-68.0,721.0,1101,114.461,-103.0,577.0,846,60.729,-75.0,575.0,1024,52.032,-62.0,433.0
1065,1254,113.358,-92.0,929.0,1000,87.164,-57.0,955.0,1101,124.912,-114.0,805.0,846,64.364,-53.0,327.0,1024,52.413,-65.0,362.0
1066,1254,109.105,-61.0,1050.0,1000,82.605,-52.0,800.0,1101,122.417,-92.0,762.0,846,60.082,-73.0,353.0,1024,52.661,-56.0,391.0
1067,1254,117.16,-60.0,906.0,1000,86.993,-74.0,708.0,1101,115.941,-100.0,895.0,846,60.866,-55.0,322.0,1024,53.604,-66.0,428.0
1068,1254,115.092,-73.0,736.0,1000,88.471,-63.0,853.0,1101,118.49,-109.0,773.0,846,66.011,-57.0,436.0,1024,51.996,-91.0,456.0
1069,1254,112.159,-105.0,835.0,1000,82.27,-87.0,746.0,1101,114.1,-76.0,826.0,846,63.687,-60.0,495.0,1024,54.803,-97.0,454.0
1070,1254,107.08,-81.0,698.0,1000,83.503,-68.0,863.0,1101,119.346,-78.0,920.0,846,64.203,-59.0,408.0,1024,48.285,-48.0,406.0
1071,1254,114.413,-64.0,893.0,1000,79.944,-80.0,912.0,1101,109.035,-72.0,798.0,846,64.136,-57.0,397.0,1024,54.335,-74.0,374.0
1072,1254,112.727,-72.0,1029.0,1000,81.303,-82.0,899.0,1101,122.059,-92.0,759.0,846,58.164,-64.0,312.0,1024,49.606,-87.0,404.0
1073,1254,109.443,-86.0,822.0,1000,88.297,-70.0,698.0,1101,117.11,-107.0,701.0,846,63.144,-58.0,362.0,1024,47.365,-62.0,365.0
1074,1254,116.679,-131.0,883.0,1000,84.578,-71.0,892.0,1101,115.944,-95.0,720.0,846,62.928,-49.0,372.0,1024,49.699,-71.0,375.0
1075,1254,112.986,-86.0,750.0,1000,83.256,-72.0,935.0,1101,118.093,-112.0,734.0,846,60.517,-57.0,395.0,1024,49.176,-59.0,360.0
1076,1254,114.356,-87.0,914.0,1000,80.777,-88.0,685.0,1101,118.219,-78.0,883.0,846,65.395,-51.0,437.0,1024,54.257,-57.0,513.0
1077,1254,116.567,-126.0,892.0,1000,83.536,-52.0,754.0,1101,115.672,-110.0,716.0,846,57.463,-54.0,357.0,1024,56.41,-78.0,344.0
1078,1254,111.821,-74.0,987.0,1000,83.091,-106.0,809.0,1101,114.163,-92.0,709.0,846,66.117,-70.0,522.0,1024,50.965,-86.0,371.0
1079,1254,114.762,-82.0,898.0,1000,86.462,-73.0,913.0,1101,119.759,-70.0,726.0,846,60.779,-68.0,401.0,1024,47.726,-59.0,620.0
1080,1254,110.282,-62.0,955.0,1000,85.412,-74.0,747.0,1101,114.179,-73.0,739.0,846,64.521,-76.0,530.0,1024,46.264,-59.0,490.0
1081,1254,116.903,-88.0,854.0,1000,84.851,-106.0,852.0,1101,114.876,-112.0,722.0,846,60.008,-67.0,365.0,1024,50.136,-71.0,403.0
1082,1254,113.522,-69.0,925.0,1000,81.378,-80.0,865.0,1101,121.569,-87.0,756.0,846,61.956,-44.0,347.0,1024,48.4,-70.0,425.0
1083,1254,112.93,-87.0,722.0,1000,81.358,-65.0,692.0,1101,123.728,-74.0,856.0,846,55.063,-47.0,402.0,1024,48.893,-49.0,296.0
1084,1254,114.384,-85.0,889.0,1000,84.702,-99.0,876.0,1101,120.883,-82.0,711.0,846,65.018,-73.0,355.0,1024,47.262,-56.0,366.0
1085,1254,115.491,-89.0,873.0,1000,83.73,-75.0,754.0,1101,121.825,-103.0,701.0,846,63.676,-60.0,385.0,1024,46.625,-66.0,439.0
1086,1254,114.515,-99.0,904.0,1000,90.094,-135.0,990.0,1101,114.594,-83.0,770.0,846,66.463,-49.0,495.0,1024,49.905,-64.0,383.0
1087,1254,113.782,-103.0,1028.0,1000,83.615,-59.0,837.0,1101,117.28,-105.0,747.0,846,64.22,-76.0,435.0,1024,48.785,-65.0,390.0
1088,1254,110.906,-66.0,760.0,1000,82.962,-77.0,820.0,1101,116.603,-65.0,804.0,846,65.306,-89.0,468.0,1024,51.431,-46.0,522.0
1089,1254,113.763,-74.0,865.0,1000,85.694,-92.0,898.0,1101,116.609,-80.0,684.0,846,63.528,-96.0,429.0,1024,51.533,-55.0,325.0
1090,1254,113.552,-104.0,1017.0,1000,82.925,-61.0,960.0,1101,115.978,-91.0,764.0,846,67.823,-41.0,452.0,1024,48.922,-62.0,424.0
1091,1254,111.37,-91.0,891.0,1000,87.762,-66.0,746.0,1101,118.059,-66.0,688.0,846,63.884,-53.0,452.0,1024,54.539,-60.0,460.0
1092,1254,110.274,-110.0,998.0,1000,78.467,-139.0,867.0,1101,118.016,-86.0,768.0,846,57.888,-93.0,406.0,1024,50.251,-57.0,470.0
1093,1254,106.203,-76.0,859.0,1000,75.837,-76.0,701.0,1101,126.174,-82.0,772.0,846,60.152,-68.0,558.0,1024,48.874,-68.0,416.0
1094,1254,118.258,-76.0,953.0,1000,88.2,-69.0,651.0,1101,110.319,-73.0,853.0,846,66.691,-44.0,378.0,1024,50.006,-57.0,312.0
1095,1254,113.148,-80.0,833.0,1000,78.655,-60.0,834.0,1101,120.193,-78.0,676.0,846,64.284,-65.0,372.0,1024,45.771,-54.0,361.0
1096,1254,111.573,-106.0,794.0,1000,88.659,-83.0,768.0,1101,116.325,-117.0,876.0,846,59.216,-53.0,388.0,1024,49.943,-51.0,345.0
1097,1254,110.421,-70.0,779.0,1000,76.067,-69.0,959.0,1101,123.599,-68.0,787.0,846,67.879,-54.0,325.0,1024,46.051,-53.0,508.0
1098,1254,118.982,-79.0,897.0,1000,81.126,-94.0,845.0,1101,116.592,-83.0,682.0,846,62.434,-46.0,340.0,1024,46.133,-47.0,361.0
1099,1254,112.484,-103.0,666.0,1000,83.092,-94.0,841.0,1101,113.644,-75.0,751.0,846,60.702,-57.0,398.0,1024,46.938,-59.0,406.0
1100,1254,117.873,-77.0,722.0,1000,83.234,-56.0,909.0,1101,123.718,-77.0,950.0,846,60.527,-50.0,406.0,1024,51.138,-78.0,486.0
1101,1254,112.856,-99.0,709.0,1000,90.349,-93.0,1029.0,1101,116.133,-69.0,669.0,846,63.922,-79.0,403.0,1024,46.929,-39.0,338.0
1102,1254,118.351,-104.0,1042.0,1000,84.283,-72.0,934.0,1101,112.907,-121.0,791.0,846,61.61,-53.0,374.0,1024,49.458,-41.0,434.0
1103,1254,115.328,-91.0,778.0,1000,81.777,-71.0,693.0,1101,115.346,-82.0,768.0,846,58.188,-49.0,449.0,1024,46.299,-65.0,398.0
1104,1254,107.522,-110.0,1071.0,1000,81.424,-72.0,580.0,1101,121.874,-79.0,870.0,846,58.855,-60.0,424.0,1024,46.586,-66.0,341.0
1105,1254,113.034,-78.0,970.0,1000,83.022,-65.0,775.0,1101,109.779,-75.0,683.0,846,60.623,-47.0,390.0,1024,47.669,-65.0,332.0
1106,1254,109.975,-82.0,922.0,1000,87.324,-64.0,1001.0,1101,118.967,-67.0,813.0,846,59.405,-49.0,457.0,1024,48.018,-64.0,329.0
1107,1254,115.365,-81.0,975.0,1000,81.731,-70.0,788.0,1101,112.304,-82.0,722.0,846,64.095,-71.0,400.0,1024,45.645,-66.0,455.0
1108,1254,105.73,-59.0,812.0,1000,82.781,-52.0,753.0,1101,115.139,-63.0,763.0,846,59.645,-49.0,431.0,1024,52.429,-51.0,372.0
1109,1254,110.32,-105.0,940.0,1000,79.813,-77.0,754.0,1101,114.938,-149.0,864.0,846,64.424,-53.0,360.0,1024,46.158,-59.0,570.0
1110,1254,116.672,-92.0,856.0,1000,82.133,-84.0,986.0,1101,122.277,-135.0,763.0,846,60.77,-65.0,343.0,1024,48.263,-47.0,499.0
1111,1254,115.048,-80.0,804.0,1000,83.854,-74.0,962.0,1101,115.494,-72.0,811.0,846,61.331,-65.0,415.0,1024,48.615,-50.0,421.0
1112,1254,114.577,-95.0,862.0,1000,84.341,-56.0,824.0,1101,117.689,-92.0,694.0,846,66.476,-88.0,368.0,1024,48.676,-59.0,566.0
1113,1254,113.868,-88.0,1000.0,1000,84.195,-58.0,830.0,1101,118.721,-85.0,847.0,846,63.213,-50.0,355.0,1024,50.622,-61.0,587.0
1114,1254,115.769,-73.0,919.0,1000,83.153,-56.0,820.0,1101,124.129,-80.0,667.0,846,61.338,-58.0,459.0,1024,49.081,-54.0,359.0
1115,1254,111.166,-93.0,844.0,1000,88.644,-56.0,920.0,1101,124.946,-131.0,911.0,846,60.407,-57.0,487.0,1024,51.817,-66.0,393.0
1116,1254,113.355,-98.0,765.0,1000,79.897,-65.0,735.0,1101,110.45,-98.0,764.0,846,63.626,-64.0,351.0,1024,53.139,-66.0,380.0
1117,1254,112.653,-102.0,798.0,1000,83.241,-72.0,736.0,1101,122.479,-97.0,841.0,846,62.46,-50.0,423.0,1024,53.253,-54.0,516.0
1118,1254,111.808,-67.0,890.0,1000,85.749,-48.0,754.0,1101,112.828,-112.0,793.0,846,65.528,-76.0,430.0,1024,52.878,-60.0,538.0
1119,1254,116.215,-87.0,756.0,1000,80.006,-74.0,770.0,1101,118.919,-81.0,833.0,846,58.327,-83.0,429.0,1024,47.867,-60.0,402.0
1120,1254,113.216,-81.0,864.0,1000,81.431,-70.0,804.0,1101,115.38,-87.0,806.0,846,59.122,-63.0,513.0,1024,48.398,-55.0,407.0
1121,1254,110.659,-83.0,834.0,1000,80.711,-65.0,735.0,1101,113.696,-80.0,675.0,846,59.559,-57.0,427.0,1024,50.249,-46.0,354.0
1122,1254,112.003,-108.0,704.0,1000,81.087,-63.0,777.0,1101,114.157,-93.0,824.0,846,59.982,-50.0,367.0,1024,49.965,-59.0,502.0
1123,1254,108.599,-74.0,822.0,1000,76.478,-64.0,965.0,1101,114.374,-92.0,711.0,846,59.877,-60.0,409.0,1024,50.841,-64.0,347.0
1124,1254,112.714,-73.0,970.0,1000,83.147,-71.0,759.0,1101,109.683,-94.0,777.0,846,60.703,-55.0,374.0,1024,48.242,-53.0,451.0
1125,1254,110.881,-96.0,698.0,1000,84.457,-67.0,773.0,1101,117.542,-95.0,849.0,846,67.313,-78.0,372.0,1024,52.426,-66.0,379.0
1126,1254,115.131,-82.0,958.0,1000,88.094,-55.0,686.0,1101,121.53,-71.0,886.0,846,60.859,-49.0,311.0,1024,52.069,-45.0,448.0
1127,1254,110.074,-67.0,804.0,1000,81.58,-80.0,637.0,1101,114.508,-86.0,729.0,846,67.217,-51.0,369.0,1024,52.205,-55.0,332.0
1128,1254,115.648,-85.0,886.0,1000,82.389,-66.0,992.0,1101,110.53,-95.0,649.0,846,69.466,-54.0,502.0,1024,52.257,-67.0,432.0
1129,1254,111.366,-76.0,751.0,1000,86.898,-47.0,823.0,1101,116.981,-63.0,724.0,846,66.387,-76.0,534.0,1024,51.697,-52.0,385.0
1130,1254,112.278,-76.0,863.0,1000,88.271,-65.0,925.0,1101,110.045,-116.0,705.0,846,66.009,-82.0,533.0,1024,48.296,-46.0,414.0
1131,1254,109.325,-101.0,982.0,1000,85.807,-51.0,849.0,1101,121.393,-105.0,883.0,846,64.979,-53.0,432.0,1024,47.913,-52.0,289.0
1132,1254,109.412,-83.0,755.0,1000,89.693,-82.0,843.0,1101,118.551,-62.0,769.0,846,60.849,-81.0,404.0,1024,48.243,-54.0,328.0
1133,1254,112.593,-108.0,924.0,1000,86.881,-54.0,1018.0,1101,111.62,-93.0,791.0,846,63.58,-62.0,380.0,1024,52.243,-63.0,563.0
1134,1254,108.779,-78.0,920.0,1000,84.675,-90.0,761.0,1101,114.756,-70.0,773.0,846,65.526,-55.0,408.0,1024,48.901,-75.0,344.0
1135,1254,108.623,-74.0,924.0,1000,81.709,-81.0,823.0,1101,108.215,-113.0,641.0,846,64.065,-66.0,404.0,1024,49.489,-65.0,433.0
1136,1254,108.394,-77.0,789.0,1000,81.892,-65.0,635.0,1101,113.763,-81.0,846.0,846,60.982,-64.0,292.0,1024,49.974,-54.0,432.0
1137,1254,114.936,-90.0,972.0,1000,83.543,-63.0,772.0,1101,106.853,-117.0,766.0,846,63.27,-78.0,464.0,1024,48.677,-62.0,413.0
1138,1254,106.57,-76.0,984.0,1000,82.888,-88.0,837.0,1101,113.523,-84.0,786.0,846,58.52,-83.0,344.0,1024,53.373,-52.0,433.0
1139,1254,113.652,-89.0,751.0,1000,81.927,-66.0,875.0,1101,119.341,-88.0,746.0,846,64.264,-83.0,461.0,1024,54.937,-51.0,539.0
1140,1254,115.435,-79.0,738.0,1000,87.883,-85.0,853.0,1101,123.168,-109.0,936.0,846,64.453,-70.0,374.0,1024,52.9,-76.0,759.0
1141,1254,115.313,-136.0,809.0,1000,79.79,-79.0,755.0,1101,115.335,-92.0,724.0,846,58.63,-53.0,342.0,1024,51.621,-59.0,460.0
1142,1254,107.864,-92.0,842.0,1000,83.131,-74.0,799.0,1101,112.809,-74.0,830.0,846,59.213,-77.0,372.0,1024,52.499,-71.0,398.0
1143,1254,108.657,-81.0,1019.0,1000,89.033,-64.0,740.0,1101,116.014,-127.0,945.0,846,61.566,-79.0,374.0,1024,55.411,-69.0,478.0
1144,1254,118.832,-88.0,850.0,1000,85.738,-68.0,851.0,1101,116.62,-82.0,786.0,846,61.069,-80.0,490.0,1024,52.051,-56.0,502.0
1145,1254,111.452,-90.0,725.0,1000,84.704,-108.0,848.0,1101,112.842,-85.0,735.0,846,60.247,-51.0,421.0,1024,50.568,-59.0,348.0
1146,1254,113.187,-76.0,864.0,1000,82.544,-74.0,758.0,1101,112.974,-101.0,772.0,846,63.021,-51.0,324.0,1024,50.75,-90.0,565.0
1147,1254,116.332,-87.0,795.0,1000,82.187,-63.0,710.0,1101,115.073,-143.0,801.0,846,62.427,-62.0,385.0,1024,52.596,-72.0,505.0
1148,1254,110.767,-75.0,1053.0,1000,86.434,-89.0,923.0,1101,125.582,-76.0,746.0,846,66.116,-46.0,491.0,1024,54.713,-81.0,593.0
1149,1254,116.017,-78.0,723.0,1000,82.328,-72.0,668.0,1101,111.028,-57.0,707.0,846,60.422,-63.0,365.0,1024,51.925,-59.0,464.0
1150,1254,113.75,-65.0,747.0,1000,82.164,-61.0,639.0,1101,114.018,-81.0,751.0,846,59.816,-47.0,320.0,1024,51.885,-51.0,390.0
1151,1254,112.7,-87.0,837.0,1000,81.721,-61.0,829.0,1101,117.631,-122.0,725.0,846,65.084,-74.0,301.0,1024,49.409,-51.0,434.0
1152,1254,109.745,-72.0,1026.0,1000,83.289,-83.0,677.0,1101,114.357,-109.0,788.0,846,62.949,-47.0,366.0,1024,52.109,-54.0,469.0
1153,1254,106.727,-85.0,1051.0,1000,87.805,-65.0,870.0,1101,114.988,-105.0,679.0,846,58.17,-65.0,310.0,1024,49.162,-49.0,383.0
1154,1254,114.986,-92.0,811.0,1000,79.581,-84.0,599.0,1101,112.167,-109.0,645.0,846,59.806,-75.0,448.0,1024,49.837,-52.0,613.0
1155,1254,112.463,-76.0,768.0,1000,80.787,-64.0,800.0,1101,118.304,-93.0,710.0,846,61.396,-77.0,460.0,1024,49.296,-88.0,427.0
1156,1254,115.567,-88.0,1013.0,1000,97.84,-67.0,741.0,1101,128.583,-92.0,640.0,846,77.28,-78.0,443.0,1024,64.408,-90.0,500.0
1157,1254,129.386,-91.0,683.0,1000,120.446,-90.0,741.0,1101,137.827,-93.0,839.0,846,102.725,-81.0,497.0,1024,76.402,-57.0,503.0
1158,1254,139.752,-103.0,906.0,1000,118.459,-71.0,947.0,1101,138.827,-81.0,740.0,846,96.397,-87.0,598.0,1024,79.748,-76.0,491.0
1159,1254,125.797,-97.0,888.0,1000,106.215,-78.0,842.0,1101,135.201,-91.0,758.0,846,99.125,-100.0,447.0,1024,80.946,-80.0,486.0
1160,1254,124.778,-72.0,843.0,1000,104.155,-86.0,819.0,1101,131.497,-79.0,901.0,846,89.294,-64.0,435.0,1024,73.242,-54.0,432.0
1161,1254,128.651,-87.0,882.0,1000,101.326,-82.0,936.0,1101,125.244,-85.0,799.0,846,83.358,-78.0,592.0,1024,74.121,-60.0,451.0
1162,1254,123.322,-99.0,918.0,1000,92.409,-84.0,910.0,1101,123.152,-99.0,836.0,846,74.939,-48.0,350.0,1024,67.039,-60.0,487.0
1163,1254,116.868,-83.0,863.0,1000,93.438,-80.0,922.0,1101,121.064,-94.0,870.0,846,76.905,-65.0,358.0,1024,67.319,-63.0,448.0
1164,1254,122.052,-76.0,936.0,1000,94.749,-69.0,812.0,1101,126.101,-80.0,875.0,846,75.861,-63.0,392.0,1024,63.408,-71.0,435.0
1165,1254,117.533,-46.0,1045.0,1000,85.044,-83.0,752.0,1101,125.115,-131.0,781.0,846,71.842,-91.0,432.0,1024,64.026,-57.0,425.0
1166,1254,115.367,-74.0,963.0,1000,90.495,-69.0,749.0,1101,111.632,-66.0,817.0,846,67.006,-72.0,334.0,1024,65.424,-71.0,520.0
1167,1254,121.018,-80.0,982.0,1000,93.742,-71.0,866.0,1101,117.679,-83.0,767.0,846,72.404,-78.0,417.0,1024,65.098,-56.0,460.0
1168,1254,112.711,-86.0,942.0,1000,84.085,-80.0,840.0,1101,121.217,-102.0,749.0,846,66.765,-54.0,386.0,1024,61.59,-49.0,617.0
1169,1254,111.789,-68.0,864.0,1000,88.778,-77.0,591.0,1101,109.706,-65.0,758.0,846,62.309,-57.0,371.0,1024,62.562,-60.0,393.0
1170,1254,111.579,-61.0,840.0,1000,91.21,-82.0,905.0,1101,120.54,-103.0,906.0,846,64.814,-47.0,403.0,1024,58.894,-69.0,434.0
1171,1254,120.65,-64.0,874.0,1000,86.67,-60.0,821.0,1101,108.923,-67.0,744.0,846,65.294,-67.0,495.0,1024,62.771,-62.0,369.0
1172,1254,117.76,-78.0,704.0,1000,77.667,-102.0,679.0,1101,114.729,-102.0,749.0,846,74.389,-70.0,422.0,1024,58.105,-60.0,469.0
1173,1254,109.534,-68.0,951.0,1000,92.849,-69.0,604.0,1101,110.922,-83.0,772.0,846,70.755,-66.0,371.0,1024,55.909,-52.0,415.0
1174,1254,114.611,-74.0,918.0,1000,85.714,-85.0,869.0,1101,124.335,-97.0,908.0,846,69.734,-84.0,422.0,1024,57.403,-56.0,404.0
1175,1254,111.666,-92.0,951.0,1000,84.848,-64.0,926.0,1101,112.119,-127.0,812.0,846,60.385,-73.0,387.0,1024,60.384,-61.0,501.0
1176,1254,112.62,-86.0,981.0,1000,85.332,-61.0,928.0,1101,110.711,-88.0,912.0,846,63.444,-71.0,417.0,1024,54.577,-55.0,372.0
1177,1254,109.896,-82.0,795.0,1000,87.666,-86.0,594.0,1101,121.223,-91.0,790.0,846,59.862,-48.0,344.0,1024,54.387,-59.0,461.0
1178,1254,110.445,-75.0,822.0,1000,84.722,-103.0,862.0,1101,110.883,-107.0,732.0,846,66.652,-69.0,438.0,1024,53.543,-44.0,398.0
1179,1254,109.49,-147.0,1163.0,1000,76.395,-99.0,806.0,1101,114.886,-89.0,818.0,846,66.182,-59.0,386.0,1024,52.305,-60.0,490.0
1180,1254,113.395,-78.0,964.0,1000,86.13,-94.0,809.0,1101,112.232,-112.0,755.0,846,64.699,-52.0,336.0,1024,51.08,-84.0,436.0
1181,1254,107.01,-75.0,898.0,1000,82.855,-49.0,692.0,1101,114.034,-79.0,610.0,846,60.299,-67.0,373.0,1024,51.386,-43.0,418.0
1182,1254,111.392,-91.0,657.0,1000,85.894,-83.0,786.0,1101,122.509,-93.0,829.0,846,60.485,-72.0,573.0,1024,55.469,-73.0,360.0
1183,1254,109.262,-79.0,814.0,1000,80.608,-63.0,773.0,1101,115.0,-91.0,899.0,846,65.975,-67.0,431.0,1024,50.898,-48.0,467.0
1184,1254,113.028,-79.0,870.0,1000,87.127,-76.0,929.0,1101,116.717,-63.0,692.0,846,68.485,-86.0,421.0,1024,53.274,-69.0,436.0
1185,1254,113.746,-85.0,747.0,1000,91.121,-62.0,729.0,1101,111.26,-70.0,743.0,846,68.095,-45.0,313.0,1024,54.315,-64.0,555.0
1186,1254,113.013,-92.0,922.0,1000,86.553,-84.0,1057.0,1101,107.348,-69.0,771.0,846,59.884,-64.0,321.0,1024,57.133,-65.0,370.0
1187,1254,107.47,-80.0,1150.0,1000,88.351,-48.0,983.0,1101,104.441,-102.0,650.0,846,61.145,-62.0,359.0,1024,53.628,-77.0,476.0
1188,1254,111.502,-83.0,1013.0,1000,83.836,-65.0,708.0,1101,114.832,-90.0,844.0,846,63.762,-56.0,359.0,1024,49.341,-63.0,346.0
1189,1254,114.575,-131.0,993.0,1000,85.718,-61.0,762.0,1101,116.41,-96.0,755.0,846,61.019,-68.0,338.0,1024,54.301,-51.0,570.0
1190,1254,121.493,-76.0,857.0,1000,85.562,-62.0,724.0,1101,116.41,-130.0,904.0,846,70.566,-75.0,467.0,1024,52.482,-69.0,370.0
1191,1254,119.68,-73.0,972.0,1000,80.838,-71.0,822.0,1101,110.579,-77.0,826.0,846,67.551,-63.0,327.0,1024,51.016,-57.0,387.0
1192,1254,109.844,-86.0,708.0,1000,85.016,-77.0,753.0,1101,106.094,-115.0,762.0,846,66.197,-53.0,448.0,1024,52.128,-57.0,396.0
1193,1254,111.693,-73.0,752.0,1000,87.533,-92.0,1017.0,1101,118.504,-102.0,755.0,846,63.678,-57.0,340.0,1024,52.968,-48.0,386.0
1194,1254,109.887,-91.0,914.0,1000,84.333,-61.0,814.0,1101,114.528,-88.0,864.0,846,62.902,-70.0,378.0,1024,47.199,-61.0,526.0
1195,1254,105.59,-69.0,972.0,1000,85.609,-62.0,818.0,1101,120.134,-89.0,696.0,846,69.228,-75.0,418.0,1024,46.179,-53.0,553.0
1196,1254,111.043,-69.0,863.0,1000,82.833,-47.0,767.0,1101,120.174,-102.0,899.0,846,56.98,-73.0,335.0,1024,51.763,-61.0,383.0
1197,1254,113.65,-77.0,706.0,1000,86.789,-90.0,724.0,1101,111.203,-96.0,769.0,846,65.909,-74.0,500.0,1024,47.657,-59.0,357.0
1198,1254,116.19,-70.0,903.0,1000,85.704,-65.0,813.0,1101,111.988,-92.0,733.0,846,61.631,-82.0,550.0,1024,49.014,-60.0,370.0
1199,1254,113.746,-91.0,867.0,1000,78.797,-75.0,749.0,1101,114.708,-77.0,679.0,846,57.274,-55.0,456.0,1024,48.934,-53.0,542.0
1200,1254,113.671,-85.0,902.0,1000,85.573,-85.0,718.0,1101,122.255,-109.0,840.0,846,65.686,-62.0,376.0,1024,48.557,-51.0,595.0
1201,1254,105.612,-91.0,746.0,1000,83.88,-76.0,644.0,1101,115.446,-80.0,627.0,846,64.618,-62.0,414.0,1024,48.14,-43.0,483.0
1202,1254,110.461,-80.0,784.0,1000,86.435,-78.0,813.0,1101,110.944,-98.0,746.0,846,64.126,-70.0,413.0,1024,49.539,-48.0,419.0
1203,1254,117.122,-87.0,930.0,1000,87.254,-91.0,677.0,1101,113.816,-94.0,681.0,846,66.598,-43.0,412.0,1024,52.981,-76.0,363.0
1204,1254,111.564,-88.0,824.0,1000,81.592,-100.0,798.0,1101,108.986,-78.0,639.0,846,64.239,-68.0,353.0,1024,47.747,-87.0,365.0
1205,1254,107.339,-76.0,836.0,1000,79.558,-69.0,926.0,1101,111.954,-106.0,836.0,846,64.863,-71.0,354.0,1024,48.476,-55.0,399.0
1206,1254,112.734,-96.0,833.0,1000,83.235,-79.0,765.0,1101,116.582,-72.0,654.0,846,68.779,-101.0,589.0,1024,49.393,-53.0,456.0
1207,1254,110.699,-85.0,953.0,1000,79.007,-61.0,820.0,1101,113.598,-57.0,751.0,846,67.518,-88.0,355.0,1024,48.744,-65.0,394.0
1208,1254,105.778,-71.0,884.0,1000,82.208,-89.0,787.0,1101,116.039,-91.0,918.0,846,62.324,-74.0,373.0,1024,44.763,-52.0,350.0
1209,1254,109.311,-61.0,797.0,1000,85.719,-51.0,710.0,1101,114.128,-85.0,724.0,846,62.496,-63.0,366.0,1024,50.325,-62.0,414.0
1210,1254,110.888,-70.0,940.0,1000,87.662,-83.0,646.0,1101,123.631,-107.0,788.0,846,63.761,-61.0,378.0,1024,50.208,-53.0,358.0
1211,1254,117.982,-94.0,846.0,1000,84.989,-84.0,741.0,1101,112.474,-86.0,680.0,846,66.219,-77.0,369.0,1024,47.925,-56.0,460.0
1212,1254,110.507,-90.0,727.0,1000,76.51,-85.0,608.0,1101,116.542,-85.0,771.0,846,67.281,-58.0,342.0,1024,47.903,-47.0,515.0
1213,1254,105.989,-83.0,898.0,1000,83.378,-87.0,803.0,1101,110.076,-84.0,733.0,846,64.538,-71.0,334.0,1024,50.566,-64.0,437.0
1214,1254,113.775,-67.0,801.0,1000,86.006,-60.0,789.0,1101,113.175,-64.0,752.0,846,61.999,-59.0,529.0,1024,50.087,-69.0,444.0
1215,1254,111.065,-82.0,707.0,1000,88.851,-67.0,699.0,1101,115.542,-129.0,727.0,846,65.019,-64.0,369.0,1024,50.635,-67.0,360.0
1216,1254,110.962,-111.0,1012.0,1000,81.137,-79.0,922.0,1101,113.757,-76.0,858.0,846,61.356,-52.0,360.0,1024,51.332,-46.0,335.0
1217,1254,116.129,-71.0,864.0,1000,88.976,-84.0,719.0,1101,113.749,-79.0,779.0,846,63.621,-67.0,436.0,1024,51.157,-60.0,332.0
1218,1254,115.613,-105.0,967.0,1000,86.32,-73.0,753.0,1101,114.17,-76.0,739.0,846,65.894,-59.0,372.0,1024,51.441,-69.0,371.0
1219,1254,114.311,-99.0,876.0,1000,86.19,-93.0,862.0,1101,111.049,-88.0,679.0,846,67.993,-85.0,412.0,1024,52.223,-95.0,419.0
1220,1254,110.577,-118.0,867.0,1000,84.249,-90.0,612.0,1101,112.643,-76.0,687.0,846,67.696,-53.0,472.0,1024,48.114,-49.0,401.0
1221,1254,110.868,-117.0,786.0,1000,85.938,-78.0,608.0,1101,107.744,-75.0,665.0,846,65.52,-59.0,411.0,1024,47.909,-79.0,555.0
1222,1254,108.432,-95.0,797.0,1000,87.955,-63.0,700.0,1101,114.233,-90.0,763.0,846,66.076,-49.0,337.0,1024,42.324,-61.0,478.0
1223,1254,111.195,-97.0,898.0,1000,86.139,-94.0,601.0,1101,120.89,-101.0,830.0,846,61.683,-67.0,478.0,1024,49.943,-60.0,417.0
1224,1254,111.82,-119.0,778.0,1000,79.282,-66.0,607.0,1101,112.132,-69.0,775.0,846,65.305,-59.0,356.0,1024,49.299,-64.0,322.0
1225,1254,115.5,-98.0,608.0,1000,87.079,-57.0,683.0,1101,103.887,-73.0,759.0,846,67.674,-64.0,359.0,1024,48.583,-50.0,450.0
1226,1254,110.396,-72.0,926.0,1000,84.036,-62.0,804.0,1101,116.672,-84.0,570.0,846,61.286,-57.0,378.0,1024,49.055,-98.0,416.0
1227,1254,115.392,-73.0,677.0,1000,90.304,-99.0,491.0,1101,116.642,-81.0,733.0,846,63.35,-69.0,453.0,1024,52.004,-54.0,387.0
1228,1254,109.535,-95.0,743.0,1000,86.014,-75.0,699.0,1101,114.505,-136.0,888.0,846,67.368,-85.0,418.0,1024,50.496,-51.0,463.0
1229,1254,113.762,-86.0,829.0,1000,88.553,-59.0,599.0,1101,118.179,-78.0,652.0,846,64.404,-69.0,424.0,1024,47.276,-39.0,593.0
1230,1254,109.646,-117.0,835.0,1000,94.226,-103.0,821.0,1101,115.968,-94.0,732.0,846,63.586,-69.0,464.0,1024,45.066,-53.0,350.0
1231,1254,115.28,-98.0,798.0,1000,80.945,-63.0,815.0,1101,109.573,-87.0,651.0,846,70.736,-78.0,451.0,1024,47.331,-65.0,649.0
1232,1254,113.825,-86.0,814.0,1000,83.745,-78.0,831.0,1101,116.105,-64.0,718.0,846,66.835,-61.0,327.0,1024,51.039,-55.0,495.0
1233,1254,112.086,-82.0,916.0,1000,81.135,-100.0,566.0,1101,119.148,-103.0,770.0,846,63.034,-59.0,363.0,1024,50.964,-67.0,419.0
1234,1254,107.808,-95.0,1137.0,1000,87.223,-72.0,876.0,1101,110.303,-77.0,892.0,846,67.435,-53.0,378.0,1024,48.735,-57.0,414.0
1235,1254,111.124,-86.0,713.0,1000,89.648,-71.0,1003.0,1101,122.829,-85.0,782.0,846,60.254,-61.0,522.0,1024,49.962,-64.0,541.0
1236,1254,111.111,-69.0,761.0,1000,87.227,-98.0,775.0,1101,116.72,-70.0,620.0,846,62.343,-51.0,377.0,1024,44.977,-60.0,376.0
1237,1254,112.557,-89.0,912.0,1000,86.1,-90.0,828.0,1101,113.585,-91.0,758.0,846,59.177,-64.0,373.0,1024,50.486,-42.0,330.0
1238,1254,112.588,-84.0,717.0,1000,86.121,-71.0,685.0,1101,112.978,-111.0,621.0,846,60.374,-61.0,500.0,1024,49.954,-46.0,447.0
1239,1254,106.411,-85.0,892.0,1000,81.62,-66.0,686.0,1101,108.084,-69.0,736.0,846,60.6,-63.0,399.0,1024,48.463,-61.0,527.0
1240,1254,110.938,-86.0,1067.0,1000,83.755,-71.0,692.0,1101,113.783,-81.0,755.0,846,61.74,-74.0,375.0,1024,49.133,-89.0,341.0
1241,1254,108.091,-80.0,775.0,1000,85.349,-78.0,719.0,1101,115.452,-90.0,788.0,846,62.621,-77.0,416.0,1024,46.702,-63.0,486.0
1242,1254,109.931,-99.0,687.0,1000,92.852,-71.0,809.0,1101,116.54,-73.0,787.0,846,62.132,-73.0,368.0,1024,47.478,-82.0,527.0
1243,1254,109.671,-91.0,884.0,1000,86.165,-81.0,780.0,1101,111.993,-60.0,645.0,846,60.398,-62.0,400.0,1024,48.584,-58.0,385.0
1244,1254,115.052,-81.0,806.0,1000,86.355,-101.0,870.0,1101,119.483,-69.0,643.0,846,63.322,-66.0,419.0,1024,47.623,-58.0,490.0
1245,1254,113.585,-94.0,921.0,1000,82.901,-67.0,784.0,1101,109.052,-81.0,659.0,846,62.318,-54.0,383.0,1024,44.819,-59.0,468.0
1246,1254,112.23,-78.0,632.0,1000,88.268,-94.0,1010.0,1101,118.846,-113.0,772.0,846,68.16,-82.0,495.0,1024,46.661,-74.0,464.0
1247,1254,107.783,-110.0,884.0,1000,81.201,-65.0,653.0,1101,117.144,-77.0,756.0,846,68.434,-54.0,404.0,1024,47.582,-64.0,445.0
1248,1254,108.216,-74.0,915.0,1000,80.046,-88.0,748.0,1101,117.168,-79.0,719.0,846,65.277,-81.0,543.0,1024,51.151,-51.0,537.0
1249,1254,113.813,-86.0,840.0,1000,90.836,-93.0,593.0,1101,115.164,-94.0,899.0,846,64.903,-82.0,421.0,1024,48.939,-80.0,468.0
1250,1254,109.918,-112.0,804.0,1000,83.781,-71.0,676.0,1101,115.402,-73.0,628.0,846,65.147,-55.0,331.0,1024,53.717,-97.0,400.0
1251,1254,110.491,-72.0,839.0,1000,86.453,-72.0,647.0,1101,114.47,-86.0,717.0,846,66.345,-56.0,411.0,1024,52.17,-60.0,426.0
1252,1254,112.547,-105.0,713.0,1000,85.329,-82.0,749.0,1101,120.8,-84.0,684.0,846,69.965,-58.0,379.0,1024,51.752,-61.0,383.0
1253,1254,113.234,-79.0,852.0,1000,82.835,-65.0,681.0,1101,116.246,-75.0,735.0,846,61.247,-73.0,370.0,1024,54.304,-64.0,493.0
1254,1254,112.329,-90.0,740.0,1000,87.077,-93.0,690.0,1101,119.286,-78.0,660.0,846,65.781,-57.0,389.0,1024,50.099,-50.0,555.0
1255,1254,111.415,-71.0,844.0,1000,89.159,-67.0,767.0,1101,113.298,-119.0,647.0,846,62.415,-54.0,436.0,1024,49.727,-61.0,516.0
1256,1254,112.247,-101.0,835.0,1000,86.868,-60.0,703.0,1101,116.27,-96.0,778.0,846,63.476,-52.0,570.0,1024,46.054,-50.0,324.0
1257,1254,114.132,-96.0,680.0,1000,84.638,-70.0,651.0,1101,117.626,-86.0,844.0,846,65.46,-60.0,487.0,1024,47.797,-68.0,374.0
1258,1254,113.985,-63.0,907.0,1000,84.28,-59.0,864.0,1101,104.999,-96.0,704.0,846,63.554,-77.0,322.0,1024,49.911,-75.0,498.0
1259,1254,113.447,-63.0,915.0,1000,83.83,-58.0,640.0,1101,114.068,-93.0,769.0,846,68.051,-71.0,453.0,1024,49.664,-58.0,477.0
1260,1254,111.566,-83.0,900.0,1000,85.535,-79.0,843.0,1101,116.109,-86.0,944.0,846,65.786,-68.0,399.0,1024,46.695,-57.0,395.0
1261,1254,109.024,-66.0,891.0,1000,94.038,-97.0,711.0,1101,110.793,-95.0,927.0,846,64.17,-65.0,368.0,1024,52.417,-47.0,343.0
1262,1254,110.6,-88.0,788.0,1000,85.195,-95.0,800.0,1101,112.944,-143.0,778.0,846,66.026,-58.0,467.0,1024,48.002,-71.0,435.0
1263,1254,103.531,-54.0,740.0,1000,88.773,-76.0,791.0,1101,118.113,-65.0,785.0,846,60.22,-59.0,349.0,1024,52.029,-70.0,481.0
1264,1254,105.739,-78.0,729.0,1000,86.435,-74.0,712.0,1101,115.445,-85.0,838.0,846,65.929,-65.0,321.0,1024,48.482,-94.0,435.0
1265,1254,110.95,-68.0,734.0,1000,87.81,-73.0,680.0,1101,112.023,-96.0,607.0,846,66.028,-54.0,354.0,1024,48.354,-52.0,576.0
1266,1254,111.448,-81.0,946.0,1000,85.312,-81.0,819.0,1101,113.577,-73.0,604.0,846,67.697,-61.0,448.0,1024,51.391,-53.0,515.0
1267,1254,110.638,-62.0,683.0,1000,86.799,-93.0,804.0,1101,110.666,-83.0,716.0,846,59.174,-55.0,385.0,1024,49.169,-73.0,346.0
1268,1254,112.981,-79.0,729.0,1000,88.149,-66.0,700.0,1101,111.163,-119.0,717.0,846,58.398,-73.0,368.0,1024,51.041,-53.0,437.0
1269,1254,112.491,-83.0,862.0,1000,89.983,-95.0,837.0,1101,118.441,-68.0,627.0,846,65.643,-49.0,353.0,1024,52.638,-79.0,464.0
1270,1254,112.175,-94.0,814.0,1000,87.822,-62.0,567.0,1101,110.397,-126.0,748.0,846,58.086,-58.0,396.0,1024,50.654,-64.0,411.0
1271,1254,111.785,-109.0,669.0,1000,92.149,-86.0,661.0,1101,115.025,-78.0,759.0,846,67.227,-73.0,446.0,1024,49.715,-103.0,525.0
1272,1254,110.916,-69.0,795.0,1000,91.045,-77.0,766.0,1101,113.828,-83.0,708.0,846,65.528,-53.0,354.0,1024,45.503,-50.0,357.0
1273,1254,112.002,-65.0,771.0,1000,87.452,-61.0,663.0,1101,114.588,-103.0,704.0,846,61.203,-84.0,349.0,1024,46.306,-41.0,454.0
1274,1254,112.466,-66.0,797.0,1000,87.371,-77.0,649.0,1101,111.238,-114.0,692.0,846,61.934,-58.0,353.0,1024,48.048,-66.0,542.0
1275,1254,114.017,-90.0,685.0,1000,85.216,-108.0,602.0,1101,110.458,-59.0,746.0,846,64.413,-57.0,381.0,1024,48.776,-64.0,373.0
1276,1254,109.554,-66.0,691.0,1000,92.531,-108.0,659.0,1101,126.306,-84.0,872.0,846,79.275,-87.0,418.0,1024,59.689,-60.0,517.0
1277,1254,128.194,-80.0,761.0,1000,112.096,-73.0,643.0,1101,136.131,-87.0,732.0,846,99.303,-69.0,543.0,1024,79.832,-88.0,449.0
1278,1254,137.018,-78.0,700.0,1000,113.617,-96.0,721.0,1101,136.37,-120.0,750.0,846,105.129,-110.0,589.0,1024,80.777,-58.0,527.0
1279,1254,128.389,-114.0,831.0,1000,106.977,-111.0,642.0,1101,133.457,-88.0,789.0,846,104.836,-69.0,493.0,1024,77.873,-72.0,528.0
1280,1254,125.868,-76.0,808.0,1000,102.052,-62.0,943.0,1101,132.112,-86.0,821.0,846,98.811,-81.0,487.0,1024,77.49,-56.0,633.0
1281,1254,125.596,-87.0,723.0,1000,99.08,-67.0,659.0,1101,121.784,-70.0,712.0,846,86.569,-61.0,439.0,1024,70.752,-94.0,466.0
1282,1254,126.696,-68.0,940.0,1000,102.968,-112.0,613.0,1101,122.873,-71.0,693.0,846,87.232,-72.0,538.0,1024,68.258,-59.0,411.0
1283,1254,116.22,-97.0,951.0,1000,92.578,-78.0,640.0,1101,119.701,-97.0,662.0,846,85.798,-75.0,500.0,1024,73.326,-81.0,469.0
1284,1254,109.182,-70.0,625.0,1000,90.716,-72.0,744.0,1101,118.041,-82.0,804.0,846,81.805,-66.0,419.0,1024,69.65,-78.0,511.0
1285,1254,114.161,-86.0,782.0,1000,95.187,-79.0,865.0,1101,117.238,-98.0,717.0,846,74.791,-75.0,370.0,1024,62.482,-68.0,357.0
1286,1254,112.988,-69.0,715.0,1000,90.957,-56.0,737.0,1101,119.991,-89.0,644.0,846,69.954,-75.0,416.0,1024,70.924,-68.0,452.0
1287,1254,114.955,-96.0,891.0,1000,89.727,-108.0,866.0,1101,115.035,-87.0,820.0,846,72.171,-67.0,461.0,1024,61.362,-53.0,505.0
1288,1254,118.652,-80.0,996.0,1000,88.416,-76.0,761.0,1101,119.199,-89.0,763.0,846,73.047,-72.0,456.0,1024,66.071,-80.0,432.0
1289,1254,117.092,-95.0,778.0,1000,96.111,-76.0,680.0,1101,111.114,-106.0,751.0,846,67.437,-59.0,406.0,1024,62.368,-53.0,323.0
1290,1254,115.65,-88.0,910.0,1000,86.334,-78.0,717.0,1101,113.144,-111.0,639.0,846,74.104,-57.0,450.0,1024,58.59,-71.0,442.0
1291,1254,119.634,-74.0,896.0,1000,86.29,-125.0,735.0,1101,113.435,-88.0,661.0,846,61.926,-45.0,345.0,1024,55.74,-46.0,341.0
1292,1254,109.56,-93.0,850.0,1000,83.24,-55.0,561.0,1101,111.276,-77.0,692.0,846,65.421,-55.0,551.0,1024,59.553,-64.0,371.0
1293,1254,106.386,-104.0,781.0,1000,88.423,-91.0,561.0,1101,111.248,-88.0,758.0,846,64.566,-68.0,371.0,1024,60.278,-68.0,412.0
1294,1254,115.878,-62.0,745.0,1000,96.111,-65.0,731.0,1101,118.735,-116.0,913.0,846,67.976,-66.0,472.0,1024,59.917,-60.0,427.0
1295,1254,112.951,-74.0,877.0,1000,89.948,-81.0,688.0,1101,111.474,-66.0,713.0,846,67.314,-73.0,343.0,1024,59.871,-80.0,390.0
1296,1254,117.437,-98.0,637.0,1000,92.302,-70.0,736.0,1101,114.966,-89.0,636.0,846,67.657,-66.0,407.0,1024,56.76,-59.0,547.0
1297,1254,112.07,-63.0,753.0,1000,84.252,-51.0,769.0,1101,116.045,-109.0,864.0,846,65.366,-67.0,410.0,1024,57.768,-72.0,518.0
1298,1254,110.14,-87.0,618.0,1000,89.632,-65.0,665.0,1101,110.467,-89.0,798.0,846,64.448,-45.0,441.0,1024,55.508,-75.0,367.0
1299,1254,113.367,-91.0,827.0,1000,87.163,-69.0,919.0,1101,122.063,-79.0,827.0,846,65.767,-61.0,366.0,1024,58.358,-61.0,590.0
1300,1254,114.855,-90.0,867.0,1000,88.575,-104.0,584.0,1101,113.675,-67.0,868.0,846,64.806,-80.0,383.0,1024,56.201,-68.0,583.0
1301,1254,113.628,-80.0,818.0,1000,89.136,-113.0,635.0,1101,114.008,-61.0,787.0,846,66.675,-74.0,331.0,1024,53.392,-47.0,406.0
1302,1254,115.449,-92.0,777.0,1000,89.495,-62.0,791.0,1101,110.622,-67.0,724.0,846,62.933,-56.0,391.0,1024,65.816,-50.0,752.0
1303,1254,110.894,-73.0,806.0,1000,88.872,-103.0,688.0,1101,109.509,-89.0,634.0,846,62.558,-66.0,353.0,1024,54.98,-70.0,404.0
1304,1254,113.62,-73.0,857.0,1000,81.245,-65.0,703.0,1101,120.928,-121.0,852.0,846,61.337,-71.0,494.0,1024,53.159,-62.0,485.0
1305,1254,110.029,-100.0,696.0,1000,84.594,-102.0,783.0,1101,126.924,-108.0,724.0,846,65.311,-69.0,393.0,1024,58.594,-65.0,381.0
1306,1254,107.343,-72.0,673.0,1000,84.784,-112.0,726.0,1101,118.103,-107.0,722.0,846,68.258,-63.0,398.0,1024,55.301,-55.0,354.0
1307,1254,111.994,-64.0,841.0,1000,90.341,-67.0,835.0,1101,116.459,-99.0,883.0,846,61.608,-72.0,366.0,1024,61.807,-67.0,502.0
1308,1254,110.173,-70.0,700.0,1000,88.218,-65.0,859.0,1101,116.78,-101.0,878.0,846,66.384,-76.0,502.0,1024,50.78,-63.0,430.0
1309,1254,108.735,-93.0,851.0,1000,83.677,-77.0,689.0,1101,110.633,-127.0,730.0,846,72.005,-62.0,403.0,1024,53.893,-72.0,361.0
1310,1254,109.747,-57.0,837.0,1000,84.152,-65.0,933.0,1101,115.688,-117.0,796.0,846,65.03,-68.0,513.0,1024,53.489,-86.0,548.0
1311,1254,115.265,-61.0,745.0,1000,90.235,-62.0,796.0,1101,111.784,-110.0,744.0,846,64.277,-64.0,390.0,1024,54.563,-46.0,379.0
1312,1254,113.587,-73.0,875.0,1000,82.902,-84.0,768.0,1101,113.438,-109.0,742.0,846,62.661,-64.0,450.0,1024,53.631,-53.0,578.0
1313,1254,114.006,-111.0,1039.0,1000,82.636,-87.0,685.0,1101,111.26,-91.0,755.0,846,65.129,-54.0,459.0,1024,53.772,-67.0,410.0
1314,1254,115.803,-87.0,715.0,1000,86.725,-74.0,742.0,1101,116.659,-73.0,767.0,846,69.284,-80.0,338.0,1024,53.47,-63.0,317.0
1315,1254,116.637,-73.0,775.0,1000,83.51,-85.0,744.0,1101,118.558,-89.0,836.0,846,64.522,-66.0,393.0,1024,46.102,-64.0,398.0
1316,1254,111.415,-75.0,792.0,1000,86.052,-72.0,762.0,1101,111.304,-88.0,1067.0,846,70.338,-63.0,340.0,1024,51.499,-102.0,464.0
1317,1254,113.014,-58.0,747.0,1000,84.739,-70.0,677.0,1101,113.11,-94.0,651.0,846,66.284,-69.0,389.0,1024,52.093,-67.0,554.0
1318,1254,114.49,-90.0,877.0,1000,81.502,-87.0,694.0,1101,113.946,-78.0,758.0,846,66.726,-88.0,449.0,1024,52.458,-49.0,400.0
1319,1254,108.369,-77.0,825.0,1000,90.316,-82.0,738.0,1101,110.448,-100.0,661.0,846,64.775,-58.0,433.0,1024,47.563,-73.0,456.0
1320,1254,117.538,-89.0,747.0,1000,85.457,-74.0,606.0,1101,112.501,-91.0,762.0,846,62.868,-60.0,342.0,1024,50.993,-54.0,317.0
1321,1254,113.604,-74.0,829.0,1000,88.309,-77.0,750.0,1101,109.687,-66.0,750.0,846,71.474,-82.0,380.0,1024,52.393,-65.0,383.0
1322,1254,111.144,-55.0,803.0,1000,92.897,-87.0,635.0,1101,117.847,-87.0,632.0,846,60.97,-108.0,408.0,1024,52.396,-62.0,617.0
1323,1254,108.124,-80.0,739.0,1000,91.063,-83.0,617.0,1101,109.001,-95.0,804.0,846,65.476,-97.0,509.0,1024,54.929,-66.0,374.0
1324,1254,115.5,-82.0,772.0,1000,82.907,-70.0,589.0,1101,111.709,-75.0,767.0,846,66.207,-121.0,462.0,1024,55.478,-73.0,437.0
1325,1254,113.761,-69.0,953.0,1000,90.819,-69.0,1029.0,1101,111.481,-62.0,842.0,846,63.5,-89.0,546.0,1024,50.351,-53.0,415.0
1326,1254,106.139,-72.0,857.0,1000,83.614,-77.0,522.0,1101,113.255,-68.0,628.0,846,64.96,-74.0,446.0,1024,52.353,-61.0,467.0
1327,1254,109.427,-67.0,727.0,1000,87.921,-76.0,692.0,1101,116.679,-85.0,822.0,846,68.801,-59.0,408.0,1024,49.998,-60.0,391.0
1328,1254,111.444,-75.0,707.0,1000,87.817,-79.0,732.0,1101,114.457,-80.0,838.0,846,62.246,-63.0,354.0,1024,50.423,-78.0,386.0
1329,1254,110.017,-75.0,647.0,1000,84.577,-77.0,662.0,1101,110.207,-102.0,721.0,846,69.832,-75.0,362.0,1024,52.168,-83.0,426.0
1330,1254,109.573,-94.0,792.0,1000,85.064,-94.0,757.0,1101,114.435,-102.0,889.0,846,61.277,-58.0,354.0,1024,48.358,-94.0,502.0
1331,1254,111.931,-74.0,722.0,1000,86.807,-87.0,711.0,1101,113.688,-70.0,637.0,846,61.359,-51.0,345.0,1024,51.159,-62.0,487.0
1332,1254,104.999,-79.0,657.0,1000,84.857,-93.0,739.0,1101,112.364,-82.0,778.0,846,64.874,-73.0,365.0,1024,50.006,-80.0,568.0
1333,1254,112.476,-63.0,764.0,1000,83.925,-70.0,834.0,1101,111.577,-88.0,705.0,846,60.372,-55.0,340.0,1024,50.954,-64.0,533.0
1334,1254,106.866,-83.0,828.0,1000,85.339,-60.0,704.0,1101,113.698,-106.0,625.0,846,65.709,-59.0,505.0,1024,53.639,-63.0,381.0
1335,1254,110.114,-59.0,847.0,1000,86.861,-77.0,730.0,1101,114.947,-103.0,642.0,846,60.292,-62.0,395.0,1024,52.034,-94.0,422.0
1336,1254,116.267,-127.0,815.0,1000,89.93,-80.0,729.0,1101,105.456,-62.0,659.0,846,60.194,-58.0,337.0,1024,51.384,-56.0,402.0
1337,1254,114.259,-78.0,881.0,1000,87.825,-58.0,629.0,1101,117.967,-82.0,701.0,846,63.403,-79.0,376.0,1024,52.847,-69.0,352.0
1338,1254,110.735,-72.0,727.0,1000,85.133,-109.0,849.0,1101,114.829,-109.0,739.0,846,64.736,-85.0,378.0,1024,50.371,-61.0,375.0
1339,1254,109.599,-70.0,799.0,1000,87.882,-70.0,586.0,1101,113.039,-88.0,745.0,846,68.826,-56.0,506.0,1024,50.049,-50.0,388.0
1340,1254,115.956,-75.0,789.0,1000,85.927,-102.0,769.0,1101,114.212,-108.0,733.0,846,59.553,-75.0,414.0,1024,53.197,-73.0,368.0
1341,1254,112.09,-89.0,973.0,1000,82.29,-77.0,858.0,1101,110.133,-90.0,904.0,846,64.235,-61.0,372.0,1024,57.365,-74.0,553.0
1342,1254,106.911,-62.0,727.0,1000,81.491,-71.0,653.0,1101,103.189,-99.0,742.0,846,65.073,-64.0,460.0,1024,52.339,-63.0,693.0
1343,1254,114.987,-71.0,828.0,1000,90.617,-64.0,810.0,1101,107.558,-121.0,762.0,846,61.284,-52.0,438.0,1024,48.487,-62.0,525.0
1344,1254,111.171,-65.0,766.0,1000,84.875,-70.0,796.0,1101,116.224,-69.0,818.0,846,63.252,-69.0,379.0,1024,48.695,-59.0,341.0
1345,1254,111.526,-94.0,812.0,1000,83.233,-65.0,713.0,1101,108.914,-69.0,655.0,846,63.427,-53.0,359.0,1024,51.101,-53.0,417.0
1346,1254,106.358,-76.0,681.0,1000,87.711,-84.0,797.0,1101,110.211,-102.0,667.0,846,65.823,-75.0,367.0,1024,53.427,-77.0,354.0
1347,1254,108.849,-65.0,713.0,1000,81.157,-52.0,660.0,1101,115.915,-74.0,721.0,846,62.039,-54.0,416.0,1024,48.523,-54.0,437.0
1348,1254,116.034,-67.0,900.0,1000,82.731,-58.0,618.0,1101,110.266,-93.0,728.0,846,60.651,-75.0,332.0,1024,54.111,-73.0,599.0
1349,1254,106.448,-70.0,917.0,1000,84.735,-116.0,878.0,1101,109.095,-105.0,644.0,846,65.936,-80.0,488.0,1024,47.883,-60.0,386.0
1350,1254,111.693,-59.0,775.0,1000,85.661,-76.0,810.0,1101,115.463,-103.0,635.0,846,68.442,-95.0,487.0,1024,48.896,-76.0,452.0
1351,1254,115.989,-97.0,637.0,1000,90.986,-97.0,753.0,1101,112.047,-84.0,664.0,846,65.733,-65.0,516.0,1024,52.372,-61.0,448.0
1352,1254,109.919,-87.0,796.0,1000,86.309,-98.0,717.0,1101,112.552,-107.0,679.0,846,72.385,-56.0,401.0,1024,46.579,-52.0,478.0
1353,1254,108.712,-58.0,967.0,1000,90.48,-114.0,754.0,1101,116.126,-82.0,651.0,846,60.158,-48.0,556.0,1024,45.496,-52.0,402.0
1354,1254,103.923,-44.0,851.0,1000,86.36,-94.0,837.0,1101,111.23,-60.0,789.0,846,64.596,-79.0,418.0,1024,50.304,-51.0,449.0
1355,1254,111.984,-50.0,864.0,1000,87.636,-76.0,632.0,1101,112.3,-105.0,836.0,846,69.027,-56.0,436.0,1024,50.808,-77.0,451.0
1356,1254,117.951,-73.0,857.0,1000,94.607,-61.0,806.0,1101,109.368,-62.0,645.0,846,64.902,-57.0,343.0,1024,48.703,-71.0,591.0
1357,1254,108.127,-57.0,719.0,1000,91.268,-70.0,783.0,1101,111.126,-118.0,883.0,846,58.34,-51.0,350.0,1024,48.491,-53.0,409.0
1358,1254,107.668,-59.0,716.0,1000,87.32,-89.0,738.0,1101,114.232,-99.0,898.0,846,67.597,-51.0,445.0,1024,51.465,-64.0,476.0
1359,1254,112.688,-56.0,925.0,1000,84.688,-64.0,665.0,1101,110.7,-87.0,685.0,846,69.527,-78.0,427.0,1024,50.646,-50.0,350.0
1360,1254,117.211,-66.0,901.0,1000,84.095,-51.0,552.0,1101,107.507,-80.0,757.0,846,66.084,-64.0,399.0,1024,44.819,-63.0,427.0
1361,1254,107.885,-44.0,924.0,1000,85.664,-57.0,627.0,1101,108.313,-87.0,716.0,846,64.176,-59.0,426.0,1024,49.449,-82.0,463.0
1362,1254,108.316,-49.0,885.0,1000,89.224,-74.0,752.0,1101,107.823,-78.0,635.0,846,62.449,-57.0,360.0,1024,47.605,-67.0,441.0
1363,1254,111.187,-59.0,737.0,1000,88.917,-70.0,745.0,1101,105.708,-96.0,785.0,846,63.71,-62.0,420.0,1024,48.859,-51.0,556.0
1364,1254,113.019,-62.0,734.0,1000,83.399,-67.0,770.0,1101,120.48,-83.0,773.0,846,58.677,-69.0,425.0,1024,46.875,-52.0,496.0
1365,1254,100.531,-49.0,692.0,1000,90.726,-77.0,764.0,1101,119.183,-83.0,708.0,846,62.898,-71.0,525.0,1024,50.553,-54.0,387.0
1366,1254,112.394,-61.0,753.0,1000,90.021,-76.0,840.0,1101,107.618,-58.0,580.0,846,70.082,-68.0,472.0,1024,49.534,-75.0,402.0
1367,1254,114.565,-66.0,830.0,1000,87.279,-68.0,606.0,1101,111.629,-93.0,722.0,846,65.073,-53.0,585.0,1024,47.356,-82.0,547.0
1368,1254,113.92,-77.0,859.0,1000,91.832,-68.0,757.0,1101,114.274,-71.0,969.0,846,62.162,-76.0,407.0,1024,50.499,-60.0,418.0
1369,1254,104.959,-77.0,693.0,1000,80.873,-77.0,780.0,1101,107.219,-99.0,671.0,846,61.053,-65.0,436.0,1024,45.899,-45.0,434.0
1370,1254,113.812,-65.0,820.0,1000,89.71,-72.0,814.0,1101,109.111,-81.0,809.0,846,62.332,-65.0,411.0,1024,47.037,-52.0,553.0
1371,1254,107.665,-46.0,871.0,1000,86.77,-76.0,545.0,1101,114.221,-100.0,693.0,846,60.201,-56.0,401.0,1024,47.259,-50.0,656.0
1372,1254,107.754,-51.0,910.0,1000,88.297,-72.0,680.0,1101,109.872,-101.0,894.0,846,69.494,-62.0,430.0,1024,48.431,-72.0,548.0
1373,1254,111.073,-54.0,865.0,1000,81.33,-64.0,816.0,1101,106.55,-60.0,747.0,846,65.194,-52.0,420.0,1024,48.149,-91.0,413.0
1374,1254,107.751,-51.0,818.0,1000,87.647,-74.0,799.0,1101,109.722,-91.0,891.0,846,64.887,-65.0,457.0,1024,47.761,-49.0,366.0
1375,1254,107.793,-42.0,914.0,1000,90.21,-82.0,890.0,1101,108.563,-83.0,859.0,846,69.037,-66.0,444.0,1024,46.442,-47.0,365.0
1376,1254,106.738,-36.0,817.0,1000,84.62,-70.0,992.0,1101,110.847,-76.0,645.0,846,67.911,-68.0,350.0,1024,48.962,-48.0,584.0
1377,1254,116.921,-26.0,774.0,1000,82.145,-62.0,790.0,1101,112.342,-115.0,735.0,846,60.397,-64.0,414.0,1024,48.606,-59.0,524.0
1378,1254,108.751,-31.0,856.0,1000,88.164,-86.0,748.0,1101,111.439,-109.0,773.0,846,66.623,-60.0,588.0,1024,48.989,-78.0,355.0
1379,1254,108.303,-42.0,793.0,1000,83.248,-50.0,733.0,1101,111.146,-84.0,765.0,846,64.734,-59.0,363.0,1024,49.824,-84.0,412.0
1380,1254,114.376,-36.0,934.0,1000,88.542,-62.0,634.0,1101,111.494,-88.0,715.0,846,59.118,-57.0,506.0,1024,45.955,-68.0,446.0
1381,1254,104.42,-45.0,711.0,1000,81.635,-64.0,817.0,1101,114.493,-90.0,817.0,846,67.221,-69.0,516.0,1024,45.939,-47.0,490.0
1382,1254,105.161,-55.0,895.0,1000,82.28,-64.0,734.0,1101,113.527,-111.0,729.0,846,64.761,-76.0,421.0,1024,43.306,-107.0,642.0
1383,1254,112.252,-53.0,965.0,1000,90.055,-52.0,841.0,1101,116.036,-94.0,741.0,846,61.212,-61.0,424.0,1024,49.214,-53.0,365.0
1384,1254,106.746,-94.0,887.0,1000,90.234,-85.0,687.0,1101,118.731,-88.0,836.0,846,69.067,-73.0,470.0,1024,47.462,-53.0,596.0
1385,1254,111.918,-55.0,801.0,1000,85.967,-63.0,631.0,1101,113.387,-94.0,715.0,846,63.706,-64.0,416.0,1024,50.557,-49.0,388.0
1386,1254,116.151,-55.0,826.0,1000,86.55,-67.0,828.0,1101,115.15,-75.0,778.0,846,62.616,-53.0,487.0,1024,47.979,-59.0,725.0
1387,1254,107.619,-56.0,1040.0,1000,88.434,-68.0,753.0,1101,107.814,-102.0,969.0,846,61.599,-66.0,497.0,1024,46.831,-59.0,499.0
1388,1254,110.793,-82.0,828.0,1000,88.242,-98.0,714.0,1101,112.058,-85.0,712.0,846,63.47,-63.0,537.0,1024,46.899,-74.0,377.0
1389,1254,108.656,-67.0,844.0,1000,93.004,-95.0,962.0,1101,102.909,-154.0,624.0,846,63.355,-55.0,353.0,1024,46.33,-42.0,477.0
1390,1254,114.47,-39.0,882.0,1000,90.438,-53.0,711.0,1101,113.674,-65.0,870.0,846,64.274,-56.0,411.0,1024,45.943,-56.0,714.0
1391,1254,110.254,-84.0,767.0,1000,85.305,-73.0,624.0,1101,112.586,-84.0,822.0,846,63.626,-42.0,456.0,1024,56.885,-48.0,543.0
1392,1254,108.986,-65.0,885.0,1000,84.611,-78.0,611.0,1101,112.923,-83.0,824.0,846,62.204,-77.0,538.0,1024,48.173,-55.0,324.0
1393,1254,107.471,-55.0,666.0,1000,87.972,-64.0,738.0,1101,110.817,-93.0,700.0,846,63.983,-50.0,457.0,1024,45.624,-44.0,626.0
1394,1254,107.852,-70.0,844.0,1000,93.322,-89.0,819.0,1101,112.612,-64.0,725.0,846,68.126,-80.0,460.0,1024,50.634,-61.0,578.0
1395,1254,102.258,-78.0,766.0,1000,86.108,-100.0,663.0,1101,114.14,-66.0,723.0,846,65.441,-46.0,524.0,1024,46.865,-41.0,449.0
1396,1254,114.561,-63.0,897.0,1000,84.801,-79.0,746.0,1101,116.81,-75.0,935.0,846,68.78,-95.0,448.0,1024,53.23,-79.0,478.0
1397,1254,125.176,-71.0,929.0,1000,107.518,-67.0,752.0,1101,127.691,-132.0,741.0,846,95.515,-80.0,448.0,1024,69.706,-68.0,574.0
1398,1254,130.538,-72.0,837.0,1000,118.934,-95.0,978.0,1101,129.705,-84.0,854.0,846,99.428,-92.0,513.0,1024,81.525,-63.0,510.0
1399,1254,133.027,-61.0,872.0,1000,114.288,-91.0,694.0,1101,126.928,-95.0,795.0,846,98.41,-86.0,460.0,1024,75.722,-62.0,722.0
1400,1254,121.549,-66.0,1076.0,1000,104.223,-63.0,787.0,1101,121.451,-74.0,643.0,846,94.236,-69.0,461.0,1024,77.086,-60.0,547.0
1401,1254,123.631,-74.0,949.0,1000,103.83,-87.0,799.0,1101,127.392,-89.0,798.0,846,82.556,-73.0,589.0,1024,74.871,-95.0,445.0
1402,1254,119.048,-51.0,927.0,1000,99.055,-58.0,690.0,1101,113.703,-66.0,778.0,846,84.732,-68.0,467.0,1024,74.362,-70.0,600.0
1403,1254,107.975,-58.0,762.0,1000,101.856,-67.0,768.0,1101,115.565,-93.0,786.0,846,75.538,-99.0,411.0,1024,69.467,-64.0,574.0
1404,1254,113.345,-57.0,732.0,1000,91.272,-52.0,740.0,1101,114.158,-119.0,758.0,846,75.427,-54.0,424.0,1024,68.662,-60.0,640.0
1405,1254,118.933,-83.0,718.0,1000,91.491,-65.0,833.0,1101,115.74,-90.0,790.0,846,75.697,-85.0,468.0,1024,65.063,-81.0,538.0
1406,1254,112.892,-53.0,690.0,1000,90.796,-75.0,765.0,1101,124.916,-69.0,745.0,846,72.735,-65.0,456.0,1024,65.107,-76.0,498.0
1407,1254,115.375,-91.0,745.0,1000,88.678,-86.0,842.0,1101,117.084,-123.0,785.0,846,67.9,-74.0,473.0,1024,67.986,-57.0,634.0
1408,1254,112.95,-82.0,867.0,1000,92.859,-57.0,811.0,1101,104.24,-76.0,593.0,846,70.82,-63.0,455.0,1024,62.887,-85.0,445.0
1409,1254,116.152,-77.0,691.0,1000,94.139,-67.0,898.0,1101,111.162,-80.0,653.0,846,67.577,-75.0,430.0,1024,67.488,-53.0,400.0
1410,1254,113.144,-79.0,826.0,1000,93.706,-63.0,797.0,1101,110.114,-102.0,644.0,846,68.582,-58.0,392.0,1024,62.248,-56.0,537.0
1411,1254,117.472,-80.0,813.0,1000,93.847,-55.0,890.0,1101,109.72,-61.0,687.0,846,62.019,-56.0,445.0,1024,58.825,-70.0,552.0
1412,1254,109.863,-63.0,819.0,1000,92.416,-59.0,787.0,1101,113.738,-82.0,910.0,846,64.874,-52.0,550.0,1024,59.311,-62.0,442.0
1413,1254,113.477,-71.0,785.0,1000,85.797,-77.0,705.0,1101,112.176,-69.0,868.0,846,68.278,-56.0,571.0,1024,61.549,-74.0,615.0
1414,1254,107.144,-61.0,704.0,1000,90.816,-78.0,893.0,1101,113.374,-113.0,773.0,846,72.787,-51.0,494.0,1024,55.939,-60.0,563.0
1415,1254,114.758,-57.0,718.0,1000,91.23,-61.0,613.0,1101,115.429,-92.0,772.0,846,68.885,-64.0,423.0,1024,59.248,-70.0,561.0
1416,1254,111.386,-53.0,897.0,1000,94.003,-49.0,994.0,1101,114.919,-88.0,752.0,846,64.111,-65.0,386.0,1024,59.797,-68.0,563.0
1417,1254,115.032,-61.0,1072.0,1000,89.9,-75.0,712.0,1101,111.492,-63.0,788.0,846,65.348,-53.0,360.0,1024,58.238,-102.0,461.0
1418,1254,112.863,-100.0,797.0,1000,91.8,-65.0,710.0,1101,108.562,-113.0,583.0,846,68.418,-74.0,441.0,1024,53.14,-75.0,363.0
1419,1254,111.045,-67.0,946.0,1000,88.697,-73.0,763.0,1101,108.398,-111.0,744.0,846,66.246,-91.0,456.0,1024,55.225,-55.0,665.0
1420,1254,117.963,-93.0,915.0,1000,94.815,-87.0,754.0,1101,110.382,-132.0,728.0,846,68.375,-68.0,311.0,1024,51.956,-66.0,446.0
1421,1254,112.778,-84.0,715.0,1000,89.916,-100.0,666.0,1101,109.776,-117.0,782.0,846,63.732,-98.0,423.0,1024,54.124,-55.0,485.0
1422,1254,110.859,-54.0,954.0,1000,87.811,-81.0,766.0,1101,107.938,-78.0,622.0,846,66.904,-67.0,509.0,1024,56.614,-59.0,405.0
1423,1254,107.47,-68.0,891.0,1000,88.327,-62.0,702.0,1101,108.748,-86.0,701.0,846,65.248,-74.0,530.0,1024,53.779,-102.0,498.0
1424,1254,111.311,-78.0,805.0,1000,88.163,-94.0,737.0,1101,108.637,-86.0,743.0,846,64.637,-71.0,385.0,1024,51.904,-58.0,635.0
1425,1254,113.437,-70.0,885.0,1000,90.727,-92.0,703.0,1101,114.347,-87.0,760.0,846,68.947,-71.0,610.0,1024,51.07,-60.0,486.0
1426,1254,113.516,-74.0,851.0,1000,95.637,-83.0,808.0,1101,109.513,-82.0,744.0,846,67.916,-53.0,530.0,1024,55.008,-57.0,456.0
1427,1254,115.476,-70.0,774.0,1000,88.665,-74.0,631.0,1101,112.292,-70.0,794.0,846,69.462,-69.0,497.0,1024,58.564,-79.0,496.0
1428,1254,114.183,-81.0,853.0,1000,90.069,-90.0,664.0,1101,115.197,-76.0,830.0,846,64.238,-85.0,390.0,1024,57.611,-80.0,450.0
1429,1254,110.931,-69.0,896.0,1000,87.912,-86.0,864.0,1101,114.791,-77.0,982.0,846,65.505,-68.0,366.0,1024,55.673,-100.0,651.0
1430,1254,112.703,-54.0,818.0,1000,92.124,-91.0,652.0,1101,111.309,-111.0,874.0,846,72.663,-96.0,469.0,1024,55.369,-72.0,474.0
1431,1254,115.142,-83.0,896.0,1000,89.844,-62.0,674.0,1101,107.326,-100.0,557.0,846,67.518,-72.0,437.0,1024,50.963,-64.0,416.0
1432,1254,113.322,-81.0,783.0,1000,85.093,-80.0,826.0,1101,112.527,-84.0,690.0,846,61.988,-79.0,384.0,1024,50.891,-49.0,474.0
1433,1254,115.447,-59.0,828.0,1000,89.818,-58.0,737.0,1101,109.052,-74.0,750.0,846,66.632,-52.0,344.0,1024,57.019,-78.0,504.0
1434,1254,115.574,-112.0,763.0,1000,92.287,-105.0,844.0,1101,112.657,-75.0,737.0,846,63.015,-60.0,400.0,1024,54.159,-80.0,438.0
1435,1254,110.174,-74.0,934.0,1000,99.448,-63.0,675.0,1101,114.291,-72.0,913.0,846,71.92,-67.0,402.0,1024,59.967,-78.0,511.0
1436,1254,110.742,-70.0,735.0,1000,85.239,-82.0,816.0,1101,109.549,-100.0,694.0,846,69.788,-80.0,455.0,1024,53.629,-64.0,430.0
1437,1254,111.366,-57.0,850.0,1000,85.819,-89.0,823.0,1101,110.186,-71.0,682.0,846,64.922,-60.0,469.0,1024,54.508,-52.0,766.0
1438,1254,117.39,-67.0,797.0,1000,80.555,-70.0,751.0,1101,108.693,-96.0,660.0,846,65.758,-54.0,434.0,1024,52.61,-68.0,518.0
1439,1254,110.444,-71.0,914.0,1000,89.681,-90.0,679.0,1101,108.487,-103.0,975.0,846,66.826,-66.0,403.0,1024,53.896,-68.0,681.0
1440,1254,109.049,-79.0,648.0,1000,84.658,-57.0,556.0,1101,110.497,-88.0,733.0,846,66.864,-80.0,458.0,1024,51.65,-47.0,309.0
1441,1254,113.687,-79.0,742.0,1000,91.166,-130.0,762.0,1101,106.147,-92.0,629.0,846,66.868,-92.0,537.0,1024,51.508,-73.0,591.0
1442,1254,106.394,-47.0,921.0,1000,90.607,-95.0,947.0,1101,112.985,-86.0,762.0,846,68.68,-65.0,416.0,1024,50.314,-87.0,570.0
1443,1254,107.057,-71.0,794.0,1000,86.467,-62.0,664.0,1101,113.66,-103.0,715.0,846,69.006,-106.0,348.0,1024,54.0,-120.0,447.0
1444,1254,106.893,-53.0,697.0,1000,88.337,-98.0,633.0,1101,114.333,-73.0,736.0,846,62.102,-78.0,429.0,1024,57.108,-52.0,489.0
1445,1254,103.506,-64.0,762.0,1000,92.861,-101.0,741.0,1101,103.683,-99.0,720.0,846,62.022,-44.0,481.0,1024,50.825,-45.0,466.0
1446,1254,106.498,-57.0,684.0,1000,88.424,-69.0,734.0,1101,113.332,-83.0,665.0,846,67.663,-64.0,504.0,1024,59.038,-97.0,532.0
1447,1254,114.689,-59.0,809.0,1000,89.248,-78.0,703.0,1101,109.859,-79.0,815.0,846,64.214,-78.0,453.0,1024,56.366,-71.0,397.0
1448,1254,107.191,-97.0,714.0,1000,89.758,-91.0,726.0,1101,114.53,-130.0,904.0,846,64.755,-69.0,416.0,1024,51.192,-81.0,476.0
1449,1254,110.904,-88.0,830.0,1000,92.748,-96.0,741.0,1101,112.383,-68.0,636.0,846,60.537,-66.0,426.0,1024,55.391,-55.0,395.0
1450,1254,108.182,-84.0,893.0,1000,94.975,-94.0,721.0,1101,109.119,-101.0,762.0,846,66.329,-66.0,379.0,1024,53.697,-66.0,637.0
1451,1254,109.464,-82.0,709.0,1000,87.752,-87.0,841.0,1101,107.51,-95.0,748.0,846,66.745,-59.0,360.0,1024,50.971,-77.0,558.0
1452,1254,107.677,-67.0,758.0,1000,88.739,-76.0,795.0,1101,109.592,-71.0,581.0,846,65.241,-74.0,454.0,1024,51.539,-88.0,650.0
1453,1254,113.479,-52.0,849.0,1000,86.381,-61.0,558.0,1101,109.101,-64.0,629.0,846,63.907,-92.0,456.0,1024,51.073,-67.0,425.0
1454,1254,104.02,-96.0,810.0,1000,92.546,-59.0,645.0,1101,109.885,-91.0,738.0,846,63.528,-55.0,513.0,1024,52.984,-58.0,486.0
1455,1254,105.006,-62.0,841.0,1000,91.16,-76.0,811.0,1101,108.559,-62.0,672.0,846,67.311,-47.0,335.0,1024,49.745,-73.0,319.0
1456,1254,111.095,-85.0,877.0,1000,87.555,-61.0,659.0,1101,101.124,-67.0,833.0,846,66.831,-54.0,420.0,1024,51.913,-62.0,407.0
1457,1254,112.624,-69.0,684.0,1000,90.691,-73.0,747.0,1101,111.369,-72.0,731.0,846,60.552,-58.0,385.0,1024,47.034,-60.0,415.0
1458,1254,106.983,-80.0,816.0,1000,92.453,-74.0,712.0,1101,110.509,-85.0,1036.0,846,68.642,-65.0,416.0,1024,51.065,-72.0,567.0
1459,1254,107.851,-63.0,820.0,1000,90.086,-56.0,690.0,1101,105.3,-110.0,750.0,846,69.202,-54.0,425.0,1024,46.246,-50.0,580.0
1460,1254,110.815,-71.0,876.0,1000,86.067,-53.0,734.0,1101,109.91,-92.0,724.0,846,60.805,-70.0,316.0,1024,54.18,-69.0,458.0
1461,1254,108.247,-80.0,798.0,1000,89.929,-68.0,766.0,1101,107.949,-70.0,829.0,846,68.764,-76.0,373.0,1024,49.413,-77.0,543.0
1462,1254,104.297,-72.0,798.0,1000,87.648,-67.0,665.0,1101,106.176,-77.0,790.0,846,63.171,-54.0,330.0,1024,50.14,-59.0,509.0
1463,1254,111.136,-95.0,799.0,1000,87.814,-67.0,689.0,1101,112.475,-113.0,771.0,846,65.079,-50.0,425.0,1024,47.849,-45.0,514.0
1464,1254,111.997,-71.0,633.0,1000,91.463,-67.0,766.0,1101,103.01,-73.0,907.0,846,62.874,-52.0,363.0,1024,50.497,-66.0,471.0
1465,1254,108.317,-81.0,870.0,1000,99.912,-67.0,859.0,1101,109.425,-81.0,707.0,846,60.266,-74.0,415.0,1024,52.183,-56.0,831.0
1466,1254,116.195,-61.0,844.0,1000,86.006,-75.0,894.0,1101,109.831,-77.0,735.0,846,65.144,-57.0,459.0,1024,47.945,-59.0,448.0
1467,1254,109.785,-66.0,944.0,1000,88.007,-64.0,599.0,1101,109.055,-91.0,663.0,846,70.496,-111.0,404.0,1024,47.713,-78.0,536.0
1468,1254,113.631,-89.0,797.0,1000,90.157,-71.0,740.0,1101,107.029,-80.0,631.0,846,69.6,-57.0,509.0,1024,51.318,-65.0,579.0
1469,1254,113.553,-73.0,765.0,1000,93.012,-58.0,632.0,1101,103.363,-101.0,815.0,846,62.095,-55.0,562.0,1024,51.403,-60.0,581.0
1470,1254,113.348,-59.0,971.0,1000,89.271,-98.0,760.0,1101,105.986,-77.0,708.0,846,65.112,-69.0,325.0,1024,51.315,-77.0,341.0
1471,1254,111.599,-78.0,899.0,1000,88.21,-56.0,714.0,1101,103.488,-112.0,757.0,846,69.281,-63.0,505.0,1024,49.506,-60.0,369.0
1472,1254,111.195,-94.0,758.0,1000,89.758,-60.0,751.0,1101,99.59,-75.0,637.0,846,67.561,-69.0,396.0,1024,56.315,-62.0,426.0
1473,1254,109.522,-73.0,983.0,1000,85.551,-91.0,594.0,1101,109.738,-84.0,662.0,846,64.252,-62.0,548.0,1024,53.799,-95.0,394.0
1474,1254,112.188,-84.0,766.0,1000,84.385,-103.0,661.0,1101,106.94,-64.0,751.0,846,60.831,-51.0,339.0,1024,50.205,-52.0,570.0
1475,1254,105.423,-77.0,747.0,1000,89.524,-76.0,830.0,1101,111.59,-117.0,733.0,846,70.072,-76.0,407.0,1024,56.237,-65.0,569.0
1476,1254,114.105,-89.0,809.0,1000,91.497,-62.0,680.0,1101,105.41,-91.0,753.0,846,67.026,-62.0,448.0,1024,57.122,-56.0,459.0
1477,1254,108.782,-83.0,773.0,1000,90.654,-65.0,674.0,1101,111.635,-81.0,820.0,846,63.684,-84.0,306.0,1024,55.86,-118.0,387.0
1478,1254,109.869,-66.0,954.0,1000,83.553,-74.0,793.0,1101,111.559,-79.0,774.0,846,62.072,-62.0,378.0,1024,49.744,-78.0,624.0
1479,1254,114.732,-73.0,788.0,1000,84.032,-69.0,712.0,1101,108.866,-85.0,866.0,846,61.292,-113.0,411.0,1024,55.831,-52.0,565.0
1480,1254,110.057,-63.0,886.0,1000,90.279,-67.0,731.0,1101,112.363,-78.0,714.0,846,68.507,-63.0,434.0,1024,49.71,-72.0,469.0
1481,1254,116.034,-67.0,817.0,1000,95.233,-99.0,662.0,1101,112.501,-94.0,903.0,846,64.246,-79.0,380.0,1024,54.716,-48.0,593.0
1482,1254,114.003,-82.0,830.0,1000,88.865,-67.0,809.0,1101,114.159,-84.0,576.0,846,67.414,-75.0,441.0,1024,52.706,-72.0,386.0
1483,1254,110.478,-64.0,731.0,1000,93.769,-63.0,777.0,1101,106.696,-96.0,683.0,846,65.722,-62.0,387.0,1024,52.438,-65.0,477.0
1484,1254,113.52,-91.0,1026.0,1000,90.577,-57.0,783.0,1101,101.365,-97.0,810.0,846,67.969,-72.0,399.0,1024,54.74,-66.0,577.0
1485,1254,110.11,-69.0,853.0,1000,88.868,-68.0,801.0,1101,113.342,-83.0,636.0,846,68.371,-86.0,417.0,1024,56.642,-71.0,445.0
1486,1254,111.198,-84.0,904.0,1000,87.592,-93.0,655.0,1101,108.933,-110.0,808.0,846,66.846,-84.0,344.0,1024,55.527,-111.0,519.0
1487,1254,106.813,-64.0,674.0,1000,86.398,-53.0,762.0,1101,112.921,-83.0,702.0,846,62.327,-81.0,417.0,1024,56.732,-53.0,578.0
1488,1254,107.659,-59.0,859.0,1000,94.137,-60.0,754.0,1101,110.61,-110.0,737.0,846,58.071,-80.0,341.0,1024,59.082,-49.0,462.0
1489,1254,112.667,-58.0,829.0,1000,89.372,-71.0,782.0,1101,108.494,-72.0,689.0,846,73.889,-67.0,408.0,1024,55.682,-50.0,658.0
1490,1254,109.656,-68.0,796.0,1000,87.277,-68.0,613.0,1101,109.191,-90.0,758.0,846,63.736,-61.0,385.0,1024,57.178,-73.0,428.0
1491,1254,104.27,-59.0,737.0,1000,85.797,-73.0,547.0,1101,108.217,-118.0,648.0,846,65.338,-61.0,446.0,1024,52.679,-114.0,496.0
1492,1254,111.542,-102.0,759.0,1000,87.85,-90.0,637.0,1101,109.831,-88.0,821.0,846,63.91,-70.0,474.0,1024,53.84,-69.0,633.0
1493,1254,110.721,-83.0,692.0,1000,84.605,-71.0,612.0,1101,112.152,-99.0,802.0,846,64.525,-61.0,455.0,1024,57.521,-53.0,538.0
1494,1254,104.771,-97.0,870.0,1000,97.607,-65.0,715.0,1101,113.619,-77.0,715.0,846,60.661,-69.0,434.0,1024,54.638,-50.0,401.0
1495,1254,106.55,-64.0,886.0,1000,94.228,-73.0,753.0,1101,105.525,-86.0,996.0,846,64.113,-89.0,370.0,1024,56.007,-56.0,595.0
1496,1254,112.358,-75.0,837.0,1000,92.869,-96.0,768.0,1101,107.153,-86.0,590.0,846,67.265,-81.0,399.0,1024,52.995,-53.0,478.0
1497,1254,110.281,-82.0,1034.0,1000,90.903,-82.0,632.0,1101,113.383,-86.0,678.0,846,68.758,-67.0,440.0,1024,52.831,-47.0,509.0
1498,1254,108.888,-76.0,768.0,1000,89.174,-62.0,685.0,1101,110.342,-92.0,732.0,846,60.933,-57.0,388.0,1024,50.144,-90.0,464.0
1499,1254,102.25,-100.0,890.0,1000,90.791,-75.0,657.0,1101,106.063,-72.0,636.0,846,67.697,-75.0,353.0,1024,52.416,-55.0,521.0
1500,1254,114.591,-99.0,760.0,1000,92.429,-56.0,796.0,1101,112.302,-67.0,682.0,846,71.599,-85.0,518.0,1024,59.281,-57.0,461.0
1501,1254,113.888,-95.0,903.0,1000,94.14,-84.0,783.0,1101,116.549,-105.0,673.0,846,61.441,-59.0,360.0,1024,55.684,-64.0,478.0
1502,1254,112.284,-69.0,848.0,1000,94.027,-77.0,838.0,1101,110.926,-81.0,654.0,846,60.318,-69.0,403.0,1024,61.303,-120.0,621.0
1503,1254,109.695,-79.0,717.0,1000,92.355,-153.0,802.0,1101,110.269,-60.0,771.0,846,67.31,-57.0,376.0,1024,53.922,-120.0,596.0
1504,1254,111.261,-67.0,784.0,1000,87.915,-80.0,833.0,1101,109.529,-106.0,713.0,846,65.875,-53.0,515.0,1024,58.14,-56.0,463.0
1505,1254,105.742,-65.0,642.0,1000,88.622,-83.0,892.0,1101,111.998,-61.0,693.0,846,67.682,-59.0,420.0,1024,53.155,-60.0,464.0
1506,1254,107.565,-84.0,727.0,1000,84.175,-52.0,732.0,1101,101.743,-73.0,680.0,846,61.569,-54.0,363.0,1024,53.467,-56.0,975.0
1507,1254,105.051,-49.0,749.0,1000,93.555,-78.0,757.0,1101,106.685,-66.0,636.0,846,64.835,-87.0,464.0,1024,48.624,-77.0,433.0
1508,1254,113.992,-66.0,763.0,1000,90.497,-92.0,713.0,1101,110.455,-64.0,783.0,846,70.277,-69.0,606.0,1024,55.948,-50.0,465.0
1509,1254,110.354,-75.0,584.0,1000,95.542,-70.0,629.0,1101,106.949,-106.0,633.0,846,67.092,-77.0,428.0,1024,54.43,-72.0,365.0
1510,1254,113.618,-96.0,868.0,1000,90.941,-78.0,677.0,1101,106.078,-79.0,577.0,846,64.809,-62.0,532.0,1024,50.742,-84.0,365.0
1511,1254,105.585,-119.0,887.0,1000,87.514,-57.0,806.0,1101,107.575,-77.0,789.0,846,70.699,-59.0,457.0,1024,54.594,-82.0,673.0
1512,1254,108.92,-95.0,752.0,1000,93.194,-65.0,966.0,1101,111.358,-94.0,612.0,846,67.197,-86.0,435.0,1024,54.511,-66.0,605.0
1513,1254,109.624,-64.0,813.0,1000,87.689,-88.0,693.0,1101,111.757,-90.0,796.0,846,69.838,-63.0,481.0,1024,55.04,-45.0,607.0
1514,1254,109.301,-70.0,914.0,1000,86.373,-79.0,722.0,1101,107.184,-75.0,637.0,846,63.545,-64.0,349.0,1024,51.604,-78.0,374.0
1515,1254,108.662,-88.0,780.0,1000,86.93,-65.0,834.0,1101,107.655,-63.0,779.0,846,67.835,-66.0,471.0,1024,49.129,-106.0,399.0
1516,1254,107.232,-87.0,746.0,1000,86.992,-82.0,587.0,1101,107.01,-83.0,625.0,846,62.625,-62.0,381.0,1024,51.613,-76.0,414.0
1517,1254,114.2,-86.0,864.0,1000,97.439,-54.0,952.0,1101,119.608,-77.0,704.0,846,78.186,-86.0,481.0,1024,73.149,-123.0,513.0
1518,1254,122.683,-77.0,821.0,1000,118.86,-70.0,719.0,1101,133.16,-72.0,803.0,846,89.478,-93.0,381.0,1024,84.43,-70.0,432.0
1519,1254,122.546,-85.0,857.0,1000,122.877,-63.0,848.0,1101,136.709,-75.0,676.0,846,82.722,-60.0,473.0,1024,85.929,-63.0,483.0
1520,1254,125.316,-72.0,818.0,1000,114.333,-65.0,829.0,1101,133.02,-86.0,781.0,846,85.665,-82.0,468.0,1024,77.85,-76.0,461.0
1521,1254,113.672,-70.0,889.0,1000,106.793,-72.0,844.0,1101,121.708,-101.0,840.0,846,81.935,-71.0,465.0,1024,74.67,-70.0,418.0
1522,1254,118.297,-66.0,927.0,1000,106.029,-55.0,756.0,1101,113.014,-83.0,766.0,846,74.429,-82.0,544.0,1024,69.884,-53.0,511.0
1523,1254,120.41,-80.0,917.0,1000,102.402,-86.0,759.0,1101,114.84,-84.0,721.0,846,78.091,-71.0,382.0,1024,72.231,-64.0,605.0
1524,1254,111.475,-70.0,746.0,1000,102.296,-71.0,761.0,1101,116.397,-63.0,724.0,846,63.823,-54.0,382.0,1024,71.908,-86.0,691.0
1525,1254,115.589,-87.0,751.0,1000,98.504,-79.0,643.0,1101,116.559,-117.0,721.0,846,72.151,-76.0,489.0,1024,70.41,-91.0,530.0
1526,1254,120.443,-82.0,789.0,1000,94.903,-88.0,760.0,1101,109.043,-80.0,732.0,846,69.268,-57.0,418.0,1024,65.644,-74.0,438.0
1527,1254,120.852,-72.0,756.0,1000,94.109,-54.0,711.0,1101,108.035,-88.0,704.0,846,72.963,-82.0,344.0,1024,67.905,-71.0,385.0
1528,1254,120.504,-70.0,818.0,1000,85.728,-51.0,690.0,1101,98.113,-109.0,596.0,846,69.71,-61.0,429.0,1024,61.181,-66.0,449.0
1529,1254,110.429,-98.0,830.0,1000,94.1,-58.0,829.0,1101,102.752,-82.0,789.0,846,72.83,-77.0,530.0,1024,62.457,-69.0,529.0
1530,1254,111.663,-82.0,837.0,1000,91.51,-113.0,763.0,1101,116.678,-85.0,867.0,846,71.337,-55.0,376.0,1024,55.004,-96.0,438.0
1531,1254,117.125,-57.0,723.0,1000,98.32,-88.0,653.0,1101,107.361,-93.0,597.0,846,65.817,-85.0,365.0,1024,61.299,-74.0,605.0
1532,1254,107.303,-69.0,757.0,1000,92.02,-87.0,625.0,1101,108.604,-99.0,646.0,846,73.047,-59.0,454.0,1024,54.128,-69.0,444.0
1533,1254,119.287,-98.0,820.0,1000,97.771,-97.0,652.0,1101,109.078,-79.0,788.0,846,70.011,-66.0,443.0,1024,57.56,-66.0,506.0
1534,1254,124.642,-82.0,760.0,1000,91.449,-85.0,665.0,1101,108.797,-91.0,550.0,846,72.033,-57.0,450.0,1024,57.165,-60.0,421.0
1535,1254,121.078,-80.0,691.0,1000,88.313,-79.0,614.0,1101,115.548,-63.0,766.0,846,64.623,-66.0,336.0,1024,58.84,-76.0,620.0
1536,1254,116.211,-67.0,889.0,1000,88.194,-96.0,897.0,1101,110.012,-120.0,802.0,846,67.266,-60.0,327.0,1024,58.252,-60.0,527.0
1537,1254,114.547,-124.0,758.0,1000,96.425,-59.0,639.0,1101,104.015,-87.0,836.0,846,66.058,-76.0,416.0,1024,56.053,-73.0,350.0
1538,1254,119.657,-75.0,1014.0,1000,87.297,-66.0,691.0,1101,108.282,-62.0,778.0,846,67.54,-65.0,479.0,1024,56.864,-71.0,656.0
1539,1254,118.507,-61.0,650.0,1000,89.261,-92.0,682.0,1101,112.381,-93.0,704.0,846,63.461,-88.0,455.0,1024,53.088,-66.0,510.0
1540,1254,116.207,-80.0,1000.0,1000,92.285,-74.0,693.0,1101,108.769,-90.0,620.0,846,70.566,-52.0,443.0,1024,58.196,-55.0,528.0
1541,1254,112.681,-61.0,889.0,1000,93.052,-87.0,704.0,1101,106.277,-146.0,607.0,846,68.0,-53.0,400.0,1024,56.935,-55.0,446.0
1542,1254,117.276,-83.0,710.0,1000,88.044,-60.0,663.0,1101,108.272,-90.0,705.0,846,69.388,-68.0,422.0,1024,53.572,-61.0,622.0
1543,1254,115.415,-70.0,843.0,1000,87.657,-91.0,648.0,1101,107.074,-68.0,702.0,846,71.069,-62.0,454.0,1024,49.511,-43.0,595.0
1544,1254,110.227,-69.0,757.0,1000,91.279,-82.0,798.0,1101,109.027,-64.0,630.0,846,69.26,-65.0,374.0,1024,48.921,-54.0,368.0
1545,1254,121.906,-80.0,756.0,1000,91.248,-77.0,766.0,1101,104.483,-66.0,675.0,846,63.453,-55.0,473.0,1024,51.384,-62.0,443.0
1546,1254,111.651,-83.0,648.0,1000,88.716,-60.0,850.0,1101,111.142,-87.0,732.0,846,70.07,-75.0,424.0,1024,54.025,-55.0,517.0
1547,1254,107.674,-70.0,796.0,1000,83.865,-79.0,630.0,1101,108.98,-83.0,891.0,846,68.318,-73.0,464.0,1024,49.415,-48.0,713.0
1548,1254,113.191,-57.0,795.0,1000,88.484,-60.0,719.0,1101,108.46,-98.0,724.0,846,59.563,-76.0,411.0,1024,51.799,-55.0,560.0
1549,1254,113.156,-79.0,723.0,1000,95.751,-72.0,616.0,1101,108.76,-76.0,802.0,846,64.435,-69.0,339.0,1024,51.987,-85.0,686.0
1550,1254,106.778,-82.0,605.0,1000,92.846,-71.0,648.0,1101,110.787,-73.0,702.0,846,61.988,-52.0,397.0,1024,48.991,-56.0,449.0
1551,1254,110.582,-83.0,798.0,1000,84.716,-79.0,736.0,1101,108.658,-68.0,599.0,846,62.324,-68.0,359.0,1024,53.416,-53.0,546.0
1552,1254,104.49,-91.0,827.0,1000,87.236,-55.0,588.0,1101,107.54,-98.0,776.0,846,63.331,-73.0,453.0,1024,51.683,-74.0,592.0
1553,1254,110.612,-67.0,777.0,1000,91.443,-82.0,686.0,1101,104.244,-98.0,700.0,846,68.363,-64.0,423.0,1024,53.36,-60.0,634.0
1554,1254,107.168,-84.0,635.0,1000,86.793,-85.0,748.0,1101,105.953,-86.0,635.0,846,67.141,-75.0,382.0,1024,48.289,-61.0,390.0
1555,1254,120.038,-76.0,969.0,1000,97.018,-48.0,774.0,1101,112.559,-95.0,638.0,846,67.734,-82.0,506.0,1024,51.661,-83.0,463.0
1556,1254,106.4,-79.0,769.0,1000,91.054,-66.0,791.0,1101,99.106,-72.0,595.0,846,67.175,-56.0,506.0,1024,49.528,-69.0,405.0
1557,1254,106.641,-77.0,983.0,1000,95.659,-49.0,614.0,1101,106.973,-99.0,729.0,846,69.746,-109.0,373.0,1024,53.394,-50.0,364.0
1558,1254,108.093,-67.0,776.0,1000,89.665,-57.0,667.0,1101,111.121,-83.0,797.0,846,66.331,-59.0,485.0,1024,50.532,-57.0,405.0
1559,1254,103.544,-81.0,823.0,1000,85.561,-69.0,706.0,1101,109.494,-55.0,708.0,846,64.174,-122.0,468.0,1024,50.248,-70.0,664.0
1560,1254,103.766,-65.0,737.0,1000,91.234,-57.0,745.0,1101,111.364,-67.0,646.0,846,67.518,-60.0,328.0,1024,52.629,-49.0,723.0
1561,1254,111.325,-68.0,886.0,1000,91.39,-55.0,741.0,1101,112.495,-84.0,874.0,846,65.374,-84.0,396.0,1024,50.365,-78.0,353.0
1562,1254,109.23,-95.0,747.0,1000,89.255,-54.0,728.0,1101,108.589,-115.0,570.0,846,66.908,-66.0,502.0,1024,47.908,-79.0,499.0
1563,1254,106.238,-85.0,759.0,1000,90.478,-71.0,758.0,1101,110.026,-62.0,783.0,846,68.404,-64.0,435.0,1024,50.449,-60.0,438.0
1564,1254,116.768,-106.0,825.0,1000,82.176,-60.0,708.0,1101,107.363,-93.0,644.0,846,61.119,-81.0,462.0,1024,44.065,-51.0,452.0
1565,1254,107.571,-97.0,747.0,1000,90.995,-50.0,762.0,1101,103.151,-83.0,744.0,846,64.118,-58.0,406.0,1024,47.612,-50.0,542.0
1566,1254,113.959,-86.0,839.0,1000,90.017,-101.0,664.0,1101,101.96,-62.0,678.0,846,69.214,-90.0,576.0,1024,46.995,-53.0,574.0
1567,1254,110.962,-82.0,871.0,1000,85.652,-54.0,646.0,1101,109.006,-93.0,685.0,846,70.259,-68.0,404.0,1024,48.226,-58.0,589.0
1568,1254,112.327,-84.0,675.0,1000,90.091,-87.0,710.0,1101,108.545,-89.0,575.0,846,67.525,-45.0,394.0,1024,50.394,-64.0,628.0
1569,1254,110.651,-61.0,636.0,1000,92.072,-82.0,791.0,1101,104.934,-96.0,658.0,846,68.556,-66.0,402.0,1024,50.825,-70.0,384.0
1570,1254,116.766,-132.0,700.0,1000,91.184,-56.0,569.0,1101,106.729,-72.0,640.0,846,63.606,-74.0,340.0,1024,46.035,-78.0,534.0
1571,1254,107.974,-110.0,643.0,1000,94.068,-89.0,677.0,1101,105.497,-59.0,628.0,846,70.909,-71.0,380.0,1024,50.739,-77.0,511.0
1572,1254,110.121,-77.0,678.0,1000,96.369,-71.0,729.0,1101,105.611,-93.0,783.0,846,66.449,-67.0,574.0,1024,51.459,-55.0,830.0
1573,1254,109.181,-65.0,762.0,1000,88.213,-82.0,654.0,1101,111.005,-61.0,767.0,846,74.141,-61.0,439.0,1024,51.592,-82.0,605.0
1574,1254,112.006,-88.0,865.0,1000,84.15,-76.0,722.0,1101,101.294,-59.0,671.0,846,65.501,-48.0,401.0,1024,52.719,-79.0,416.0
1575,1254,110.829,-118.0,851.0,1000,93.485,-83.0,739.0,1101,101.217,-63.0,631.0,846,67.691,-72.0,460.0,1024,54.136,-66.0,504.0
1576,1254,104.218,-98.0,738.0,1000,88.282,-63.0,789.0,1101,110.04,-64.0,705.0,846,66.541,-84.0,471.0,1024,54.417,-87.0,565.0
1577,1254,109.061,-115.0,815.0,1000,90.259,-69.0,685.0,1101,99.349,-77.0,715.0,846,65.416,-72.0,305.0,1024,55.028,-121.0,561.0
1578,1254,114.565,-75.0,728.0,1000,85.258,-78.0,547.0,1101,111.309,-65.0,631.0,846,69.651,-65.0,479.0,1024,51.644,-64.0,534.0
1579,1254,105.011,-110.0,841.0,1000,81.9,-75.0,655.0,1101,105.455,-79.0,783.0,846,67.813,-106.0,435.0,1024,52.666,-57.0,664.0
1580,1254,108.842,-74.0,811.0,1000,95.158,-72.0,819.0,1101,105.872,-92.0,725.0,846,61.622,-52.0,387.0,1024,54.682,-66.0,492.0
1581,1254,106.684,-68.0,716.0,1000,86.738,-99.0,698.0,1101,107.597,-71.0,725.0,846,67.117,-101.0,422.0,1024,52.465,-72.0,502.0
1582,1254,113.372,-78.0,858.0,1000,88.668,-103.0,747.0,1101,109.363,-94.0,674.0,846,74.291,-68.0,502.0,1024,52.076,-79.0,450.0
1583,1254,110.568,-75.0,733.0,1000,87.637,-69.0,635.0,1101,110.011,-136.0,647.0,846,62.723,-67.0,404.0,1024,50.302,-51.0,534.0
1584,1254,106.924,-95.0,867.0,1000,89.063,-82.0,727.0,1101,106.739,-67.0,712.0,846,69.353,-86.0,390.0,1024,49.947,-50.0,422.0
1585,1254,106.068,-108.0,739.0,1000,86.077,-66.0,626.0,1101,100.204,-79.0,765.0,846,65.033,-63.0,415.0,1024,46.578,-60.0,481.0
1586,1254,111.826,-66.0,802.0,1000,88.369,-76.0,700.0,1101,108.665,-87.0,776.0,846,71.102,-68.0,463.0,1024,51.498,-71.0,634.0
1587,1254,107.9,-102.0,640.0,1000,87.528,-79.0,795.0,1101,105.018,-102.0,761.0,846,67.201,-69.0,425.0,1024,47.587,-56.0,497.0
1588,1254,110.692,-105.0,829.0,1000,90.116,-71.0,732.0,1101,107.47,-53.0,608.0,846,67.853,-79.0,419.0,1024,48.532,-75.0,455.0
1589,1254,107.761,-93.0,912.0,1000,93.681,-65.0,686.0,1101,101.847,-81.0,592.0,846,64.92,-133.0,416.0,1024,49.863,-53.0,635.0
1590,1254,109.588,-79.0,659.0,1000,92.225,-69.0,565.0,1101,109.402,-125.0,809.0,846,66.902,-89.0,354.0,1024,50.638,-63.0,385.0
1591,1254,111.028,-61.0,693.0,1000,95.201,-62.0,701.0,1101,106.725,-67.0,610.0,846,63.17,-85.0,339.0,1024,44.539,-64.0,336.0
1592,1254,104.984,-63.0,608.0,1000,88.603,-74.0,627.0,1101,111.585,-80.0,789.0,846,65.848,-64.0,432.0,1024,50.514,-40.0,430.0
1593,1254,108.876,-67.0,930.0,1000,90.622,-57.0,624.0,1101,108.822,-68.0,667.0,846,65.982,-73.0,473.0,1024,53.993,-57.0,370.0
1594,1254,109.456,-119.0,885.0,1000,95.809,-113.0,728.0,1101,107.242,-93.0,760.0,846,64.014,-95.0,381.0,1024,46.904,-56.0,344.0
1595,1254,112.196,-77.0,816.0,1000,95.057,-91.0,784.0,1101,101.986,-83.0,591.0,846,67.155,-81.0,439.0,1024,51.055,-51.0,450.0
1596,1254,112.77,-88.0,744.0,1000,90.514,-73.0,673.0,1101,112.995,-112.0,717.0,846,70.678,-68.0,424.0,1024,49.691,-50.0,503.0
1597,1254,107.117,-111.0,795.0,1000,91.38,-65.0,744.0,1101,102.839,-57.0,671.0,846,64.161,-80.0,631.0,1024,59.17,-56.0,731.0
1598,1254,106.387,-83.0,681.0,1000,91.459,-89.0,815.0,1101,106.75,-111.0,636.0,846,68.606,-57.0,474.0,1024,53.693,-58.0,575.0
1599,1254,106.341,-73.0,794.0,1000,93.391,-53.0,743.0,1101,102.385,-70.0,688.0,846,68.797,-77.0,498.0,1024,53.605,-56.0,463.0
1600,1254,112.199,-93.0,987.0,1000,92.189,-63.0,649.0,1101,104.822,-110.0,765.0,846,68.844,-74.0,500.0,1024,48.078,-59.0,373.0
1601,1254,107.087,-66.0,733.0,1000,84.561,-60.0,785.0,1101,114.431,-79.0,734.0,846,64.13,-68.0,496.0,1024,50.061,-56.0,378.0
1602,1254,105.356,-86.0,793.0,1000,85.603,-77.0,559.0,1101,99.402,-112.0,648.0,846,71.673,-82.0,477.0,1024,55.556,-68.0,676.0
1603,1254,109.585,-86.0,718.0,1000,91.435,-68.0,697.0,1101,105.596,-85.0,873.0,846,65.533,-71.0,517.0,1024,51.565,-49.0,485.0
1604,1254,107.037,-105.0,756.0,1000,92.027,-69.0,670.0,1101,103.757,-101.0,649.0,846,68.297,-72.0,365.0,1024,49.919,-68.0,693.0
1605,1254,112.341,-70.0,841.0,1000,88.131,-63.0,805.0,1101,103.203,-94.0,695.0,846,70.739,-79.0,435.0,1024,53.584,-62.0,447.0
1606,1254,107.849,-90.0,785.0,1000,86.729,-52.0,628.0,1101,102.834,-75.0,638.0,846,68.634,-82.0,547.0,1024,54.107,-53.0,594.0
1607,1254,113.927,-82.0,769.0,1000,91.929,-74.0,929.0,1101,105.646,-79.0,791.0,846,72.415,-77.0,419.0,1024,53.341,-56.0,414.0
1608,1254,106.404,-70.0,700.0,1000,87.754,-92.0,741.0,1101,109.553,-93.0,707.0,846,59.876,-67.0,411.0,1024,53.375,-57.0,601.0
1609,1254,105.272,-71.0,776.0,1000,92.324,-56.0,929.0,1101,109.752,-70.0,644.0,846,60.866,-64.0,413.0,1024,51.272,-78.0,488.0
1610,1254,113.027,-78.0,875.0,1000,87.21,-60.0,807.0,1101,106.259,-71.0,635.0,846,63.817,-59.0,370.0,1024,49.96,-87.0,540.0
1611,1254,115.416,-105.0,675.0,1000,81.986,-59.0,585.0,1101,109.895,-81.0,655.0,846,68.259,-68.0,483.0,1024,51.021,-46.0,628.0
1612,1254,109.913,-93.0,844.0,1000,88.718,-43.0,674.0,1101,110.243,-66.0,773.0,846,60.883,-56.0,455.0,1024,51.964,-72.0,681.0
1613,1254,113.127,-96.0,804.0,1000,87.847,-78.0,757.0,1101,102.452,-53.0,615.0,846,72.423,-63.0,613.0,1024,49.915,-42.0,474.0
1614,1254,108.191,-86.0,846.0,1000,94.813,-68.0,803.0,1101,95.085,-74.0,693.0,846,68.608,-62.0,355.0,1024,48.997,-60.0,657.0
1615,1254,110.8,-86.0,799.0,1000,92.99,-133.0,640.0,1101,111.99,-106.0,741.0,846,67.056,-65.0,400.0,1024,55.312,-84.0,458.0
1616,1254,110.616,-87.0,716.0,1000,96.552,-55.0,867.0,1101,106.539,-71.0,812.0,846,67.23,-35.0,336.0,1024,49.226,-44.0,650.0
1617,1254,108.223,-92.0,787.0,1000,90.748,-64.0,930.0,1101,108.822,-75.0,1015.0,846,64.883,-55.0,497.0,1024,50.871,-84.0,444.0
1618,1254,105.988,-61.0,725.0,1000,84.947,-86.0,711.0,1101,109.231,-81.0,699.0,846,69.778,-63.0,496.0,1024,49.402,-40.0,545.0
1619,1254,106.045,-112.0,690.0,1000,94.705,-68.0,711.0,1101,107.237,-85.0,738.0,846,68.23,-65.0,400.0,1024,45.26,-44.0,486.0
1620,1254,111.152,-84.0,759.0,1000,89.975,-70.0,635.0,1101,110.204,-74.0,673.0,846,69.123,-54.0,346.0,1024,53.258,-68.0,434.0
1621,1254,109.465,-76.0,733.0,1000,94.102,-72.0,827.0,1101,101.579,-86.0,644.0,846,69.621,-87.0,473.0,1024,53.334,-82.0,697.0
1622,1254,105.762,-93.0,770.0,1000,90.495,-58.0,849.0,1101,106.868,-74.0,886.0,846,67.864,-68.0,516.0,1024,52.626,-51.0,528.0
1623,1254,111.394,-78.0,666.0,1000,95.376,-71.0,803.0,1101,106.052,-79.0,789.0,846,64.126,-70.0,406.0,1024,51.283,-62.0,508.0
1624,1254,110.513,-85.0,725.0,1000,92.614,-53.0,755.0,1101,103.698,-91.0,775.0,846,67.351,-63.0,432.0,1024,54.419,-92.0,392.0
1625,1254,108.338,-91.0,762.0,1000,85.314,-102.0,737.0,1101,108.182,-96.0,702.0,846,70.349,-78.0,366.0,1024,49.508,-67.0,407.0
1626,1254,107.985,-67.0,716.0,1000,95.32,-94.0,812.0,1101,102.096,-72.0,655.0,846,73.923,-93.0,448.0,1024,47.232,-97.0,417.0
1627,1254,114.266,-72.0,842.0,1000,91.612,-65.0,770.0,1101,106.144,-74.0,680.0,846,66.687,-76.0,332.0,1024,49.899,-56.0,535.0
1628,1254,110.825,-73.0,763.0,1000,99.974,-53.0,787.0,1101,106.702,-83.0,616.0,846,71.097,-79.0,647.0,1024,49.92,-75.0,423.0
1629,1254,111.746,-102.0,758.0,1000,88.023,-78.0,651.0,1101,106.082,-80.0,625.0,846,67.1,-55.0,448.0,1024,54.023,-76.0,558.0
1630,1254,109.392,-79.0,807.0,1000,91.315,-78.0,699.0,1101,107.223,-73.0,768.0,846,74.176,-54.0,533.0,1024,47.684,-54.0,487.0
1631,1254,116.269,-74.0,865.0,1000,90.814,-54.0,741.0,1101,105.519,-86.0,675.0,846,69.68,-62.0,419.0,1024,48.287,-54.0,415.0
1632,1254,106.237,-69.0,732.0,1000,89.191,-87.0,767.0,1101,105.917,-64.0,757.0,846,61.709,-55.0,523.0,1024,51.039,-49.0,692.0
1633,1254,107.429,-84.0,705.0,1000,92.872,-83.0,724.0,1101,107.679,-69.0,711.0,846,65.859,-106.0,463.0,1024,49.851,-45.0,466.0
1634,1254,105.675,-85.0,697.0,1000,97.488,-73.0,860.0,1101,100.351,-66.0,735.0,846,66.979,-65.0,475.0,1024,52.507,-65.0,510.0
1635,1254,104.968,-96.0,709.0,1000,88.767,-89.0,799.0,1101,105.589,-70.0,736.0,846,65.87,-84.0,438.0,1024,44.433,-66.0,555.0
1636,1254,107.738,-84.0,734.0,1000,105.356,-76.0,734.0,1101,107.113,-72.0,655.0,846,64.467,-77.0,390.0,1024,51.914,-71.0,647.0
1637,1254,107.073,-102.0,760.0,1000,94.575,-60.0,929.0,1101,111.837,-86.0,666.0,846,77.992,-61.0,461.0,1024,58.923,-78.0,379.0
1638,1254,118.047,-63.0,754.0,1000,110.029,-84.0,800.0,1101,131.948,-61.0,648.0,846,92.298,-75.0,520.0,1024,78.388,-62.0,656.0
1639,1254,129.851,-102.0,912.0,1000,111.86,-69.0,814.0,1101,127.272,-92.0,638.0,846,99.819,-80.0,501.0,1024,76.385,-64.0,652.0
1640,1254,132.37,-101.0,878.0,1000,113.81,-62.0,765.0,1101,130.415,-71.0,607.0,846,96.483,-70.0,600.0,1024,76.931,-86.0,712.0
1641,1254,120.185,-80.0,847.0,1000,114.24,-88.0,886.0,1101,127.288,-60.0,697.0,846,86.309,-74.0,565.0,1024,76.422,-84.0,569.0
1642,1254,120.824,-92.0,707.0,1000,101.924,-61.0,748.0,1101,114.101,-73.0,700.0,846,94.242,-96.0,495.0,1024,77.026,-89.0,607.0
1643,1254,118.372,-79.0,759.0,1000,103.622,-57.0,747.0,1101,111.013,-73.0,610.0,846,90.663,-73.0,436.0,1024,72.781,-58.0,490.0
1644,1254,115.081,-92.0,897.0,1000,97.103,-59.0,701.0,1101,103.634,-68.0,617.0,846,85.005,-106.0,720.0,1024,67.507,-98.0,575.0
1645,1254,120.67,-75.0,893.0,1000,102.387,-55.0,868.0,1101,112.698,-81.0,726.0,846,81.436,-68.0,518.0,1024,65.517,-60.0,627.0
1646,1254,116.293,-101.0,843.0,1000,94.034,-98.0,690.0,1101,110.067,-73.0,783.0,846,72.108,-73.0,400.0,1024,67.153,-87.0,550.0
1647,1254,108.739,-85.0,659.0,1000,96.544,-71.0,741.0,1101,111.068,-98.0,895.0,846,82.067,-69.0,639.0,1024,66.371,-56.0,495.0
1648,1254,110.167,-77.0,871.0,1000,98.975,-81.0,696.0,1101,109.88,-69.0,681.0,846,84.405,-71.0,605.0,1024,63.688,-69.0,703.0
1649,1254,105.797,-77.0,711.0,1000,93.391,-66.0,786.0,1101,109.06,-84.0,835.0,846,76.767,-51.0,392.0,1024,60.553,-56.0,604.0
1650,1254,113.085,-68.0,667.0,1000,95.383,-89.0,965.0,1101,107.919,-74.0,728.0,846,76.272,-57.0,463.0,1024,59.893,-63.0,477.0
1651,1254,110.192,-79.0,728.0,1000,91.596,-84.0,669.0,1101,107.293,-84.0,694.0,846,72.286,-89.0,417.0,1024,55.781,-63.0,400.0
1652,1254,107.451,-124.0,738.0,1000,98.193,-70.0,685.0,1101,108.236,-91.0,726.0,846,76.461,-69.0,521.0,1024,56.424,-54.0,433.0
1653,1254,109.612,-66.0,881.0,1000,99.821,-94.0,827.0,1101,103.727,-95.0,720.0,846,80.117,-72.0,502.0,1024,55.743,-61.0,495.0
1654,1254,113.877,-73.0,939.0,1000,92.727,-65.0,831.0,1101,108.081,-75.0,611.0,846,77.852,-64.0,388.0,1024,54.798,-83.0,549.0
1655,1254,116.919,-144.0,817.0,1000,94.456,-74.0,816.0,1101,107.099,-82.0,741.0,846,70.396,-70.0,482.0,1024,60.408,-77.0,395.0
1656,1254,105.944,-84.0,861.0,1000,95.688,-81.0,658.0,1101,107.696,-75.0,628.0,846,78.024,-53.0,496.0,1024,61.86,-58.0,488.0
1657,1254,110.96,-97.0,735.0,1000,88.59,-55.0,871.0,1101,109.119,-82.0,930.0,846,71.942,-65.0,443.0,1024,55.712,-80.0,364.0
1658,1254,108.292,-108.0,733.0,1000,94.825,-57.0,767.0,1101,101.683,-68.0,778.0,846,70.492,-68.0,367.0,1024,55.991,-71.0,484.0
1659,1254,111.478,-92.0,971.0,1000,95.524,-76.0,835.0,1101,106.526,-64.0,691.0,846,72.053,-55.0,465.0,1024,54.056,-78.0,559.0
1660,1254,111.431,-116.0,825.0,1000,88.554,-80.0,814.0,1101,102.582,-67.0,745.0,846,72.814,-70.0,554.0,1024,58.984,-87.0,574.0
1661,1254,107.942,-92.0,704.0,1000,86.533,-66.0,1004.0,1101,106.611,-83.0,702.0,846,70.803,-68.0,457.0,1024,56.352,-71.0,600.0
1662,1254,113.793,-76.0,609.0,1000,92.064,-93.0,731.0,1101,111.345,-125.0,734.0,846,72.246,-65.0,441.0,1024,54.294,-53.0,406.0
1663,1254,104.96,-103.0,752.0,1000,83.001,-99.0,678.0,1101,104.496,-76.0,833.0,846,73.537,-65.0,443.0,1024,57.655,-78.0,591.0
1664,1254,108.109,-86.0,833.0,1000,96.061,-88.0,799.0,1101,99.772,-87.0,623.0,846,71.108,-72.0,461.0,1024,52.098,-61.0,370.0
1665,1254,111.626,-84.0,834.0,1000,96.956,-59.0,779.0,1101,107.52,-99.0,766.0,846,69.476,-60.0,481.0,1024,49.837,-66.0,393.0
1666,1254,108.95,-67.0,867.0,1000,89.265,-72.0,724.0,1101,108.943,-102.0,646.0,846,76.187,-60.0,554.0,1024,57.567,-53.0,647.0
1667,1254,107.174,-61.0,771.0,1000,100.392,-56.0,911.0,1101,103.88,-75.0,831.0,846,69.888,-72.0,571.0,1024,57.927,-53.0,477.0
1668,1254,109.069,-76.0,772.0,1000,93.08,-68.0,709.0,1101,105.5,-107.0,788.0,846,77.292,-69.0,373.0,1024,53.398,-85.0,353.0
1669,1254,107.903,-86.0,898.0,1000,90.018,-59.0,597.0,1101,103.034,-86.0,723.0,846,70.526,-63.0,374.0,1024,57.918,-61.0,675.0
1670,1254,108.666,-96.0,753.0,1000,90.818,-57.0,824.0,1101,105.503,-57.0,764.0,846,73.324,-60.0,536.0,1024,53.681,-62.0,566.0
1671,1254,111.751,-81.0,676.0,1000,88.038,-75.0,735.0,1101,106.204,-104.0,831.0,846,65.188,-69.0,523.0,1024,52.746,-68.0,473.0
1672,1254,108.117,-82.0,812.0,1000,96.694,-79.0,849.0,1101,98.128,-89.0,758.0,846,69.284,-61.0,461.0,1024,54.327,-48.0,320.0
1673,1254,111.573,-110.0,656.0,1000,90.78,-72.0,797.0,1101,99.888,-80.0,790.0,846,77.223,-103.0,542.0,1024,54.127,-66.0,426.0
1674,1254,108.634,-78.0,801.0,1000,90.092,-86.0,788.0,1101,103.799,-93.0,704.0,846,70.914,-97.0,455.0,1024,57.578,-65.0,634.0
1675,1254,108.001,-82.0,822.0,1000,91.026,-72.0,672.0,1101,109.158,-72.0,691.0,846,72.694,-59.0,391.0,1024,51.479,-102.0,350.0
1676,1254,105.927,-98.0,683.0,1000,95.32,-119.0,806.0,1101,108.409,-104.0,703.0,846,72.057,-78.0,483.0,1024,49.887,-58.0,522.0
1677,1254,108.658,-62.0,654.0,1000,92.153,-56.0,704.0,1101,98.25,-105.0,685.0,846,66.446,-62.0,405.0,1024,51.875,-45.0,524.0
1678,1254,109.266,-78.0,796.0,1000,95.922,-65.0,837.0,1101,103.803,-74.0,674.0,846,69.233,-83.0,419.0,1024,47.539,-48.0,419.0
1679,1254,108.451,-107.0,796.0,1000,89.231,-50.0,807.0,1101,108.599,-65.0,686.0,846,73.611,-108.0,489.0,1024,45.678,-67.0,470.0
1680,1254,111.003,-75.0,765.0,1000,86.196,-55.0,926.0,1101,100.672,-88.0,689.0,846,69.515,-57.0,471.0,1024,49.427,-68.0,429.0
1681,1254,110.045,-93.0,784.0,1000,97.389,-71.0,698.0,1101,108.978,-60.0,775.0,846,70.661,-57.0,399.0,1024,53.017,-58.0,712.0
1682,1254,102.74,-84.0,666.0,1000,88.811,-66.0,874.0,1101,103.524,-102.0,672.0,846,67.619,-79.0,576.0,1024,48.998,-96.0,635.0
1683,1254,110.102,-83.0,700.0,1000,96.323,-65.0,727.0,1101,100.314,-68.0,605.0,846,68.059,-75.0,540.0,1024,50.774,-53.0,459.0
1684,1254,106.456,-81.0,700.0,1000,97.322,-47.0,818.0,1101,109.035,-80.0,818.0,846,71.396,-66.0,412.0,1024,54.564,-65.0,682.0
1685,1254,105.647,-84.0,810.0,1000,89.028,-57.0,839.0,1101,106.014,-75.0,827.0,846,69.021,-89.0,601.0,1024,52.635,-72.0,561.0
1686,1254,109.589,-77.0,775.0,1000,89.753,-54.0,682.0,1101,103.767,-70.0,647.0,846,70.739,-75.0,483.0,1024,51.42,-76.0,534.0
1687,1254,110.673,-72.0,840.0,1000,90.441,-62.0,715.0,1101,103.987,-74.0,683.0,846,64.933,-63.0,604.0,1024,51.903,-61.0,490.0
1688,1254,110.548,-125.0,658.0,1000,93.041,-97.0,780.0,1101,101.26,-65.0,723.0,846,69.103,-69.0,540.0,1024,50.836,-108.0,611.0
1689,1254,100.667,-89.0,833.0,1000,92.705,-60.0,908.0,1101,102.19,-74.0,703.0,846,68.104,-62.0,402.0,1024,52.115,-80.0,584.0
1690,1254,107.316,-102.0,764.0,1000,94.563,-73.0,784.0,1101,101.394,-98.0,830.0,846,65.822,-100.0,565.0,1024,50.812,-59.0,433.0
1691,1254,111.329,-105.0,702.0,1000,95.032,-60.0,855.0,1101,104.196,-77.0,767.0,846,73.286,-90.0,500.0,1024,52.635,-66.0,368.0
1692,1254,111.303,-87.0,860.0,1000,93.002,-80.0,717.0,1101,99.696,-79.0,744.0,846,70.262,-75.0,411.0,1024,48.001,-70.0,496.0
1693,1254,112.508,-67.0,858.0,1000,84.15,-52.0,777.0,1101,104.005,-90.0,783.0,846,73.589,-53.0,520.0,1024,51.103,-121.0,662.0
1694,1254,109.826,-88.0,796.0,1000,87.207,-54.0,730.0,1101,102.537,-77.0,786.0,846,66.79,-78.0,537.0,1024,50.608,-81.0,423.0
1695,1254,106.206,-88.0,750.0,1000,93.485,-80.0,835.0,1101,99.134,-101.0,833.0,846,60.732,-96.0,370.0,1024,59.552,-77.0,605.0
1696,1254,107.98,-63.0,697.0,1000,87.621,-73.0,857.0,1101,105.95,-105.0,656.0,846,70.001,-58.0,572.0,1024,55.615,-73.0,465.0
1697,1254,107.114,-77.0,891.0,1000,93.368,-86.0,788.0,1101,101.337,-59.0,805.0,846,66.008,-64.0,358.0,1024,50.886,-57.0,502.0
1698,1254,109.989,-84.0,716.0,1000,86.336,-63.0,686.0,1101,102.578,-86.0,743.0,846,66.608,-59.0,404.0,1024,52.378,-60.0,534.0
1699,1254,106.97,-143.0,774.0,1000,90.699,-83.0,852.0,1101,99.838,-52.0,965.0,846,70.197,-87.0,441.0,1024,56.101,-61.0,483.0
1700,1254,107.829,-91.0,899.0,1000,89.554,-71.0,635.0,1101,101.142,-71.0,704.0,846,71.342,-59.0,571.0,1024,55.438,-79.0,508.0
1701,1254,103.78,-62.0,747.0,1000,94.738,-54.0,808.0,1101,99.738,-89.0,757.0,846,69.887,-65.0,512.0,1024,49.517,-92.0,528.0
1702,1254,108.216,-69.0,702.0,1000,89.278,-72.0,750.0,1101,103.293,-86.0,598.0,846,74.398,-106.0,417.0,1024,51.808,-58.0,499.0
1703,1254,102.223,-83.0,709.0,1000,92.372,-59.0,850.0,1101,99.559,-80.0,704.0,846,70.74,-69.0,624.0,1024,50.713,-76.0,334.0
1704,1254,103.288,-62.0,686.0,1000,94.635,-97.0,610.0,1101,104.876,-85.0,663.0,846,71.565,-69.0,433.0,1024,47.479,-68.0,382.0
1705,1254,99.886,-75.0,803.0,1000,94.294,-67.0,629.0,1101,97.119,-81.0,749.0,846,66.934,-62.0,429.0,1024,49.957,-61.0,565.0
1706,1254,108.458,-94.0,775.0,1000,96.941,-73.0,763.0,1101,109.604,-67.0,754.0,846,72.162,-67.0,452.0,1024,49.42,-52.0,479.0
1707,1254,110.869,-99.0,681.0,1000,93.54,-52.0,1037.0,1101,102.753,-65.0,823.0,846,69.077,-58.0,386.0,1024,52.548,-66.0,440.0
1708,1254,106.038,-94.0,701.0,1000,93.152,-45.0,895.0,1101,96.734,-69.0,628.0,846,70.709,-82.0,440.0,1024,54.548,-45.0,710.0
1709,1254,105.246,-73.0,722.0,1000,91.118,-61.0,831.0,1101,102.705,-63.0,604.0,846,67.325,-81.0,367.0,1024,55.618,-71.0,505.0
1710,1254,110.719,-85.0,931.0,1000,90.638,-76.0,703.0,1101,101.087,-74.0,668.0,846,67.922,-58.0,469.0,1024,54.343,-64.0,477.0
1711,1254,111.887,-82.0,731.0,1000,91.552,-79.0,710.0,1101,106.259,-119.0,815.0,846,73.352,-63.0,661.0,1024,54.331,-61.0,598.0
1712,1254,108.934,-68.0,778.0,1000,95.075,-102.0,845.0,1101,105.13,-71.0,639.0,846,65.757,-93.0,366.0,1024,51.666,-64.0,491.0
1713,1254,106.962,-95.0,759.0,1000,93.582,-66.0,851.0,1101,101.868,-76.0,766.0,846,73.849,-57.0,610.0,1024,51.396,-62.0,656.0
1714,1254,107.684,-103.0,680.0,1000,88.418,-55.0,890.0,1101,100.244,-65.0,833.0,846,68.076,-61.0,491.0,1024,52.927,-70.0,422.0
1715,1254,110.486,-79.0,835.0,1000,94.247,-64.0,736.0,1101,103.135,-58.0,660.0,846,73.55,-62.0,473.0,1024,55.389,-69.0,525.0
1716,1254,108.241,-85.0,736.0,1000,89.595,-61.0,771.0,1101,100.384,-89.0,636.0,846,72.158,-53.0,511.0,1024,56.083,-53.0,604.0
1717,1254,106.31,-88.0,844.0,1000,92.504,-52.0,840.0,1101,97.997,-71.0,638.0,846,64.102,-57.0,532.0,1024,58.512,-107.0,542.0
1718,1254,105.14,-88.0,770.0,1000,95.401,-50.0,778.0,1101,104.337,-54.0,800.0,846,68.312,-52.0,414.0,1024,51.009,-80.0,421.0
1719,1254,109.513,-70.0,746.0,1000,94.114,-50.0,924.0,1101,101.348,-69.0,813.0,846,68.182,-63.0,531.0,1024,51.196,-62.0,370.0
1720,1254,105.114,-116.0,889.0,1000,90.761,-64.0,895.0,1101,104.447,-77.0,804.0,846,68.119,-85.0,552.0,1024,52.622,-116.0,522.0
1721,1254,110.995,-88.0,995.0,1000,90.447,-94.0,767.0,1101,101.074,-93.0,694.0,846,64.515,-49.0,448.0,1024,55.67,-76.0,540.0
1722,1254,103.257,-84.0,773.0,1000,100.295,-65.0,1043.0,1101,102.962,-60.0,705.0,846,72.051,-80.0,436.0,1024,50.515,-50.0,587.0
1723,1254,102.578,-94.0,850.0,1000,83.387,-56.0,831.0,1101,101.108,-68.0,657.0,846,69.551,-68.0,456.0,1024,52.321,-40.0,493.0
1724,1254,107.309,-120.0,673.0,1000,93.882,-76.0,659.0,1101,103.841,-70.0,853.0,846,73.379,-103.0,510.0,1024,51.512,-59.0,464.0
1725,1254,113.228,-78.0,904.0,1000,91.774,-77.0,631.0,1101,102.991,-82.0,648.0,846,64.243,-70.0,461.0,1024,49.159,-48.0,477.0
1726,1254,108.755,-94.0,849.0,1000,95.493,-40.0,658.0,1101,107.776,-56.0,760.0,846,73.689,-79.0,575.0,1024,51.429,-71.0,641.0
1727,1254,104.747,-67.0,891.0,1000,95.099,-61.0,933.0,1101,98.217,-60.0,659.0,846,68.343,-59.0,394.0,1024,48.229,-78.0,470.0
1728,1254,107.248,-81.0,766.0,1000,95.798,-64.0,806.0,1101,98.766,-83.0,734.0,846,69.84,-63.0,482.0,1024,53.168,-64.0,548.0
1729,1254,109.273,-124.0,927.0,1000,86.468,-91.0,871.0,1101,101.279,-80.0,793.0,846,68.823,-83.0,453.0,1024,53.896,-65.0,584.0
1730,1254,104.285,-92.0,776.0,1000,84.66,-74.0,852.0,1101,102.807,-88.0,719.0,846,62.736,-59.0,328.0,1024,52.08,-60.0,757.0
1731,1254,106.966,-82.0,911.0,1000,90.269,-68.0,819.0,1101,103.224,-65.0,719.0,846,67.455,-73.0,419.0,1024,51.84,-113.0,512.0
1732,1254,103.806,-97.0,728.0,1000,85.398,-53.0,669.0,1101,103.865,-99.0,720.0,846,66.449,-74.0,420.0,1024,48.622,-78.0,589.0
1733,1254,106.017,-85.0,928.0,1000,90.665,-57.0,802.0,1101,107.961,-75.0,770.0,846,69.305,-46.0,409.0,1024,48.757,-63.0,587.0
1734,1254,106.698,-65.0,942.0,1000,92.033,-61.0,775.0,1101,103.5,-69.0,770.0,846,72.934,-63.0,547.0,1024,50.857,-70.0,428.0
1735,1254,104.889,-100.0,883.0,1000,89.4,-72.0,861.0,1101,98.268,-76.0,627.0,846,76.68,-79.0,441.0,1024,53.409,-53.0,695.0
1736,1254,107.683,-90.0,658.0,1000,89.328,-54.0,777.0,1101,94.288,-60.0,692.0,846,77.703,-82.0,649.0,1024,53.389,-67.0,411.0
1737,1254,107.823,-87.0,753.0,1000,89.022,-80.0,777.0,1101,95.837,-64.0,780.0,846,69.965,-69.0,453.0,1024,51.667,-47.0,508.0
1738,1254,106.362,-79.0,687.0,1000,92.172,-69.0,651.0,1101,107.459,-74.0,822.0,846,68.467,-112.0,476.0,1024,53.389,-80.0,358.0
1739,1254,102.596,-59.0,694.0,1000,95.656,-69.0,654.0,1101,102.476,-70.0,821.0,846,67.953,-70.0,437.0,1024,52.082,-58.0,385.0
1740,1254,107.82,-69.0,670.0,1000,93.441,-79.0,807.0,1101,105.66,-104.0,698.0,846,68.355,-61.0,520.0,1024,53.715,-95.0,687.0
1741,1254,108.01,-83.0,659.0,1000,98.324,-60.0,739.0,1101,106.851,-94.0,901.0,846,71.98,-82.0,441.0,1024,55.05,-64.0,603.0
1742,1254,108.175,-88.0,849.0,1000,90.998,-69.0,780.0,1101,105.53,-80.0,589.0,846,70.15,-78.0,544.0,1024,52.238,-48.0,588.0
1743,1254,111.756,-83.0,708.0,1000,91.39,-48.0,734.0,1101,105.856,-58.0,672.0,846,69.773,-76.0,456.0,1024,59.286,-78.0,776.0
1744,1254,108.631,-70.0,1054.0,1000,90.994,-66.0,767.0,1101,105.391,-80.0,882.0,846,66.303,-50.0,387.0,1024,50.502,-76.0,493.0
1745,1254,110.774,-75.0,776.0,1000,94.627,-49.0,762.0,1101,109.089,-74.0,720.0,846,79.725,-61.0,576.0,1024,51.759,-55.0,573.0
1746,1254,110.104,-63.0,849.0,1000,90.523,-52.0,689.0,1101,102.427,-70.0,677.0,846,71.758,-50.0,590.0,1024,54.479,-65.0,689.0
1747,1254,108.432,-75.0,661.0,1000,92.519,-61.0,838.0,1101,103.329,-84.0,634.0,846,72.805,-84.0,438.0,1024,55.056,-51.0,365.0
1748,1254,106.369,-103.0,808.0,1000,94.494,-59.0,745.0,1101,102.424,-79.0,670.0,846,67.654,-74.0,477.0,1024,55.927,-73.0,556.0
1749,1254,106.821,-87.0,753.0,1000,94.454,-54.0,649.0,1101,101.761,-73.0,722.0,846,74.443,-62.0,504.0,1024,57.106,-54.0,674.0
1750,1254,111.305,-77.0,672.0,1000,90.469,-61.0,793.0,1101,109.334,-63.0,811.0,846,67.178,-51.0,506.0,1024,53.899,-60.0,614.0
1751,1254,113.192,-68.0,926.0,1000,96.505,-83.0,812.0,1101,104.915,-45.0,546.0,846,66.803,-56.0,501.0,1024,52.708,-50.0,433.0
1752,1254,109.099,-121.0,736.0,1000,88.009,-64.0,786.0,1101,101.433,-50.0,774.0,846,73.034,-89.0,439.0,1024,51.822,-84.0,457.0
1753,1254,113.136,-84.0,781.0,1000,88.743,-39.0,685.0,1101,100.021,-131.0,717.0,846,72.074,-84.0,481.0,1024,53.742,-71.0,606.0
1754,1254,110.139,-70.0,830.0,1000,93.783,-56.0,771.0,1101,101.964,-83.0,759.0,846,65.586,-69.0,361.0,1024,56.412,-57.0,553.0
1755,1254,116.333,-111.0,731.0,1000,93.494,-79.0,928.0,1101,104.876,-98.0,723.0,846,75.779,-86.0,531.0,1024,51.49,-72.0,674.0
1756,1254,109.144,-101.0,744.0,1000,92.546,-88.0,916.0,1101,101.277,-49.0,736.0,846,63.398,-60.0,534.0,1024,54.312,-53.0,439.0
1757,1254,104.862,-85.0,694.0,1000,92.253,-37.0,697.0,1101,103.684,-80.0,696.0,846,67.77,-77.0,582.0,1024,59.482,-52.0,544.0
1758,1254,116.278,-107.0,728.0,1000,118.006,-72.0,888.0,1101,121.421,-95.0,692.0,846,101.118,-78.0,593.0,1024,79.05,-69.0,542.0
1759,1254,121.085,-92.0,985.0,1000,120.21,-47.0,673.0,1101,128.644,-64.0,602.0,846,111.632,-85.0,616.0,1024,86.136,-59.0,549.0
1760,1254,122.987,-83.0,774.0,1000,112.828,-90.0,1018.0,1101,122.263,-78.0,696.0,846,109.208,-97.0,566.0,1024,82.67,-65.0,571.0
1761,1254,121.116,-76.0,707.0,1000,110.893,-54.0,855.0,1101,126.165,-61.0,842.0,846,94.954,-64.0,613.0,1024,79.211,-81.0,478.0
1762,1254,122.093,-111.0,891.0,1000,113.921,-52.0,717.0,1101,114.903,-73.0,640.0,846,98.155,-78.0,496.0,1024,76.905,-73.0,417.0
1763,1254,111.37,-100.0,713.0,1000,99.094,-93.0,655.0,1101,106.351,-55.0,693.0,846,90.069,-95.0,552.0,1024,71.501,-63.0,406.0
1764,1254,116.36,-133.0,712.0,1000,106.787,-61.0,827.0,1101,115.767,-112.0,734.0,846,90.871,-83.0,507.0,1024,72.327,-73.0,437.0
1765,1254,110.147,-92.0,705.0,1000,102.066,-75.0,728.0,1101,108.317,-78.0,811.0,846,83.533,-64.0,529.0,1024,70.917,-67.0,744.0
1766,1254,111.918,-92.0,718.0,1000,101.864,-59.0,671.0,1101,111.252,-117.0,794.0,846,79.638,-58.0,498.0,1024,67.81,-71.0,446.0
1767,1254,106.287,-68.0,811.0,1000,95.858,-76.0,694.0,1101,108.252,-87.0,642.0,846,78.648,-95.0,536.0,1024,67.688,-75.0,534.0
1768,1254,115.319,-90.0,720.0,1000,95.136,-58.0,693.0,1101,100.388,-85.0,897.0,846,73.437,-63.0,424.0,1024,65.228,-65.0,539.0
1769,1254,108.023,-86.0,756.0,1000,104.737,-48.0,598.0,1101,106.144,-66.0,672.0,846,76.729,-113.0,702.0,1024,63.726,-52.0,590.0
1770,1254,105.829,-81.0,721.0,1000,98.662,-53.0,732.0,1101,105.573,-67.0,717.0,846,73.622,-50.0,500.0,1024,61.615,-72.0,612.0
1771,1254,109.152,-77.0,734.0,1000,93.752,-53.0,744.0,1101,104.243,-79.0,736.0,846,75.332,-89.0,395.0,1024,59.781,-89.0,589.0
1772,1254,106.014,-75.0,967.0,1000,101.54,-68.0,941.0,1101,102.777,-65.0,677.0,846,74.131,-64.0,500.0,1024,63.768,-58.0,475.0
1773,1254,106.916,-105.0,677.0,1000,96.253,-65.0,829.0,1101,103.211,-85.0,828.0,846,79.044,-78.0,399.0,1024,58.152,-47.0,519.0
1774,1254,109.215,-79.0,638.0,1000,88.656,-69.0,759.0,1101,106.757,-89.0,655.0,846,72.734,-67.0,371.0,1024,61.851,-94.0,509.0
1775,1254,104.849,-101.0,681.0,1000,91.778,-52.0,726.0,1101,105.694,-87.0,649.0,846,74.987,-80.0,449.0,1024,62.599,-111.0,603.0
1776,1254,107.577,-115.0,728.0,1000,97.076,-82.0,789.0,1101,102.295,-78.0,777.0,846,73.508,-69.0,457.0,1024,61.978,-74.0,522.0
1777,1254,106.316,-90.0,875.0,1000,95.354,-60.0,860.0,1101,101.262,-65.0,585.0,846,74.249,-60.0,403.0,1024,60.18,-58.0,594.0
1778,1254,103.689,-81.0,638.0,1000,95.913,-58.0,810.0,1101,97.907,-62.0,685.0,846,73.878,-71.0,554.0,1024,60.863,-78.0,553.0
1779,1254,107.886,-95.0,612.0,1000,93.019,-77.0,805.0,1101,107.596,-74.0,703.0,846,68.668,-75.0,436.0,1024,56.097,-72.0,465.0
1780,1254,104.404,-66.0,700.0,1000,89.018,-72.0,735.0,1101,104.214,-84.0,770.0,846,72.015,-57.0,460.0,1024,59.549,-55.0,480.0
1781,1254,109.366,-82.0,808.0,1000,92.096,-68.0,898.0,1101,96.043,-60.0,759.0,846,77.681,-105.0,505.0,1024,61.657,-63.0,537.0
1782,1254,105.802,-77.0,778.0,1000,94.082,-39.0,658.0,1101,106.495,-55.0,634.0,846,70.584,-60.0,524.0,1024,56.686,-63.0,576.0
1783,1254,112.019,-76.0,797.0,1000,93.195,-58.0,773.0,1101,105.806,-65.0,748.0,846,68.814,-81.0,419.0,1024,56.801,-83.0,544.0
1784,1254,114.746,-75.0,714.0,1000,96.763,-71.0,719.0,1101,95.555,-62.0,746.0,846,74.474,-75.0,451.0,1024,54.763,-88.0,612.0
1785,1254,112.288,-84.0,837.0,1000,97.335,-52.0,699.0,1101,102.105,-57.0,793.0,846,68.663,-79.0,508.0,1024,53.622,-67.0,556.0
1786,1254,103.427,-77.0,731.0,1000,95.231,-43.0,750.0,1101,101.458,-69.0,705.0,846,67.913,-82.0,538.0,1024,61.196,-75.0,724.0
1787,1254,104.867,-114.0,774.0,1000,94.355,-41.0,738.0,1101,107.99,-70.0,929.0,846,71.742,-68.0,490.0,1024,52.3,-62.0,506.0
1788,1254,121.765,-100.0,736.0,1000,94.82,-84.0,921.0,1101,105.164,-66.0,858.0,846,71.213,-50.0,499.0,1024,56.836,-51.0,460.0
1789,1254,111.227,-82.0,641.0,1000,99.04,-83.0,802.0,1101,105.452,-94.0,709.0,846,80.083,-95.0,395.0,1024,53.814,-65.0,705.0
1790,1254,108.686,-77.0,1039.0,1000,90.063,-55.0,795.0,1101,98.192,-98.0,709.0,846,76.662,-71.0,523.0,1024,56.59,-49.0,516.0
1791,1254,109.778,-77.0,752.0,1000,91.471,-58.0,682.0,1101,107.254,-72.0,687.0,846,71.812,-70.0,411.0,1024,49.308,-66.0,546.0
1792,1254,106.35,-79.0,764.0,1000,93.238,-86.0,794.0,1101,97.325,-98.0,713.0,846,69.522,-92.0,433.0,1024,49.345,-61.0,436.0
1793,1254,108.193,-91.0,631.0,1000,100.272,-54.0,831.0,1101,95.496,-68.0,619.0,846,69.213,-68.0,440.0,1024,55.01,-49.0,702.0
1794,1254,106.156,-66.0,686.0,1000,90.262,-62.0,658.0,1101,98.838,-62.0,660.0,846,74.872,-73.0,553.0,1024,52.025,-54.0,428.0
1795,1254,102.742,-69.0,850.0,1000,97.749,-55.0,676.0,1101,104.307,-52.0,610.0,846,67.838,-45.0,467.0,1024,49.918,-74.0,397.0
1796,1254,109.123,-82.0,762.0,1000,91.588,-70.0,654.0,1101,104.92,-55.0,737.0,846,74.74,-65.0,563.0,1024,54.068,-53.0,740.0
1797,1254,111.6,-70.0,831.0,1000,91.605,-74.0,737.0,1101,101.14,-97.0,705.0,846,72.995,-74.0,471.0,1024,53.124,-81.0,677.0
1798,1254,107.448,-64.0,927.0,1000,84.23,-41.0,634.0,1101,103.859,-71.0,722.0,846,70.786,-42.0,563.0,1024,52.54,-75.0,527.0
1799,1254,109.108,-116.0,754.0,1000,93.421,-49.0,788.0,1101,102.369,-69.0,733.0,846,77.093,-67.0,421.0,1024,52.132,-54.0,590.0
1800,1254,108.971,-88.0,790.0,1000,97.466,-68.0,799.0,1101,108.448,-94.0,749.0,846,70.874,-71.0,587.0,1024,53.04,-55.0,572.0
1801,1254,108.366,-81.0,837.0,1000,91.633,-66.0,738.0,1101,104.337,-75.0,605.0,846,70.125,-62.0,398.0,1024,53.613,-55.0,503.0
1802,1254,111.643,-90.0,874.0,1000,90.722,-113.0,701.0,1101,105.926,-83.0,786.0,846,75.141,-56.0,465.0,1024,53.633,-61.0,608.0
1803,1254,103.082,-86.0,796.0,1000,95.582,-63.0,872.0,1101,106.401,-78.0,841.0,846,72.537,-63.0,483.0,1024,51.648,-94.0,762.0
1804,1254,102.793,-76.0,746.0,1000,94.711,-66.0,739.0,1101,96.195,-119.0,834.0,846,72.586,-52.0,483.0,1024,49.144,-48.0,502.0
1805,1254,104.691,-87.0,879.0,1000,96.957,-53.0,744.0,1101,104.619,-93.0,708.0,846,71.145,-66.0,404.0,1024,50.82,-50.0,503.0
1806,1254,109.805,-88.0,767.0,1000,96.175,-59.0,843.0,1101,103.853,-72.0,573.0,846,72.631,-50.0,420.0,1024,50.89,-60.0,495.0
1807,1254,107.38,-94.0,634.0,1000,94.313,-60.0,868.0,1101,104.527,-73.0,705.0,846,68.83,-47.0,483.0,1024,49.23,-73.0,549.0
1808,1254,114.432,-99.0,713.0,1000,95.495,-73.0,740.0,1101,99.541,-74.0,764.0,846,70.663,-82.0,438.0,1024,51.888,-56.0,531.0
1809,1254,108.501,-62.0,752.0,1000,98.838,-54.0,841.0,1101,103.902,-85.0,698.0,846,70.606,-59.0,484.0,1024,50.609,-71.0,464.0
1810,1254,114.789,-82.0,892.0,1000,96.397,-62.0,925.0,1101,95.599,-78.0,674.0,846,73.253,-73.0,428.0,1024,50.895,-62.0,475.0
1811,1254,109.035,-76.0,791.0,1000,82.859,-47.0,877.0,1101,99.015,-85.0,757.0,846,74.091,-63.0,484.0,1024,48.471,-65.0,584.0
1812,1254,109.104,-66.0,843.0,1000,96.25,-66.0,808.0,1101,99.25,-56.0,834.0,846,72.973,-80.0,582.0,1024,50.98,-72.0,537.0
1813,1254,112.772,-82.0,728.0,1000,94.219,-64.0,835.0,1101,103.257,-105.0,682.0,846,71.654,-64.0,598.0,1024,54.29,-52.0,546.0
1814,1254,105.426,-79.0,862.0,1000,93.417,-63.0,695.0,1101,101.28,-84.0,668.0,846,73.033,-65.0,530.0,1024,48.122,-52.0,748.0
1815,1254,106.666,-76.0,791.0,1000,98.838,-61.0,816.0,1101,101.216,-88.0,800.0,846,74.303,-61.0,569.0,1024,48.902,-60.0,594.0
1816,1254,109.417,-81.0,713.0,1000,102.526,-86.0,748.0,1101,104.06,-60.0,709.0,846,68.617,-66.0,392.0,1024,50.886,-58.0,461.0
1817,1254,115.407,-89.0,726.0,1000,93.641,-70.0,770.0,1101,101.772,-52.0,695.0,846,74.226,-69.0,525.0,1024,53.166,-59.0,579.0
1818,1254,118.811,-69.0,828.0,1000,91.832,-64.0,701.0,1101,109.048,-65.0,531.0,846,68.914,-51.0,569.0,1024,50.122,-53.0,442.0
1819,1254,118.61,-76.0,720.0,1000,98.606,-68.0,883.0,1101,107.876,-64.0,690.0,846,74.047,-64.0,583.0,1024,52.276,-46.0,488.0
1820,1254,121.722,-74.0,781.0,1000,96.519,-61.0,883.0,1101,102.47,-80.0,598.0,846,71.065,-65.0,455.0,1024,49.563,-74.0,497.0
1821,1254,123.235,-77.0,880.0,1000,97.526,-55.0,740.0,1101,108.224,-71.0,737.0,846,72.028,-63.0,679.0,1024,54.896,-51.0,679.0
1822,1254,121.774,-83.0,716.0,1000,95.771,-66.0,903.0,1101,102.877,-65.0,716.0,846,74.475,-55.0,485.0,1024,49.544,-69.0,502.0
1823,1254,113.168,-107.0,850.0,1000,93.857,-44.0,692.0,1101,104.395,-70.0,716.0,846,76.664,-85.0,424.0,1024,47.032,-80.0,676.0
1824,1254,114.104,-73.0,662.0,1000,93.188,-45.0,692.0,1101,101.775,-73.0,721.0,846,74.346,-63.0,461.0,1024,49.809,-63.0,533.0
1825,1254,107.49,-86.0,713.0,1000,92.165,-58.0,759.0,1101,101.669,-64.0,661.0,846,76.824,-60.0,481.0,1024,47.964,-61.0,396.0
1826,1254,110.254,-94.0,711.0,1000,100.355,-64.0,803.0,1101,100.42,-66.0,732.0,846,69.371,-93.0,501.0,1024,51.441,-69.0,483.0
1827,1254,113.634,-78.0,842.0,1000,96.435,-89.0,826.0,1101,91.661,-67.0,731.0,846,71.47,-64.0,460.0,1024,50.604,-60.0,519.0
1828,1254,113.577,-86.0,886.0,1000,90.768,-70.0,684.0,1101,103.103,-83.0,698.0,846,74.076,-88.0,507.0,1024,48.883,-73.0,572.0
1829,1254,114.383,-59.0,808.0,1000,89.883,-58.0,854.0,1101,103.149,-65.0,803.0,846,73.84,-76.0,633.0,1024,54.277,-60.0,507.0
1830,1254,111.647,-88.0,784.0,1000,96.161,-61.0,912.0,1101,106.713,-64.0,828.0,846,73.849,-83.0,511.0,1024,52.355,-91.0,748.0
1831,1254,108.058,-77.0,795.0,1000,91.645,-53.0,839.0,1101,102.602,-55.0,591.0,846,77.251,-70.0,680.0,1024,48.137,-55.0,407.0
1832,1254,110.205,-66.0,878.0,1000,92.211,-43.0,823.0,1101,105.925,-64.0,633.0,846,78.287,-55.0,519.0,1024,52.772,-60.0,718.0
1833,1254,114.443,-70.0,730.0,1000,99.636,-71.0,737.0,1101,96.721,-56.0,670.0,846,76.061,-59.0,451.0,1024,50.379,-68.0,622.0
1834,1254,109.536,-67.0,765.0,1000,94.825,-46.0,728.0,1101,105.555,-87.0,656.0,846,72.917,-67.0,455.0,1024,50.267,-101.0,637.0
1835,1254,109.108,-58.0,807.0,1000,93.226,-49.0,752.0,1101,99.146,-60.0,676.0,846,71.546,-74.0,655.0,1024,52.074,-63.0,657.0
1836,1254,112.159,-91.0,961.0,1000,96.537,-65.0,785.0,1101,96.7,-54.0,763.0,846,75.318,-70.0,534.0,1024,48.327,-77.0,483.0
1837,1254,104.002,-66.0,820.0,1000,90.762,-112.0,833.0,1101,101.403,-63.0,815.0,846,76.47,-67.0,497.0,1024,51.001,-47.0,574.0
1838,1254,102.275,-56.0,798.0,1000,88.048,-59.0,688.0,1101,98.951,-83.0,673.0,846,69.429,-63.0,543.0,1024,48.011,-45.0,549.0
1839,1254,111.848,-77.0,977.0,1000,88.476,-53.0,756.0,1101,102.317,-75.0,754.0,846,78.656,-63.0,653.0,1024,48.238,-60.0,460.0
1840,1254,111.406,-69.0,985.0,1000,94.815,-62.0,834.0,1101,101.648,-58.0,769.0,846,77.288,-66.0,505.0,1024,49.848,-59.0,440.0
1841,1254,109.834,-81.0,877.0,1000,87.685,-43.0,914.0,1101,97.779,-51.0,587.0,846,74.613,-61.0,607.0,1024,50.854,-57.0,493.0
1842,1254,103.364,-71.0,827.0,1000,94.639,-86.0,818.0,1101,102.202,-59.0,742.0,846,74.456,-57.0,498.0,1024,53.333,-82.0,527.0
1843,1254,102.994,-53.0,906.0,1000,103.864,-67.0,898.0,1101,98.727,-64.0,634.0,846,65.017,-75.0,546.0,1024,48.729,-88.0,532.0
1844,1254,102.423,-109.0,842.0,1000,94.788,-59.0,703.0,1101,98.449,-53.0,667.0,846,68.876,-91.0,594.0,1024,44.585,-75.0,381.0
1845,1254,108.445,-65.0,826.0,1000,94.235,-61.0,705.0,1101,95.236,-52.0,722.0,846,72.439,-96.0,535.0,1024,51.146,-59.0,459.0
1846,1254,107.734,-50.0,887.0,1000,92.096,-79.0,956.0,1101,102.804,-60.0,780.0,846,72.84,-57.0,507.0,1024,48.877,-65.0,558.0
1847,1254,105.581,-72.0,1124.0,1000,97.523,-66.0,934.0,1101,98.822,-79.0,624.0,846,67.634,-48.0,452.0,1024,49.706,-64.0,849.0
1848,1254,105.519,-69.0,830.0,1000,96.82,-61.0,808.0,1101,100.698,-68.0,815.0,846,73.158,-61.0,583.0,1024,47.542,-79.0,583.0
1849,1254,109.156,-67.0,710.0,1000,96.335,-72.0,880.0,1101,97.372,-79.0,794.0,846,71.826,-51.0,556.0,1024,50.633,-84.0,503.0
1850,1254,103.065,-70.0,772.0,1000,94.077,-68.0,676.0,1101,101.376,-66.0,733.0,846,74.474,-85.0,614.0,1024,48.993,-57.0,568.0
1851,1254,109.902,-71.0,751.0,1000,92.079,-67.0,740.0,1101,103.106,-89.0,784.0,846,76.897,-46.0,568.0,1024,54.115,-45.0,587.0
1852,1254,104.309,-89.0,766.0,1000,92.191,-68.0,880.0,1101,106.99,-68.0,645.0,846,76.402,-82.0,589.0,1024,49.264,-57.0,528.0
1853,1254,112.282,-67.0,786.0,1000,89.439,-62.0,628.0,1101,100.045,-93.0,746.0,846,72.332,-78.0,717.0,1024,50.853,-85.0,750.0
1854,1254,106.968,-57.0,832.0,1000,95.857,-114.0,757.0,1101,101.828,-83.0,858.0,846,72.073,-63.0,645.0,1024,47.973,-50.0,644.0
1855,1254,110.938,-74.0,810.0,1000,89.394,-78.0,668.0,1101,101.051,-103.0,662.0,846,74.149,-70.0,556.0,1024,50.526,-60.0,465.0
1856,1254,101.577,-91.0,809.0,1000,95.456,-60.0,830.0,1101,100.466,-64.0,789.0,846,72.492,-60.0,537.0,1024,54.369,-51.0,512.0
1857,1254,110.712,-107.0,888.0,1000,86.481,-65.0,794.0,1101,99.819,-92.0,734.0,846,71.288,-54.0,364.0,1024,48.811,-73.0,494.0
1858,1254,109.613,-74.0,1114.0,1000,95.377,-49.0,902.0,1101,106.038,-96.0,678.0,846,72.135,-62.0,748.0,1024,47.69,-65.0,571.0
1859,1254,100.062,-70.0,706.0,1000,91.788,-89.0,796.0,1101,98.29,-83.0,698.0,846,71.478,-54.0,408.0,1024,46.648,-54.0,446.0
1860,1254,105.656,-64.0,882.0,1000,92.216,-93.0,709.0,1101,98.116,-82.0,663.0,846,74.212,-54.0,525.0,1024,50.951,-50.0,515.0
1861,1254,110.219,-93.0,905.0,1000,90.337,-65.0,751.0,1101,98.85,-80.0,645.0,846,69.113,-67.0,453.0,1024,49.809,-105.0,397.0
1862,1254,109.001,-88.0,818.0,1000,90.521,-84.0,694.0,1101,105.763,-63.0,582.0,846,77.078,-78.0,526.0,1024,51.125,-52.0,588.0
1863,1254,109.295,-84.0,866.0,1000,98.421,-62.0,830.0,1101,98.554,-65.0,728.0,846,72.643,-59.0,457.0,1024,50.34,-72.0,619.0
1864,1254,106.277,-77.0,812.0,1000,90.463,-89.0,746.0,1101,101.05,-90.0,705.0,846,69.021,-78.0,520.0,1024,47.796,-57.0,519.0
1865,1254,102.388,-73.0,827.0,1000,95.982,-87.0,726.0,1101,103.201,-67.0,723.0,846,73.137,-73.0,475.0,1024,49.299,-62.0,706.0
1866,1254,103.014,-60.0,887.0,1000,94.342,-77.0,671.0,1101,100.361,-87.0,677.0,846,74.014,-47.0,572.0,1024,53.33,-66.0,636.0
1867,1254,109.608,-74.0,767.0,1000,94.429,-74.0,645.0,1101,104.299,-106.0,924.0,846,70.909,-66.0,694.0,1024,49.635,-95.0,479.0
1868,1254,104.421,-73.0,882.0,1000,90.428,-97.0,646.0,1101,99.602,-81.0,673.0,846,70.57,-59.0,486.0,1024,49.449,-54.0,425.0
1869,1254,108.782,-66.0,926.0,1000,100.179,-79.0,733.0,1101,97.588,-108.0,669.0,846,74.397,-66.0,496.0,1024,51.938,-79.0,476.0
1870,1254,100.734,-68.0,877.0,1000,98.899,-68.0,719.0,1101,99.374,-80.0,648.0,846,72.645,-64.0,492.0,1024,54.334,-59.0,591.0
1871,1254,108.981,-105.0,779.0,1000,90.294,-71.0,788.0,1101,97.404,-79.0,699.0,846,77.628,-90.0,664.0,1024,53.811,-61.0,464.0
1872,1254,108.779,-65.0,1044.0,1000,99.31,-85.0,691.0,1101,98.432,-82.0,766.0,846,73.381,-66.0,597.0,1024,51.164,-52.0,653.0
1873,1254,104.723,-88.0,866.0,1000,95.605,-70.0,747.0,1101,98.515,-77.0,860.0,846,76.372,-67.0,510.0,1024,52.025,-88.0,650.0
1874,1254,107.104,-77.0,898.0,1000,90.895,-91.0,736.0,1101,105.66,-70.0,698.0,846,68.379,-48.0,493.0,1024,54.072,-60.0,748.0
1875,1254,109.927,-59.0,781.0,1000,99.078,-122.0,723.0,1101,93.829,-66.0,805.0,846,67.691,-54.0,428.0,1024,50.504,-60.0,563.0
1876,1254,104.381,-94.0,842.0,1000,88.945,-105.0,755.0,1101,97.876,-87.0,617.0,846,72.247,-50.0,595.0,1024,47.354,-40.0,474.0
1877,1254,103.974,-85.0,812.0,1000,97.168,-69.0,910.0,1101,99.114,-119.0,665.0,846,75.829,-59.0,511.0,1024,54.407,-54.0,731.0
1878,1254,114.785,-61.0,1020.0,1000,101.068,-70.0,853.0,1101,106.362,-89.0,694.0,846,83.281,-95.0,708.0,1024,60.818,-75.0,572.0
1879,1254,124.425,-68.0,834.0,1000,116.45,-62.0,636.0,1101,121.295,-103.0,805.0,846,108.831,-87.0,535.0,1024,75.714,-88.0,602.0
1880,1254,121.703,-72.0,941.0,1000,107.342,-69.0,627.0,1101,118.235,-85.0,812.0,846,109.504,-67.0,618.0,1024,80.678,-81.0,569.0
1881,1254,115.73,-67.0,732.0,1000,113.281,-85.0,745.0,1101,117.401,-105.0,715.0,846,109.273,-71.0,696.0,1024,82.403,-87.0,589.0
1882,1254,126.036,-69.0,815.0,1000,106.428,-83.0,753.0,1101,106.496,-90.0,831.0,846,103.955,-77.0,674.0,1024,77.641,-70.0,628.0
1883,1254,117.197,-67.0,817.0,1000,104.131,-75.0,637.0,1101,109.682,-92.0,687.0,846,102.206,-62.0,578.0,1024,72.071,-76.0,742.0
1884,1254,114.959,-71.0,797.0,1000,104.806,-70.0,785.0,1101,106.718,-72.0,655.0,846,101.461,-92.0,651.0,1024,74.045,-83.0,548.0
1885,1254,113.742,-75.0,748.0,1000,101.805,-83.0,854.0,1101,99.852,-93.0,648.0,846,85.664,-71.0,521.0,1024,70.899,-63.0,606.0
1886,1254,108.642,-96.0,791.0,1000,107.583,-76.0,821.0,1101,110.9,-82.0,868.0,846,83.274,-85.0,600.0,1024,68.069,-72.0,616.0
1887,1254,110.583,-51.0,778.0,1000,105.289,-80.0,862.0,1101,108.452,-84.0,779.0,846,86.431,-83.0,564.0,1024,64.42,-80.0,451.0
1888,1254,112.7,-104.0,901.0,1000,104.453,-100.0,844.0,1101,98.663,-58.0,581.0,846,84.596,-64.0,517.0,1024,59.418,-72.0,428.0
1889,1254,113.451,-64.0,901.0,1000,101.138,-48.0,777.0,1101,101.015,-92.0,689.0,846,77.593,-59.0,471.0,1024,58.674,-85.0,671.0
1890,1254,106.376,-55.0,692.0,1000,101.015,-116.0,702.0,1101,106.38,-71.0,667.0,846,78.297,-83.0,482.0,1024,59.782,-70.0,664.0
1891,1254,115.191,-95.0,909.0,1000,97.795,-59.0,705.0,1101,101.269,-67.0,766.0,846,75.733,-50.0,533.0,1024,64.415,-82.0,652.0
1892,1254,109.695,-95.0,773.0,1000,90.248,-73.0,612.0,1101,101.167,-72.0,806.0,846,77.284,-75.0,538.0,1024,57.24,-49.0,572.0
1893,1254,110.583,-77.0,911.0,1000,92.755,-78.0,732.0,1101,100.612,-85.0,621.0,846,77.712,-54.0,472.0,1024,59.885,-93.0,548.0
1894,1254,109.379,-72.0,784.0,1000,100.232,-61.0,625.0,1101,99.67,-82.0,753.0,846,71.535,-77.0,523.0,1024,65.214,-62.0,628.0
1895,1254,108.557,-58.0,711.0,1000,93.049,-114.0,751.0,1101,98.281,-123.0,722.0,846,78.678,-83.0,583.0,1024,53.922,-83.0,448.0
1896,1254,112.254,-81.0,816.0,1000,103.18,-72.0,591.0,1101,96.371,-76.0,722.0,846,72.128,-82.0,483.0,1024,60.568,-101.0,760.0
1897,1254,106.37,-77.0,899.0,1000,93.452,-90.0,734.0,1101,106.275,-78.0,832.0,846,84.32,-70.0,735.0,1024,58.33,-82.0,510.0
1898,1254,113.434,-63.0,1091.0,1000,97.202,-72.0,671.0,1101,100.047,-67.0,629.0,846,78.501,-61.0,423.0,1024,59.362,-57.0,470.0
1899,1254,103.674,-58.0,851.0,1000,94.333,-76.0,701.0,1101,99.275,-68.0,705.0,846,76.038,-73.0,492.0,1024,62.998,-65.0,519.0
1900,1254,112.439,-70.0,702.0,1000,98.355,-66.0,669.0,1101,94.533,-72.0,597.0,846,69.099,-66.0,450.0,1024,58.343,-52.0,547.0
1901,1254,110.009,-68.0,816.0,1000,93.145,-108.0,758.0,1101,96.199,-74.0,556.0,846,76.304,-71.0,502.0,1024,60.919,-47.0,465.0
1902,1254,112.508,-84.0,972.0,1000,95.617,-88.0,729.0,1101,99.136,-60.0,491.0,846,80.824,-74.0,683.0,1024,59.372,-61.0,653.0
1903,1254,107.317,-55.0,820.0,1000,92.855,-105.0,751.0,1101,96.584,-108.0,651.0,846,71.448,-46.0,624.0,1024,57.526,-62.0,670.0
1904,1254,107.319,-72.0,951.0,1000,91.243,-72.0,929.0,1101,100.592,-115.0,617.0,846,75.4,-63.0,467.0,1024,53.979,-57.0,539.0
1905,1254,105.593,-75.0,856.0,1000,97.764,-67.0,703.0,1101,102.382,-96.0,871.0,846,66.652,-69.0,495.0,1024,55.1,-58.0,442.0
1906,1254,104.276,-74.0,940.0,1000,92.053,-65.0,770.0,1101,93.869,-61.0,781.0,846,72.91,-75.0,489.0,1024,54.978,-75.0,490.0
1907,1254,103.872,-46.0,750.0,1000,93.38,-68.0,798.0,1101,97.345,-113.0,795.0,846,77.398,-72.0,524.0,1024,55.278,-86.0,498.0
1908,1254,108.395,-85.0,806.0,1000,94.191,-83.0,737.0,1101,100.695,-87.0,675.0,846,75.196,-77.0,505.0,1024,56.375,-62.0,539.0
1909,1254,109.481,-64.0,836.0,1000,100.442,-75.0,809.0,1101,101.015,-58.0,612.0,846,73.652,-56.0,506.0,1024,54.857,-57.0,634.0
1910,1254,104.987,-62.0,875.0,1000,93.346,-68.0,921.0,1101,100.412,-51.0,703.0,846,76.204,-92.0,505.0,1024,55.759,-60.0,657.0
1911,1254,103.69,-57.0,880.0,1000,93.415,-74.0,629.0,1101,99.405,-82.0,857.0,846,75.472,-86.0,606.0,1024,62.576,-57.0,548.0
1912,1254,110.013,-51.0,879.0,1000,97.779,-80.0,937.0,1101,90.728,-55.0,818.0,846,74.839,-52.0,557.0,1024,57.11,-81.0,599.0
1913,1254,106.112,-39.0,858.0,1000,96.593,-63.0,654.0,1101,105.025,-52.0,817.0,846,77.539,-49.0,579.0,1024,53.995,-47.0,727.0
1914,1254,108.641,-51.0,1026.0,1000,93.674,-78.0,724.0,1101,101.716,-71.0,767.0,846,69.597,-52.0,713.0,1024,48.996,-45.0,600.0
1915,1254,106.059,-48.0,828.0,1000,91.697,-71.0,678.0,1101,104.494,-78.0,782.0,846,70.879,-70.0,462.0,1024,54.069,-70.0,619.0
1916,1254,109.763,-67.0,777.0,1000,91.079,-56.0,721.0,1101,100.251,-77.0,707.0,846,78.584,-68.0,570.0,1024,56.56,-68.0,540.0
1917,1254,111.327,-45.0,839.0,1000,95.299,-60.0,908.0,1101,103.964,-67.0,616.0,846,76.271,-62.0,459.0,1024,51.853,-60.0,536.0
1918,1254,109.696,-48.0,849.0,1000,95.164,-63.0,677.0,1101,99.688,-105.0,785.0,846,70.995,-69.0,427.0,1024,54.368,-52.0,590.0
1919,1254,106.717,-54.0,726.0,1000,98.27,-57.0,808.0,1101,106.304,-58.0,761.0,846,80.111,-70.0,491.0,1024,55.073,-63.0,552.0
1920,1254,109.51,-38.0,883.0,1000,91.69,-107.0,784.0,1101,94.946,-89.0,803.0,846,74.928,-98.0,527.0,1024,53.123,-79.0,585.0
1921,1254,105.596,-60.0,843.0,1000,93.719,-51.0,685.0,1101,103.258,-97.0,627.0,846,76.169,-56.0,451.0,1024,52.879,-90.0,548.0
1922,1254,108.707,-36.0,806.0,1000,97.817,-65.0,719.0,1101,97.658,-71.0,715.0,846,70.532,-66.0,505.0,1024,52.115,-46.0,612.0
1923,1254,104.838,-43.0,773.0,1000,96.591,-72.0,771.0,1101,104.612,-81.0,660.0,846,73.402,-83.0,496.0,1024,49.931,-61.0,574.0
1924,1254,109.294,-33.0,827.0,1000,102.692,-62.0,953.0,1101,104.034,-68.0,708.0,846,70.959,-112.0,564.0,1024,55.588,-49.0,585.0
1925,1254,110.511,-56.0,769.0,1000,90.178,-92.0,835.0,1101,99.284,-68.0,695.0,846,68.936,-65.0,578.0,1024,51.895,-53.0,504.0
1926,1254,108.045,-28.0,867.0,1000,97.535,-66.0,701.0,1101,100.222,-101.0,757.0,846,70.788,-58.0,573.0,1024,49.807,-52.0,500.0
1927,1254,105.561,-37.0,794.0,1000,91.986,-126.0,836.0,1101,101.486,-119.0,696.0,846,73.511,-62.0,553.0,1024,52.535,-45.0,536.0
1928,1254,108.431,-29.0,734.0,1000,88.515,-52.0,739.0,1101,93.817,-96.0,683.0,846,71.948,-60.0,593.0,1024,52.0,-58.0,524.0
1929,1254,105.647,-40.0,771.0,1000,82.621,-85.0,742.0,1101,101.369,-94.0,649.0,846,63.54,-72.0,557.0,1024,52.089,-64.0,501.0
1930,1254,110.767,-51.0,824.0,1000,94.174,-86.0,802.0,1101,97.511,-76.0,602.0,846,78.609,-84.0,548.0,1024,48.716,-56.0,646.0
1931,1254,107.845,-21.0,814.0,1000,93.187,-73.0,830.0,1101,100.488,-100.0,625.0,846,71.998,-44.0,447.0,1024,50.055,-44.0,431.0
1932,1254,105.848,-39.0,794.0,1000,96.151,-119.0,729.0,1101,94.691,-62.0,748.0,846,70.124,-74.0,492.0,1024,54.277,-68.0,533.0
1933,1254,108.853,-30.0,828.0,1000,89.727,-68.0,870.0,1101,98.607,-98.0,620.0,846,70.966,-62.0,531.0,1024,51.475,-50.0,573.0
1934,1254,106.855,-29.0,812.0,1000,93.024,-58.0,789.0,1101,91.889,-78.0,521.0,846,71.572,-59.0,490.0,1024,53.639,-65.0,521.0
1935,1254,103.553,-32.0,949.0,1000,98.004,-95.0,712.0,1101,95.245,-87.0,680.0,846,67.587,-65.0,518.0,1024,52.741,-59.0,553.0
1936,1254,112.259,-34.0,836.0,1000,100.668,-85.0,755.0,1101,95.173,-82.0,613.0,846,68.647,-56.0,551.0,1024,52.987,-65.0,586.0
1937,1254,108.775,-52.0,851.0,1000,94.627,-67.0,711.0,1101,96.04,-81.0,654.0,846,68.811,-58.0,445.0,1024,56.244,-102.0,496.0
1938,1254,107.78,-25.0,769.0,1000,93.963,-80.0,774.0,1101,98.223,-64.0,733.0,846,69.377,-93.0,428.0,1024,50.857,-46.0,557.0
1939,1254,104.643,-49.0,787.0,1000,96.605,-102.0,766.0,1101,98.506,-73.0,810.0,846,74.66,-60.0,381.0,1024,57.577,-62.0,602.0
1940,1254,106.667,-40.0,837.0,1000,95.759,-82.0,693.0,1101,104.89,-94.0,743.0,846,75.223,-62.0,470.0,1024,52.841,-100.0,509.0
1941,1254,107.077,-34.0,909.0,1000,94.275,-91.0,733.0,1101,100.97,-70.0,814.0,846,74.655,-85.0,600.0,1024,50.922,-56.0,499.0
1942,1254,113.712,-37.0,843.0,1000,89.551,-87.0,706.0,1101,103.116,-87.0,624.0,846,74.518,-65.0,516.0,1024,56.928,-44.0,638.0
1943,1254,107.048,-36.0,831.0,1000,92.315,-93.0,655.0,1101,96.5,-80.0,695.0,846,72.311,-60.0,582.0,1024,54.607,-62.0,766.0
1944,1254,109.793,-30.0,702.0,1000,95.368,-103.0,802.0,1101,97.689,-72.0,686.0,846,73.4,-88.0,465.0,1024,51.88,-59.0,417.0
1945,1254,108.011,-50.0,808.0,1000,93.078,-88.0,869.0,1101,99.619,-91.0,682.0,846,73.005,-86.0,576.0,1024,52.167,-91.0,498.0
1946,1254,103.83,-42.0,834.0,1000,87.732,-61.0,713.0,1101,100.483,-88.0,673.0,846,74.413,-55.0,562.0,1024,55.139,-82.0,575.0
1947,1254,107.68,-43.0,815.0,1000,96.022,-80.0,903.0,1101,100.816,-106.0,707.0,846,70.183,-72.0,431.0,1024,53.345,-67.0,606.0
1948,1254,99.868,-61.0,687.0,1000,91.534,-68.0,979.0,1101,98.228,-74.0,589.0,846,68.762,-67.0,477.0,1024,52.2,-39.0,446.0
1949,1254,113.131,-71.0,1020.0,1000,93.85,-91.0,758.0,1101,94.909,-66.0,781.0,846,71.574,-66.0,373.0,1024,51.277,-63.0,497.0
1950,1254,103.358,-54.0,749.0,1000,90.173,-65.0,714.0,1101,104.621,-73.0,661.0,846,72.66,-54.0,435.0,1024,47.941,-85.0,517.0
1951,1254,104.653,-35.0,1009.0,1000,99.404,-72.0,647.0,1101,92.337,-83.0,587.0,846,70.168,-89.0,519.0,1024,48.386,-72.0,678.0
1952,1254,110.478,-43.0,874.0,1000,101.983,-81.0,749.0,1101,95.677,-96.0,856.0,846,70.383,-71.0,477.0,1024,53.122,-105.0,502.0
1953,1254,101.304,-64.0,870.0,1000,98.771,-99.0,924.0,1101,94.402,-85.0,589.0,846,69.026,-132.0,498.0,1024,51.092,-55.0,461.0
1954,1254,103.404,-52.0,795.0,1000,91.776,-72.0,571.0,1101,94.178,-76.0,630.0,846,73.242,-85.0,487.0,1024,52.793,-59.0,556.0
1955,1254,106.409,-61.0,833.0,1000,91.582,-97.0,806.0,1101,100.197,-78.0,760.0,846,72.792,-97.0,486.0,1024,49.32,-59.0,421.0
1956,1254,102.719,-43.0,959.0,1000,100.33,-97.0,630.0,1101,99.589,-79.0,631.0,846,76.532,-104.0,410.0,1024,54.736,-77.0,598.0
1957,1254,108.455,-51.0,798.0,1000,97.08,-130.0,694.0,1101,95.207,-60.0,696.0,846,76.721,-57.0,466.0,1024,56.417,-61.0,566.0
1958,1254,109.221,-58.0,985.0,1000,94.179,-87.0,811.0,1101,102.336,-91.0,722.0,846,70.96,-78.0,457.0,1024,52.757,-61.0,600.0
1959,1254,108.085,-59.0,878.0,1000,90.396,-63.0,658.0,1101,100.151,-82.0,681.0,846,70.506,-72.0,541.0,1024,52.743,-76.0,511.0
1960,1254,104.757,-53.0,759.0,1000,97.996,-91.0,731.0,1101,98.703,-79.0,789.0,846,68.006,-66.0,479.0,1024,53.815,-77.0,552.0
1961,1254,105.376,-62.0,707.0,1000,94.459,-66.0,618.0,1101,93.147,-64.0,593.0,846,74.85,-54.0,531.0,1024,50.599,-61.0,528.0
1962,1254,115.144,-50.0,822.0,1000,98.58,-109.0,933.0,1101,94.302,-62.0,515.0,846,69.152,-55.0,464.0,1024,50.646,-47.0,446.0
1963,1254,105.51,-64.0,867.0,1000,91.663,-91.0,676.0,1101,96.038,-93.0,546.0,846,69.975,-63.0,471.0,1024,55.103,-68.0,569.0
1964,1254,103.851,-70.0,820.0,1000,100.288,-67.0,667.0,1101,97.129,-95.0,763.0,846,74.506,-64.0,615.0,1024,53.585,-58.0,598.0
1965,1254,109.778,-66.0,751.0,1000,99.242,-55.0,864.0,1101,96.354,-99.0,735.0,846,68.086,-76.0,572.0,1024,52.573,-60.0,491.0
1966,1254,109.439,-79.0,868.0,1000,96.669,-96.0,787.0,1101,98.756,-82.0,545.0,846,68.963,-67.0,423.0,1024,52.488,-54.0,419.0
1967,1254,104.481,-82.0,886.0,1000,94.897,-129.0,737.0,1101,97.065,-99.0,802.0,846,74.342,-67.0,544.0,1024,54.043,-51.0,529.0
1968,1254,107.845,-70.0,815.0,1000,87.381,-89.0,720.0,1101,103.542,-97.0,622.0,846,71.897,-99.0,429.0,1024,52.416,-51.0,525.0
1969,1254,101.587,-69.0,958.0,1000,91.146,-73.0,861.0,1101,99.597,-65.0,590.0,846,72.313,-65.0,480.0,1024,51.956,-51.0,566.0
1970,1254,110.088,-57.0,928.0,1000,94.294,-73.0,665.0,1101,99.14,-87.0,681.0,846,72.667,-77.0,505.0,1024,53.192,-60.0,634.0
1971,1254,103.377,-67.0,886.0,1000,89.849,-75.0,692.0,1101,99.701,-79.0,725.0,846,73.883,-87.0,504.0,1024,54.028,-54.0,432.0
1972,1254,103.87,-58.0,885.0,1000,92.855,-69.0,743.0,1101,95.014,-86.0,578.0,846,77.121,-57.0,561.0,1024,53.104,-65.0,594.0
1973,1254,103.739,-86.0,764.0,1000,100.474,-91.0,870.0,1101,97.768,-70.0,649.0,846,76.404,-66.0,505.0,1024,51.518,-50.0,502.0
1974,1254,115.586,-73.0,824.0,1000,100.822,-70.0,688.0,1101,99.171,-95.0,593.0,846,80.697,-104.0,485.0,1024,53.446,-57.0,382.0
1975,1254,110.626,-68.0,719.0,1000,90.452,-45.0,749.0,1101,96.667,-67.0,733.0,846,69.652,-87.0,617.0,1024,53.194,-74.0,446.0
1976,1254,103.221,-75.0,864.0,1000,87.868,-120.0,892.0,1101,100.51,-97.0,722.0,846,77.265,-73.0,510.0,1024,53.089,-50.0,407.0
1977,1254,108.656,-68.0,771.0,1000,98.684,-65.0,687.0,1101,95.914,-150.0,673.0,846,78.038,-55.0,676.0,1024,49.624,-48.0,715.0
1978,1254,111.62,-54.0,1093.0,1000,94.188,-67.0,678.0,1101,98.346,-73.0,702.0,846,78.379,-88.0,455.0,1024,49.354,-66.0,439.0
1979,1254,107.614,-59.0,879.0,1000,92.71,-75.0,787.0,1101,100.094,-103.0,701.0,846,76.272,-69.0,514.0,1024,54.562,-90.0,519.0
1980,1254,105.305,-53.0,741.0,1000,93.339,-65.0,885.0,1101,106.4,-77.0,638.0,846,73.272,-65.0,531.0,1024,51.998,-56.0,565.0
1981,1254,109.186,-81.0,849.0,1000,99.611,-75.0,692.0,1101,100.099,-97.0,692.0,846,70.695,-43.0,521.0,1024,48.226,-67.0,420.0
1982,1254,102.846,-61.0,857.0,1000,99.968,-88.0,737.0,1101,94.816,-95.0,603.0,846,68.482,-56.0,417.0,1024,51.138,-59.0,424.0
1983,1254,105.968,-52.0,884.0,1000,92.471,-88.0,684.0,1101,102.286,-76.0,726.0,846,76.809,-80.0,549.0,1024,54.846,-85.0,574.0
1984,1254,106.711,-61.0,840.0,1000,95.728,-75.0,681.0,1101,96.654,-74.0,623.0,846,70.452,-113.0,601.0,1024,49.686,-53.0,417.0
1985,1254,108.747,-93.0,760.0,1000,96.831,-62.0,847.0,1101,96.431,-74.0,540.0,846,69.611,-79.0,519.0,1024,52.174,-82.0,496.0
1986,1254,98.555,-70.0,763.0,1000,95.052,-100.0,571.0,1101,94.523,-91.0,574.0,846,74.852,-61.0,590.0,1024,52.166,-82.0,699.0
1987,1254,104.333,-66.0,949.0,1000,91.995,-68.0,683.0,1101,100.332,-74.0,814.0,846,65.664,-72.0,523.0,1024,55.094,-61.0,463.0
1988,1254,106.888,-85.0,819.0,1000,90.634,-76.0,725.0,1101,99.952,-112.0,678.0,846,72.628,-104.0,688.0,1024,53.693,-49.0,393.0
1989,1254,114.068,-82.0,888.0,1000,92.392,-57.0,737.0,1101,96.663,-81.0,730.0,846,75.086,-91.0,526.0,1024,51.812,-60.0,436.0
1990,1254,104.569,-61.0,874.0,1000,93.964,-60.0,592.0,1101,96.962,-83.0,643.0,846,67.122,-94.0,453.0,1024,49.801,-57.0,577.0
1991,1254,109.925,-64.0,839.0,1000,95.554,-67.0,691.0,1101,103.74,-72.0,676.0,846,75.465,-69.0,479.0,1024,48.731,-57.0,577.0
1992,1254,106.05,-63.0,787.0,1000,88.491,-65.0,644.0,1101,97.598,-88.0,647.0,846,74.545,-65.0,452.0,1024,52.66,-50.0,674.0
1993,1254,99.828,-63.0,775.0,1000,85.787,-70.0,805.0,1101,90.974,-75.0,532.0,846,77.434,-60.0,548.0,1024,53.34,-53.0,340.0
1994,1254,102.239,-79.0,810.0,1000,95.984,-59.0,696.0,1101,98.468,-81.0,698.0,846,74.721,-58.0,557.0,1024,50.399,-41.0,598.0
1995,1254,113.618,-65.0,740.0,1000,94.075,-88.0,627.0,1101,93.698,-97.0,619.0,846,70.342,-60.0,492.0,1024,48.528,-77.0,520.0
1996,1254,111.875,-73.0,830.0,1000,96.117,-73.0,934.0,1101,100.02,-75.0,606.0,846,66.76,-61.0,563.0,1024,53.752,-83.0,581.0
1997,1254,100.845,-103.0,722.0,1000,96.337,-100.0,677.0,1101,102.72,-75.0,737.0,846,69.298,-44.0,402.0,1024,50.349,-58.0,500.0
1998,1254,112.338,-82.0,805.0,1000,98.334,-67.0,636.0,1101,103.161,-84.0,935.0,846,75.988,-60.0,487.0,1024,53.369,-71.0,529.0
1999,1254,121.104,-74.0,936.0,1000,118.207,-120.0,683.0,1101,110.773,-101.0,624.0,846,99.645,-87.0,513.0,1024,69.586,-67.0,484.0
2000,1254,131.489,-61.0,912.0,1000,126.137,-87.0,731.0,1101,114.836,-88.0,665.0,846,97.543,-67.0,720.0,1024,76.888,-83.0,808.0
2001,1254,126.105,-103.0,1041.0,1000,115.889,-86.0,761.0,1101,114.594,-72.0,612.0,846,96.585,-67.0,702.0,1024,76.44,-63.0,634.0
2002,1254,126.201,-79.0,838.0,1000,117.03,-98.0,684.0,1101,108.797,-76.0,551.0,846,89.715,-88.0,658.0,1024,73.395,-64.0,609.0
2003,1254,114.317,-65.0,758.0,1000,118.96,-89.0,673.0,1101,108.233,-85.0,656.0,846,80.216,-61.0,557.0,1024,67.968,-117.0,522.0
2004,1254,115.881,-86.0,734.0,1000,109.521,-75.0,887.0,1101,102.215,-85.0,730.0,846,88.344,-66.0,600.0,1024,69.792,-123.0,532.0
2005,1254,118.364,-80.0,842.0,1000,102.523,-68.0,713.0,1101,101.441,-78.0,750.0,846,82.901,-65.0,555.0,1024,68.863,-79.0,670.0
2006,1254,109.2,-72.0,890.0,1000,110.344,-83.0,905.0,1101,98.928,-74.0,537.0,846,76.046,-55.0,539.0,1024,72.812,-99.0,506.0
2007,1254,117.422,-55.0,784.0,1000,100.31,-54.0,884.0,1101,96.805,-92.0,628.0,846,76.349,-66.0,582.0,1024,67.013,-58.0,645.0
2008,1254,112.329,-67.0,775.0,1000,97.037,-90.0,754.0,1101,101.858,-80.0,747.0,846,82.441,-74.0,468.0,1024,67.46,-64.0,606.0
2009,1254,107.934,-85.0,913.0,1000,96.064,-94.0,710.0,1101,95.655,-56.0,650.0,846,78.5,-61.0,522.0,1024,62.96,-129.0,604.0
2010,1254,114.436,-75.0,852.0,1000,102.553,-107.0,714.0,1101,94.563,-85.0,683.0,846,78.384,-69.0,514.0,1024,61.583,-71.0,494.0
2011,1254,108.439,-77.0,710.0,1000,97.556,-69.0,946.0,1101,91.072,-53.0,664.0,846,80.95,-87.0,545.0,1024,68.775,-66.0,557.0
2012,1254,109.785,-60.0,859.0,1000,97.651,-89.0,742.0,1101,98.217,-80.0,627.0,846,74.781,-61.0,503.0,1024,63.829,-62.0,621.0
2013,1254,111.61,-63.0,835.0,1000,100.537,-85.0,579.0,1101,104.751,-85.0,653.0,846,73.74,-78.0,552.0,1024,58.74,-56.0,469.0
2014,1254,100.463,-72.0,747.0,1000,101.631,-74.0,666.0,1101,100.303,-81.0,681.0,846,72.949,-100.0,605.0,1024,64.39,-75.0,557.0
2015,1254,114.845,-76.0,960.0,1000,100.647,-90.0,740.0,1101,101.102,-62.0,812.0,846,75.405,-75.0,522.0,1024,54.979,-62.0,579.0
2016,1254,114.99,-59.0,787.0,1000,95.791,-61.0,963.0,1101,92.416,-100.0,775.0,846,70.849,-67.0,649.0,1024,60.705,-82.0,684.0
2017,1254,104.001,-73.0,856.0,1000,96.162,-66.0,704.0,1101,95.49,-83.0,614.0,846,78.381,-79.0,464.0,1024,59.342,-80.0,612.0
2018,1254,108.982,-94.0,867.0,1000,99.471,-68.0,859.0,1101,94.856,-66.0,645.0,846,71.11,-64.0,550.0,1024,57.262,-61.0,467.0
2019,1254,110.498,-59.0,977.0,1000,96.694,-54.0,690.0,1101,100.556,-84.0,714.0,846,69.708,-68.0,499.0,1024,58.276,-73.0,499.0
2020,1254,104.917,-71.0,833.0,1000,98.288,-70.0,751.0,1101,100.547,-68.0,753.0,846,72.508,-69.0,537.0,1024,53.103,-78.0,479.0
2021,1254,105.786,-59.0,873.0,1000,94.506,-75.0,594.0,1101,99.728,-95.0,789.0,846,72.522,-60.0,792.0,1024,52.739,-72.0,434.0
2022,1254,106.456,-95.0,904.0,1000,94.535,-62.0,689.0,1101,89.699,-88.0,652.0,846,71.191,-54.0,655.0,1024,58.89,-63.0,409.0
2023,1254,103.119,-65.0,765.0,1000,99.645,-68.0,747.0,1101,98.334,-70.0,644.0,846,73.109,-72.0,506.0,1024,56.441,-68.0,425.0
2024,1254,107.771,-92.0,782.0,1000,95.759,-84.0,743.0,1101,101.527,-74.0,614.0,846,73.177,-69.0,455.0,1024,53.009,-77.0,477.0
2025,1254,101.539,-91.0,875.0,1000,96.387,-68.0,643.0,1101,95.983,-97.0,655.0,846,75.481,-76.0,544.0,1024,57.672,-59.0,464.0
2026,1254,108.63,-70.0,733.0,1000,98.918,-126.0,622.0,1101,101.967,-96.0,793.0,846,72.6,-76.0,548.0,1024,60.472,-65.0,504.0
2027,1254,105.155,-82.0,824.0,1000,95.279,-53.0,693.0,1101,100.216,-70.0,620.0,846,77.257,-71.0,557.0,1024,57.446,-69.0,397.0
2028,1254,106.411,-68.0,746.0,1000,100.524,-106.0,653.0,1101,92.916,-53.0,596.0,846,76.56,-79.0,463.0,1024,59.15,-63.0,587.0
2029,1254,104.607,-94.0,801.0,1000,103.66,-73.0,599.0,1101,93.476,-86.0,583.0,846,82.974,-95.0,499.0,1024,53.503,-55.0,509.0
2030,1254,104.413,-69.0,825.0,1000,93.355,-92.0,606.0,1101,95.172,-62.0,673.0,846,73.748,-57.0,500.0,1024,54.693,-53.0,381.0
2031,1254,102.438,-82.0,802.0,1000,92.303,-58.0,628.0,1101,96.65,-66.0,727.0,846,74.586,-71.0,492.0,1024,55.889,-99.0,484.0
2032,1254,105.343,-91.0,857.0,1000,96.726,-48.0,668.0,1101,95.233,-87.0,658.0,846,76.379,-57.0,522.0,1024,54.529,-70.0,618.0
2033,1254,104.612,-62.0,790.0,1000,88.433,-79.0,763.0,1101,96.178,-72.0,635.0,846,75.06,-65.0,598.0,1024,53.771,-100.0,465.0
2034,1254,104.564,-73.0,769.0,1000,99.062,-76.0,624.0,1101,99.129,-101.0,746.0,846,71.52,-57.0,571.0,1024,50.114,-54.0,460.0
2035,1254,108.633,-95.0,823.0,1000,98.36,-92.0,617.0,1101,96.321,-76.0,668.0,846,74.874,-76.0,417.0,1024,50.398,-49.0,556.0
2036,1254,105.519,-71.0,793.0,1000,95.504,-83.0,847.0,1101,94.432,-67.0,668.0,846,75.663,-71.0,586.0,1024,52.049,-60.0,457.0
2037,1254,109.105,-89.0,857.0,1000,93.291,-78.0,651.0,1101,101.217,-98.0,823.0,846,74.331,-84.0,559.0,1024,56.539,-68.0,535.0
2038,1254,107.01,-70.0,814.0,1000,101.745,-90.0,598.0,1101,88.137,-82.0,624.0,846,70.371,-69.0,486.0,1024,54.152,-53.0,672.0
2039,1254,105.085,-99.0,790.0,1000,95.689,-66.0,661.0,1101,94.339,-102.0,479.0,846,75.288,-65.0,633.0,1024,57.305,-43.0,533.0
2040,1254,102.299,-66.0,858.0,1000,94.838,-57.0,638.0,1101,93.379,-70.0,643.0,846,71.236,-58.0,571.0,1024,54.6,-75.0,547.0
2041,1254,105.699,-73.0,855.0,1000,90.09,-71.0,537.0,1101,100.34,-73.0,680.0,846,74.428,-56.0,556.0,1024,55.078,-52.0,439.0
2042,1254,108.904,-63.0,816.0,1000,95.268,-97.0,711.0,1101,99.431,-70.0,665.0,846,71.332,-68.0,552.0,1024,54.215,-91.0,496.0
2043,1254,110.58,-98.0,971.0,1000,93.013,-56.0,587.0,1101,92.408,-97.0,659.0,846,72.726,-74.0,522.0,1024,53.205,-111.0,459.0
2044,1254,107.266,-62.0,783.0,1000,91.599,-61.0,722.0,1101,97.211,-86.0,773.0,846,67.007,-61.0,515.0,1024,52.548,-59.0,522.0
2045,1254,106.88,-74.0,846.0,1000,96.024,-97.0,632.0,1101,98.252,-68.0,656.0,846,75.376,-64.0,481.0,1024,54.331,-64.0,561.0
2046,1254,103.794,-66.0,786.0,1000,95.192,-78.0,635.0,1101,95.981,-85.0,753.0,846,74.201,-61.0,448.0,1024,52.379,-74.0,607.0
2047,1254,106.86,-80.0,756.0,1000,90.758,-57.0,637.0,1101,93.167,-89.0,579.0,846,73.793,-81.0,521.0,1024,52.68,-47.0,474.0
2048,1254,103.1,-63.0,778.0,1000,103.646,-80.0,684.0,1101,99.133,-88.0,667.0,846,78.636,-72.0,497.0,1024,47.64,-75.0,425.0
2049,1254,110.323,-85.0,758.0,1000,93.116,-86.0,767.0,1101,100.64,-104.0,627.0,846,71.809,-69.0,555.0,1024,54.703,-69.0,488.0
2050,1254,107.229,-94.0,907.0,1000,90.085,-70.0,670.0,1101,100.27,-65.0,745.0,846,73.022,-48.0,623.0,1024,52.347,-88.0,448.0
2051,1254,105.145,-78.0,790.0,1000,97.551,-102.0,654.0,1101,93.094,-71.0,645.0,846,73.937,-71.0,629.0,1024,50.658,-76.0,415.0
2052,1254,102.274,-72.0,721.0,1000,92.941,-104.0,769.0,1101,95.012,-66.0,676.0,846,74.138,-63.0,509.0,1024,55.138,-60.0,458.0
2053,1254,113.746,-96.0,727.0,1000,92.546,-95.0,731.0,1101,99.28,-97.0,721.0,846,77.222,-71.0,611.0,1024,51.834,-49.0,333.0
2054,1254,106.532,-73.0,868.0,1000,96.203,-75.0,621.0,1101,95.946,-79.0,540.0,846,80.611,-52.0,563.0,1024,54.329,-68.0,437.0
2055,1254,105.651,-66.0,801.0,1000,98.328,-99.0,689.0,1101,97.128,-116.0,594.0,846,74.089,-81.0,558.0,1024,51.974,-90.0,513.0
2056,1254,105.73,-63.0,777.0,1000,95.73,-106.0,762.0,1101,96.381,-78.0,559.0,846,67.772,-71.0,594.0,1024,45.874,-65.0,337.0
2057,1254,105.019,-81.0,898.0,1000,99.193,-83.0,593.0,1101,93.064,-102.0,696.0,846,76.604,-72.0,808.0,1024,52.443,-77.0,536.0
2058,1254,108.086,-80.0,660.0,1000,92.63,-56.0,740.0,1101,94.91,-70.0,609.0,846,75.767,-78.0,504.0,1024,54.275,-73.0,396.0
2059,1254,106.033,-73.0,716.0,1000,98.549,-78.0,706.0,1101,92.288,-98.0,704.0,846,71.734,-60.0,602.0,1024,50.162,-51.0,410.0
2060,1254,106.487,-77.0,725.0,1000,98.098,-65.0,747.0,1101,97.652,-103.0,746.0,846,69.73,-118.0,518.0,1024,53.035,-65.0,490.0
2061,1254,106.304,-77.0,770.0,1000,103.909,-115.0,735.0,1101,99.106,-98.0,755.0,846,73.521,-71.0,689.0,1024,47.373,-62.0,551.0
2062,1254,101.285,-94.0,778.0,1000,101.495,-88.0,651.0,1101,93.401,-63.0,600.0,846,72.651,-62.0,570.0,1024,48.541,-62.0,376.0
2063,1254,106.116,-79.0,819.0,1000,98.411,-94.0,703.0,1101,101.144,-76.0,615.0,846,68.039,-84.0,507.0,1024,53.212,-56.0,548.0
2064,1254,104.13,-89.0,826.0,1000,101.158,-68.0,603.0,1101,97.333,-83.0,616.0,846,73.944,-80.0,612.0,1024,50.295,-56.0,448.0
2065,1254,107.421,-64.0,671.0,1000,89.858,-79.0,621.0,1101,97.517,-63.0,617.0,846,73.311,-66.0,449.0,1024,54.334,-53.0,448.0
2066,1254,105.633,-59.0,1003.0,1000,95.509,-72.0,575.0,1101,92.91,-71.0,666.0,846,73.697,-90.0,466.0,1024,48.657,-55.0,618.0
2067,1254,98.536,-84.0,723.0,1000,91.527,-58.0,690.0,1101,91.367,-83.0,628.0,846,73.823,-82.0,472.0,1024,54.014,-65.0,457.0
2068,1254,104.159,-95.0,786.0,1000,97.888,-72.0,725.0,1101,98.24,-90.0,526.0,846,72.511,-61.0,524.0,1024,50.554,-62.0,577.0
2069,1254,109.036,-73.0,915.0,1000,92.632,-79.0,622.0,1101,99.874,-64.0,769.0,846,74.898,-61.0,515.0,1024,54.438,-52.0,487.0
2070,1254,106.783,-68.0,771.0,1000,97.146,-70.0,746.0,1101,98.51,-80.0,620.0,846,71.811,-64.0,647.0,1024,51.117,-68.0,491.0
2071,1254,102.89,-101.0,716.0,1000,90.036,-77.0,669.0,1101,102.55,-76.0,565.0,846,69.824,-82.0,512.0,1024,53.787,-43.0,506.0
2072,1254,104.118,-90.0,804.0,1000,90.022,-75.0,804.0,1101,100.757,-111.0,661.0,846,76.349,-83.0,440.0,1024,53.257,-75.0,533.0
2073,1254,105.947,-70.0,816.0,1000,91.107,-63.0,612.0,1101,100.951,-90.0,704.0,846,83.348,-80.0,524.0,1024,51.935,-49.0,458.0
2074,1254,112.183,-102.0,676.0,1000,94.37,-70.0,686.0,1101,90.503,-83.0,666.0,846,70.398,-65.0,485.0,1024,52.784,-72.0,654.0
2075,1254,103.454,-73.0,661.0,1000,97.738,-81.0,630.0,1101,95.549,-77.0,737.0,846,69.728,-73.0,523.0,1024,52.409,-53.0,650.0
2076,1254,101.362,-97.0,829.0,1000,96.543,-123.0,874.0,1101,95.466,-98.0,600.0,846,72.148,-62.0,494.0,1024,56.47,-52.0,525.0
2077,1254,103.992,-64.0,859.0,1000,100.641,-77.0,730.0,1101,98.197,-73.0,566.0,846,80.409,-68.0,554.0,1024,55.45,-53.0,445.0
2078,1254,103.107,-66.0,808.0,1000,94.247,-81.0,643.0,1101,87.035,-79.0,465.0,846,72.59,-63.0,441.0,1024,51.983,-74.0,524.0
2079,1254,104.201,-77.0,827.0,1000,96.557,-80.0,617.0,1101,93.148,-60.0,628.0,846,76.404,-79.0,616.0,1024,51.684,-44.0,561.0
2080,1254,106.004,-68.0,858.0,1000,97.085,-91.0,739.0,1101,93.954,-82.0,554.0,846,78.344,-69.0,704.0,1024,49.543,-52.0,514.0
2081,1254,103.75,-72.0,712.0,1000,99.74,-110.0,764.0,1101,99.316,-77.0,570.0,846,75.369,-70.0,491.0,1024,52.03,-47.0,473.0
2082,1254,109.227,-81.0,751.0,1000,99.393,-85.0,691.0,1101,88.825,-72.0,635.0,846,68.108,-66.0,470.0,1024,50.996,-72.0,505.0
2083,1254,108.786,-76.0,865.0,1000,97.949,-104.0,714.0,1101,86.952,-90.0,546.0,846,75.781,-78.0,743.0,1024,52.138,-83.0,492.0
2084,1254,109.201,-72.0,963.0,1000,97.816,-69.0,809.0,1101,92.013,-67.0,744.0,846,73.687,-59.0,632.0,1024,50.777,-61.0,574.0
2085,1254,109.18,-74.0,818.0,1000,105.227,-77.0,701.0,1101,95.42,-101.0,610.0,846,76.396,-92.0,614.0,1024,52.214,-55.0,666.0
2086,1254,105.7,-74.0,758.0,1000,103.235,-94.0,833.0,1101,93.711,-82.0,727.0,846,73.235,-70.0,456.0,1024,51.561,-61.0,495.0
2087,1254,105.777,-126.0,936.0,1000,95.95,-68.0,754.0,1101,95.99,-84.0,653.0,846,67.788,-70.0,648.0,1024,53.384,-52.0,450.0
2088,1254,110.665,-64.0,1040.0,1000,98.699,-88.0,854.0,1101,97.138,-84.0,593.0,846,77.339,-58.0,628.0,1024,54.191,-98.0,532.0
2089,1254,105.116,-72.0,825.0,1000,96.546,-63.0,644.0,1101,94.952,-66.0,579.0,846,72.748,-83.0,645.0,1024,48.604,-61.0,463.0
2090,1254,103.904,-85.0,675.0,1000,98.472,-65.0,771.0,1101,94.385,-127.0,561.0,846,75.668,-79.0,725.0,1024,53.245,-59.0,390.0
2091,1254,105.067,-69.0,943.0,1000,95.136,-75.0,812.0,1101,94.246,-101.0,564.0,846,72.201,-59.0,441.0,1024,51.203,-98.0,577.0
2092,1254,102.136,-86.0,852.0,1000,103.607,-62.0,708.0,1101,97.524,-115.0,568.0,846,68.032,-46.0,469.0,1024,50.161,-93.0,429.0
2093,1254,106.851,-73.0,678.0,1000,100.069,-80.0,768.0,1101,91.358,-102.0,743.0,846,78.3,-70.0,569.0,1024,47.211,-48.0,598.0
2094,1254,103.9,-74.0,711.0,1000,97.391,-78.0,690.0,1101,91.243,-66.0,601.0,846,71.554,-101.0,623.0,1024,50.655,-42.0,590.0
2095,1254,104.895,-92.0,792.0,1000,97.586,-95.0,746.0,1101,89.352,-90.0,659.0,846,68.401,-93.0,432.0,1024,53.815,-61.0,546.0
2096,1254,104.392,-71.0,847.0,1000,93.22,-69.0,689.0,1101,94.738,-81.0,736.0,846,74.623,-79.0,501.0,1024,51.5,-58.0,514.0
2097,1254,106.695,-99.0,904.0,1000,96.661,-74.0,638.0,1101,96.064,-65.0,749.0,846,74.136,-65.0,534.0,1024,54.623,-85.0,680.0
2098,1254,108.746,-70.0,774.0,1000,96.575,-71.0,813.0,1101,95.75,-66.0,569.0,846,73.429,-69.0,494.0,1024,49.788,-57.0,573.0
2099,1254,105.337,-96.0,841.0,1000,99.476,-70.0,629.0,1101,94.87,-99.0,513.0,846,70.959,-71.0,631.0,1024,50.346,-89.0,774.0
2100,1254,106.645,-95.0,864.0,1000,96.375,-66.0,761.0,1101,92.895,-62.0,669.0,846,66.23,-75.0,542.0,1024,52.04,-77.0,580.0
2101,1254,104.147,-71.0,756.0,1000,99.429,-64.0,763.0,1101,100.297,-70.0,584.0,846,73.598,-61.0,534.0,1024,51.325,-82.0,596.0
2102,1254,105.193,-77.0,851.0,1000,100.519,-61.0,633.0,1101,95.029,-83.0,716.0,846,78.089,-74.0,646.0,1024,50.931,-67.0,471.0
2103,1254,113.089,-81.0,717.0,1000,93.417,-72.0,705.0,1101,95.85,-83.0,566.0,846,68.437,-62.0,460.0,1024,52.022,-49.0,458.0
2104,1254,108.407,-79.0,752.0,1000,103.06,-66.0,645.0,1101,96.148,-101.0,704.0,846,74.573,-119.0,516.0,1024,50.709,-68.0,573.0
2105,1254,106.554,-84.0,766.0,1000,95.541,-91.0,632.0,1101,92.185,-77.0,575.0,846,77.056,-76.0,586.0,1024,51.498,-58.0,515.0
2106,1254,110.526,-93.0,698.0,1000,91.148,-116.0,625.0,1101,92.233,-142.0,553.0,846,79.439,-107.0,583.0,1024,53.424,-84.0,480.0
2107,1254,108.312,-70.0,788.0,1000,102.883,-87.0,683.0,1101,90.144,-72.0,505.0,846,75.613,-53.0,465.0,1024,54.423,-60.0,441.0
2108,1254,110.87,-109.0,848.0,1000,100.357,-70.0,760.0,1101,90.312,-69.0,558.0,846,74.335,-55.0,513.0,1024,53.643,-53.0,437.0
2109,1254,114.343,-90.0,830.0,1000,95.084,-73.0,676.0,1101,94.776,-70.0,867.0,846,72.219,-75.0,540.0,1024,52.433,-70.0,500.0
2110,1254,101.899,-121.0,868.0,1000,100.616,-77.0,664.0,1101,92.658,-122.0,723.0,846,69.55,-62.0,484.0,1024,50.633,-49.0,460.0
2111,1254,103.973,-72.0,774.0,1000,99.292,-81.0,825.0,1101,96.235,-82.0,567.0,846,75.26,-84.0,499.0,1024,52.099,-53.0,749.0
2112,1254,105.211,-93.0,828.0,1000,104.619,-72.0,734.0,1101,93.702,-120.0,726.0,846,76.565,-69.0,422.0,1024,53.359,-91.0,529.0
2113,1254,107.132,-70.0,811.0,1000,94.697,-68.0,637.0,1101,99.783,-69.0,680.0,846,74.28,-67.0,544.0,1024,53.396,-59.0,429.0
2114,1254,104.093,-100.0,834.0,1000,96.059,-92.0,724.0,1101,91.36,-92.0,628.0,846,72.52,-59.0,608.0,1024,48.738,-58.0,498.0
2115,1254,103.978,-76.0,626.0,1000,98.875,-76.0,697.0,1101,94.144,-66.0,595.0,846,71.582,-60.0,539.0,1024,49.496,-49.0,461.0
2116,1254,105.934,-73.0,772.0,1000,99.719,-113.0,634.0,1101,93.281,-80.0,464.0,846,73.748,-54.0,464.0,1024,53.578,-54.0,671.0
2117,1254,109.568,-72.0,736.0,1000,103.052,-90.0,780.0,1101,97.978,-87.0,706.0,846,73.647,-68.0,672.0,1024,51.584,-83.0,422.0
2118,1254,104.995,-96.0,771.0,1000,99.682,-65.0,867.0,1101,95.909,-73.0,496.0,846,76.434,-90.0,597.0,1024,54.938,-67.0,517.0
2119,1254,112.571,-105.0,822.0,1000,114.311,-76.0,861.0,1101,107.944,-78.0,684.0,846,96.416,-66.0,744.0,1024,64.671,-62.0,538.0
2120,1254,124.041,-101.0,884.0,1000,124.183,-73.0,806.0,1101,114.847,-109.0,806.0,846,91.453,-76.0,510.0,1024,72.068,-68.0,659.0
2121,1254,122.591,-81.0,806.0,1000,114.225,-118.0,656.0,1101,108.675,-87.0,617.0,846,86.598,-82.0,534.0,1024,76.674,-56.0,485.0
2122,1254,118.868,-110.0,796.0,1000,116.619,-82.0,720.0,1101,102.522,-105.0,640.0,846,88.443,-63.0,590.0,1024,70.622,-77.0,717.0
2123,1254,117.478,-84.0,739.0,1000,109.64,-98.0,722.0,1101,103.78,-62.0,738.0,846,86.358,-78.0,568.0,1024,76.983,-66.0,583.0
2124,1254,120.526,-73.0,788.0,1000,113.598,-60.0,835.0,1101,102.084,-77.0,546.0,846,78.437,-84.0,529.0,1024,71.365,-82.0,562.0
2125,1254,115.384,-60.0,727.0,1000,108.709,-96.0,742.0,1101,102.172,-124.0,524.0,846,80.061,-74.0,592.0,1024,70.24,-85.0,610.0
2126,1254,116.975,-87.0,752.0,1000,102.249,-60.0,775.0,1101,101.662,-80.0,742.0,846,78.047,-92.0,644.0,1024,70.187,-81.0,534.0
2127,1254,103.313,-72.0,916.0,1000,105.372,-57.0,770.0,1101,90.227,-88.0,715.0,846,79.608,-64.0,497.0,1024,67.754,-79.0,544.0
2128,1254,112.455,-132.0,804.0,1000,104.595,-67.0,823.0,1101,95.902,-76.0,775.0,846,79.429,-103.0,555.0,1024,61.853,-103.0,529.0
2129,1254,113.974,-86.0,701.0,1000,103.801,-77.0,765.0,1101,89.566,-78.0,596.0,846,77.19,-74.0,496.0,1024,67.068,-74.0,599.0
2130,1254,106.352,-78.0,713.0,1000,102.639,-69.0,781.0,1101,99.792,-73.0,654.0,846,77.24,-67.0,561.0,1024,61.448,-57.0,563.0
2131,1254,104.317,-71.0,661.0,1000,104.958,-99.0,960.0,1101,99.995,-61.0,582.0,846,75.175,-64.0,821.0,1024,58.431,-119.0,586.0
2132,1254,111.177,-93.0,713.0,1000,99.386,-67.0,807.0,1101,96.725,-65.0,577.0,846,80.927,-50.0,557.0,1024,56.197,-79.0,383.0
2133,1254,109.429,-93.0,753.0,1000,102.834,-87.0,769.0,1101,93.881,-81.0,531.0,846,76.31,-63.0,494.0,1024,57.838,-79.0,464.0
2134,1254,106.022,-91.0,819.0,1000,99.993,-84.0,633.0,1101,98.791,-81.0,626.0,846,76.543,-67.0,455.0,1024,56.934,-66.0,784.0
2135,1254,104.721,-96.0,782.0,1000,102.502,-109.0,658.0,1101,93.88,-70.0,625.0,846,74.66,-66.0,584.0,1024,57.188,-65.0,659.0
2136,1254,112.432,-95.0,801.0,1000,105.284,-91.0,803.0,1101,90.135,-125.0,617.0,846,75.783,-67.0,503.0,1024,57.375,-65.0,634.0
2137,1254,107.583,-83.0,1058.0,1000,95.108,-57.0,690.0,1101,94.003,-83.0,530.0,846,72.019,-60.0,512.0,1024,58.741,-59.0,533.0
2138,1254,114.691,-81.0,859.0,1000,102.33,-102.0,584.0,1101,90.825,-100.0,569.0,846,77.298,-80.0,558.0,1024,57.901,-75.0,473.0
2139,1254,104.517,-85.0,929.0,1000,104.616,-102.0,758.0,1101,89.862,-83.0,529.0,846,75.65,-59.0,469.0,1024,53.211,-58.0,480.0
2140,1254,111.356,-69.0,798.0,1000,106.338,-53.0,705.0,1101,90.69,-80.0,704.0,846,81.442,-97.0,529.0,1024,62.066,-64.0,564.0
2141,1254,108.095,-75.0,814.0,1000,96.729,-106.0,707.0,1101,90.915,-72.0,529.0,846,75.403,-58.0,579.0,1024,55.803,-96.0,418.0
2142,1254,107.738,-101.0,739.0,1000,100.14,-85.0,779.0,1101,96.005,-117.0,692.0,846,70.885,-57.0,441.0,1024,55.51,-73.0,682.0
2143,1254,106.061,-94.0,800.0,1000,97.324,-81.0,827.0,1101,94.994,-74.0,620.0,846,77.239,-74.0,596.0,1024,50.224,-64.0,516.0
2144,1254,111.847,-99.0,707.0,1000,94.615,-64.0,860.0,1101,102.177,-94.0,613.0,846,71.266,-64.0,702.0,1024,57.035,-145.0,509.0
2145,1254,101.86,-78.0,702.0,1000,103.757,-133.0,707.0,1101,92.806,-78.0,508.0,846,78.234,-60.0,634.0,1024,53.71,-107.0,479.0
2146,1254,100.852,-62.0,769.0,1000,98.151,-126.0,772.0,1101,91.129,-72.0,684.0,846,78.288,-78.0,424.0,1024,53.96,-70.0,618.0
2147,1254,104.819,-84.0,634.0,1000,95.18,-97.0,553.0,1101,94.837,-96.0,568.0,846,72.208,-66.0,541.0,1024,50.283,-71.0,542.0
2148,1254,112.379,-117.0,732.0,1000,99.353,-70.0,780.0,1101,93.932,-78.0,610.0,846,70.521,-66.0,498.0,1024,54.692,-71.0,533.0
2149,1254,103.12,-60.0,830.0,1000,95.412,-61.0,604.0,1101,91.994,-72.0,668.0,846,79.467,-90.0,568.0,1024,50.187,-50.0,589.0
2150,1254,107.45,-90.0,710.0,1000,94.82,-82.0,673.0,1101,91.544,-96.0,629.0,846,74.268,-61.0,405.0,1024,53.628,-65.0,489.0
2151,1254,109.518,-76.0,828.0,1000,101.951,-56.0,694.0,1101,91.465,-70.0,639.0,846,78.155,-72.0,662.0,1024,54.007,-76.0,498.0
2152,1254,109.344,-96.0,774.0,1000,100.758,-111.0,793.0,1101,92.981,-87.0,573.0,846,77.936,-68.0,411.0,1024,55.041,-79.0,675.0
2153,1254,103.002,-83.0,803.0,1000,96.761,-73.0,673.0,1101,97.64,-84.0,729.0,846,74.632,-77.0,494.0,1024,53.186,-75.0,538.0
2154,1254,104.825,-77.0,787.0,1000,93.672,-56.0,766.0,1101,96.038,-76.0,584.0,846,78.48,-55.0,621.0,1024,53.929,-84.0,694.0
2155,1254,106.67,-68.0,693.0,1000,95.982,-80.0,674.0,1101,96.053,-117.0,491.0,846,72.629,-75.0,428.0,1024,57.042,-74.0,497.0
2156,1254,106.434,-80.0,721.0,1000,98.325,-72.0,624.0,1101,95.727,-79.0,576.0,846,77.518,-56.0,651.0,1024,56.806,-66.0,509.0
2157,1254,101.336,-85.0,808.0,1000,100.338,-74.0,703.0,1101,92.776,-97.0,514.0,846,76.664,-84.0,632.0,1024,53.389,-53.0,513.0
2158,1254,103.668,-104.0,671.0,1000,98.922,-63.0,629.0,1101,91.95,-81.0,605.0,846,70.408,-78.0,636.0,1024,56.025,-66.0,507.0
2159,1254,106.25,-70.0,938.0,1000,100.65,-88.0,782.0,1101,91.346,-106.0,677.0,846,76.472,-85.0,955.0,1024,52.267,-50.0,383.0
2160,1254,103.287,-81.0,799.0,1000,101.939,-68.0,766.0,1101,97.215,-82.0,625.0,846,73.956,-76.0,572.0,1024,56.723,-70.0,596.0
2161,1254,110.092,-77.0,797.0,1000,99.479,-65.0,717.0,1101,91.482,-83.0,562.0,846,75.132,-65.0,492.0,1024,57.358,-77.0,753.0
2162,1254,102.538,-81.0,765.0,1000,94.702,-94.0,716.0,1101,93.545,-83.0,720.0,846,71.143,-58.0,546.0,1024,53.66,-71.0,436.0
2163,1254,111.447,-70.0,829.0,1000,103.646,-67.0,832.0,1101,95.939,-80.0,609.0,846,77.052,-72.0,618.0,1024,52.23,-71.0,559.0
2164,1254,105.183,-65.0,763.0,1000,99.123,-73.0,757.0,1101,92.656,-77.0,601.0,846,78.002,-78.0,571.0,1024,55.866,-44.0,639.0
2165,1254,102.695,-76.0,890.0,1000,100.656,-76.0,712.0,1101,93.523,-77.0,630.0,846,68.979,-74.0,576.0,1024,56.224,-72.0,590.0
2166,1254,111.609,-83.0,894.0,1000,102.791,-117.0,641.0,1101,94.025,-72.0,587.0,846,78.381,-63.0,456.0,1024,47.773,-59.0,423.0
2167,1254,110.624,-102.0,957.0,1000,99.462,-59.0,675.0,1101,95.079,-73.0,608.0,846,74.571,-67.0,487.0,1024,52.9,-42.0,482.0
2168,1254,104.384,-86.0,762.0,1000,98.9,-116.0,792.0,1101,91.536,-134.0,617.0,846,76.489,-77.0,396.0,1024,52.038,-60.0,519.0
2169,1254,101.856,-75.0,760.0,1000,93.302,-47.0,679.0,1101,91.465,-73.0,884.0,846,72.774,-80.0,711.0,1024,54.192,-73.0,599.0
2170,1254,103.722,-73.0,707.0,1000,105.546,-82.0,838.0,1101,93.976,-93.0,736.0,846,78.543,-68.0,580.0,1024,55.119,-108.0,633.0
2171,1254,105.97,-80.0,833.0,1000,102.083,-79.0,792.0,1101,96.846,-83.0,618.0,846,81.071,-76.0,465.0,1024,52.063,-69.0,557.0
2172,1254,106.274,-68.0,877.0,1000,95.797,-80.0,718.0,1101,95.676,-90.0,688.0,846,76.422,-72.0,429.0,1024,52.102,-45.0,562.0
2173,1254,106.384,-102.0,884.0,1000,105.774,-107.0,747.0,1101,91.094,-89.0,740.0,846,76.234,-82.0,475.0,1024,49.581,-75.0,476.0
2174,1254,103.098,-91.0,899.0,1000,99.686,-59.0,753.0,1101,95.568,-123.0,480.0,846,72.936,-65.0,569.0,1024,47.31,-53.0,620.0
2175,1254,100.417,-69.0,808.0,1000,98.984,-55.0,733.0,1101,88.722,-77.0,499.0,846,77.604,-76.0,595.0,1024,53.696,-61.0,493.0
2176,1254,107.335,-81.0,771.0,1000,98.287,-61.0,801.0,1101,96.375,-75.0,634.0,846,72.511,-80.0,573.0,1024,49.176,-84.0,610.0
2177,1254,102.325,-79.0,802.0,1000,98.627,-95.0,809.0,1101,90.513,-77.0,736.0,846,71.993,-75.0,571.0,1024,51.774,-91.0,443.0
2178,1254,107.104,-77.0,830.0,1000,95.614,-65.0,703.0,1101,92.311,-82.0,484.0,846,72.356,-90.0,445.0,1024,51.879,-69.0,532.0
2179,1254,107.234,-85.0,746.0,1000,100.731,-76.0,757.0,1101,90.447,-99.0,619.0,846,76.161,-67.0,465.0,1024,53.118,-52.0,477.0
2180,1254,99.963,-87.0,832.0,1000,89.6,-62.0,649.0,1101,94.192,-94.0,601.0,846,72.025,-95.0,450.0,1024,52.05,-73.0,389.0
2181,1254,107.176,-83.0,1083.0,1000,104.816,-63.0,701.0,1101,94.561,-81.0,594.0,846,71.999,-89.0,528.0,1024,54.149,-56.0,620.0
2182,1254,107.369,-72.0,695.0,1000,97.398,-86.0,744.0,1101,94.66,-84.0,491.0,846,72.099,-71.0,877.0,1024,53.601,-87.0,600.0
2183,1254,101.879,-77.0,834.0,1000,99.631,-91.0,922.0,1101,92.566,-69.0,581.0,846,76.105,-82.0,582.0,1024,55.457,-83.0,619.0
2184,1254,110.026,-83.0,858.0,1000,99.66,-99.0,738.0,1101,89.916,-82.0,587.0,846,73.002,-75.0,647.0,1024,52.129,-54.0,550.0
2185,1254,103.73,-59.0,909.0,1000,102.169,-114.0,778.0,1101,90.799,-99.0,653.0,846,72.038,-63.0,699.0,1024,52.229,-49.0,523.0
2186,1254,99.459,-71.0,646.0,1000,94.139,-109.0,637.0,1101,93.417,-74.0,727.0,846,74.047,-93.0,516.0,1024,60.471,-61.0,699.0
2187,1254,100.093,-76.0,874.0,1000,93.961,-69.0,847.0,1101,96.741,-98.0,631.0,846,77.106,-57.0,614.0,1024,54.768,-51.0,544.0
2188,1254,104.357,-69.0,840.0,1000,95.53,-73.0,963.0,1101,98.239,-100.0,677.0,846,78.265,-75.0,622.0,1024,56.623,-57.0,626.0
2189,1254,121.136,-100.0,903.0,1000,93.345,-72.0,836.0,1101,89.668,-76.0,632.0,846,72.862,-61.0,787.0,1024,53.2,-63.0,568.0
2190,1254,105.992,-110.0,1040.0,1000,99.379,-79.0,654.0,1101,90.829,-76.0,523.0,846,66.522,-70.0,437.0,1024,56.554,-69.0,538.0
2191,1254,109.508,-73.0,936.0,1000,97.103,-85.0,780.0,1101,84.04,-99.0,645.0,846,68.29,-46.0,507.0,1024,53.799,-44.0,435.0
2192,1254,111.411,-73.0,727.0,1000,100.597,-54.0,737.0,1101,89.983,-88.0,667.0,846,73.831,-104.0,502.0,1024,52.429,-76.0,581.0
2193,1254,108.798,-70.0,736.0,1000,102.494,-80.0,827.0,1101,83.356,-72.0,466.0,846,72.052,-73.0,514.0,1024,52.002,-63.0,607.0
2194,1254,106.203,-82.0,871.0,1000,99.7,-82.0,828.0,1101,87.448,-76.0,586.0,846,70.882,-67.0,586.0,1024,54.811,-64.0,436.0
2195,1254,107.379,-82.0,697.0,1000,100.006,-73.0,799.0,1101,98.223,-75.0,767.0,846,78.982,-82.0,614.0,1024,53.98,-78.0,482.0
2196,1254,107.755,-78.0,825.0,1000,99.338,-72.0,710.0,1101,89.874,-69.0,789.0,846,68.158,-74.0,449.0,1024,56.329,-71.0,491.0
2197,1254,108.147,-83.0,710.0,1000,100.708,-60.0,739.0,1101,88.535,-75.0,658.0,846,73.338,-62.0,540.0,1024,57.052,-53.0,588.0
2198,1254,110.363,-65.0,775.0,1000,101.261,-67.0,704.0,1101,93.851,-91.0,662.0,846,71.296,-58.0,635.0,1024,54.362,-65.0,513.0
2199,1254,103.954,-83.0,781.0,1000,92.312,-88.0,787.0,1101,93.26,-63.0,591.0,846,76.123,-87.0,476.0,1024,54.604,-64.0,492.0
2200,1254,105.679,-90.0,861.0,1000,101.243,-73.0,701.0,1101,86.87,-107.0,629.0,846,76.707,-50.0,545.0,1024,49.459,-49.0,461.0
2201,1254,106.524,-78.0,727.0,1000,91.34,-73.0,793.0,1101,95.942,-84.0,600.0,846,72.145,-63.0,528.0,1024,55.347,-91.0,493.0
2202,1254,107.593,-71.0,832.0,1000,96.442,-57.0,769.0,1101,94.927,-80.0,584.0,846,76.71,-64.0,445.0,1024,50.097,-60.0,461.0
2203,1254,107.411,-90.0,761.0,1000,98.759,-68.0,677.0,1101,89.465,-88.0,728.0,846,63.19,-77.0,427.0,1024,51.273,-59.0,672.0
2204,1254,107.098,-74.0,906.0,1000,96.699,-77.0,852.0,1101,94.175,-79.0,626.0,846,74.758,-79.0,617.0,1024,53.07,-72.0,513.0
2205,1254,105.572,-113.0,724.0,1000,99.226,-90.0,814.0,1101,96.985,-87.0,522.0,846,72.664,-73.0,668.0,1024,52.376,-87.0,629.0
2206,1254,103.588,-88.0,656.0,1000,100.402,-83.0,684.0,1101,91.213,-71.0,506.0,846,77.026,-79.0,545.0,1024,52.696,-68.0,505.0
2207,1254,104.419,-62.0,831.0,1000,96.706,-105.0,674.0,1101,97.129,-96.0,700.0,846,73.454,-64.0,916.0,1024,48.011,-58.0,520.0
2208,1254,105.119,-92.0,748.0,1000,94.909,-72.0,697.0,1101,97.374,-69.0,571.0,846,76.059,-72.0,671.0,1024,53.486,-85.0,408.0
2209,1254,106.73,-71.0,766.0,1000,95.301,-73.0,948.0,1101,95.902,-73.0,691.0,846,73.874,-71.0,639.0,1024,55.335,-60.0,626.0
2210,1254,101.873,-67.0,849.0,1000,101.97,-70.0,772.0,1101,88.601,-81.0,607.0,846,77.918,-80.0,502.0,1024,48.485,-48.0,567.0
2211,1254,100.564,-74.0,858.0,1000,100.365,-70.0,688.0,1101,89.448,-78.0,566.0,846,76.372,-77.0,885.0,1024,52.466,-102.0,584.0
2212,1254,105.937,-92.0,884.0,1000,99.633,-85.0,1004.0,1101,96.949,-90.0,605.0,846,75.324,-68.0,443.0,1024,53.076,-65.0,657.0
2213,1254,109.124,-66.0,765.0,1000,100.191,-67.0,997.0,1101,89.556,-67.0,568.0,846,70.773,-52.0,609.0,1024,52.701,-47.0,536.0
2214,1254,100.359,-94.0,696.0,1000,99.669,-103.0,667.0,1101,84.172,-59.0,560.0,846,76.275,-71.0,603.0,1024,52.333,-57.0,657.0
2215,1254,107.984,-64.0,787.0,1000,98.019,-71.0,799.0,1101,97.041,-90.0,759.0,846,74.65,-55.0,615.0,1024,52.955,-57.0,529.0
2216,1254,105.71,-91.0,869.0,1000,101.999,-84.0,705.0,1101,91.594,-82.0,528.0,846,77.553,-71.0,537.0,1024,55.935,-58.0,505.0
2217,1254,102.146,-114.0,794.0,1000,103.597,-81.0,680.0,1101,87.333,-72.0,587.0,846,79.439,-68.0,677.0,1024,51.591,-53.0,558.0
2218,1254,103.08,-81.0,882.0,1000,101.396,-69.0,651.0,1101,94.022,-81.0,587.0,846,70.631,-65.0,528.0,1024,52.026,-44.0,572.0
2219,1254,102.6,-89.0,699.0,1000,92.311,-81.0,710.0,1101,93.032,-109.0,587.0,846,76.962,-60.0,597.0,1024,53.404,-48.0,460.0
2220,1254,102.104,-101.0,813.0,1000,100.911,-70.0,942.0,1101,90.969,-104.0,504.0,846,74.403,-63.0,565.0,1024,54.117,-64.0,593.0
2221,1254,107.192,-85.0,790.0,1000,96.297,-62.0,703.0,1101,94.668,-109.0,666.0,846,78.7,-60.0,679.0,1024,54.868,-58.0,770.0
2222,1254,110.784,-86.0,748.0,1000,93.085,-84.0,805.0,1101,85.466,-61.0,439.0,846,69.552,-69.0,640.0,1024,52.14,-59.0,529.0
2223,1254,109.237,-108.0,950.0,1000,97.596,-82.0,760.0,1101,91.428,-66.0,622.0,846,79.921,-93.0,586.0,1024,48.24,-43.0,593.0
2224,1254,102.39,-82.0,939.0,1000,97.245,-67.0,751.0,1101,92.652,-79.0,582.0,846,70.427,-62.0,598.0,1024,53.884,-60.0,780.0
2225,1254,103.222,-63.0,662.0,1000,101.405,-65.0,686.0,1101,90.558,-85.0,576.0,846,71.87,-54.0,596.0,1024,52.903,-54.0,623.0
2226,1254,107.29,-102.0,724.0,1000,103.516,-55.0,944.0,1101,93.359,-73.0,542.0,846,70.793,-68.0,604.0,1024,54.253,-59.0,499.0
2227,1254,107.932,-66.0,719.0,1000,96.629,-105.0,1036.0,1101,89.639,-83.0,476.0,846,77.584,-63.0,740.0,1024,50.177,-65.0,735.0
2228,1254,103.727,-71.0,877.0,1000,95.747,-59.0,770.0,1101,90.035,-64.0,613.0,846,72.632,-67.0,588.0,1024,51.389,-57.0,459.0
2229,1254,103.425,-75.0,697.0,1000,102.409,-146.0,669.0,1101,85.88,-82.0,600.0,846,69.44,-70.0,379.0,1024,52.726,-79.0,525.0
2230,1254,104.868,-64.0,1039.0,1000,101.509,-96.0,704.0,1101,94.157,-105.0,509.0,846,75.496,-73.0,612.0,1024,53.623,-71.0,693.0
2231,1254,106.97,-64.0,850.0,1000,101.011,-118.0,603.0,1101,96.45,-83.0,616.0,846,73.97,-68.0,506.0,1024,50.649,-103.0,620.0
2232,1254,109.334,-93.0,685.0,1000,99.611,-66.0,768.0,1101,93.27,-81.0,619.0,846,74.992,-60.0,479.0,1024,50.509,-47.0,505.0
2233,1254,102.376,-91.0,765.0,1000,96.983,-83.0,720.0,1101,87.965,-49.0,687.0,846,78.204,-72.0,714.0,1024,47.625,-78.0,601.0
2234,1254,105.149,-81.0,701.0,1000,99.145,-59.0,963.0,1101,86.221,-88.0,528.0,846,73.791,-92.0,619.0,1024,51.044,-101.0,561.0
2235,1254,110.302,-88.0,767.0,1000,98.187,-55.0,723.0,1101,86.072,-81.0,522.0,846,73.437,-63.0,530.0,1024,50.877,-80.0,570.0
2236,1254,107.819,-52.0,698.0,1000,98.298,-84.0,768.0,1101,97.989,-99.0,562.0,846,76.858,-71.0,459.0,1024,50.815,-55.0,556.0
2237,1254,106.751,-76.0,895.0,1000,104.448,-81.0,791.0,1101,93.254,-66.0,623.0,846,77.056,-64.0,645.0,1024,46.962,-56.0,463.0
2238,1254,101.341,-80.0,759.0,1000,96.338,-68.0,870.0,1101,93.878,-89.0,656.0,846,74.351,-59.0,610.0,1024,48.353,-55.0,522.0
2239,1254,106.435,-66.0,797.0,1000,103.136,-66.0,821.0,1101,94.516,-68.0,627.0,846,89.369,-70.0,675.0,1024,66.479,-80.0,513.0
2240,1254,122.853,-86.0,836.0,1000,116.593,-75.0,796.0,1101,109.609,-82.0,643.0,846,103.446,-75.0,681.0,1024,67.631,-63.0,463.0
2241,1254,131.397,-66.0,755.0,1000,115.621,-88.0,751.0,1101,105.081,-67.0,519.0,846,104.58,-92.0,623.0,1024,67.234,-77.0,495.0
2242,1254,119.923,-150.0,863.0,1000,111.791,-61.0,794.0,1101,100.843,-78.0,516.0,846,93.569,-73.0,565.0,1024,71.985,-76.0,610.0
2243,1254,123.537,-83.0,817.0,1000,111.931,-78.0,864.0,1101,101.143,-96.0,636.0,846,88.797,-75.0,589.0,1024,66.945,-95.0,581.0
2244,1254,124.888,-65.0,884.0,1000,120.104,-110.0,783.0,1101,97.379,-83.0,574.0,846,90.053,-70.0,809.0,1024,71.491,-81.0,464.0
2245,1254,114.376,-92.0,917.0,1000,106.944,-87.0,711.0,1101,95.702,-67.0,489.0,846,87.498,-62.0,649.0,1024,71.287,-51.0,524.0
2246,1254,119.675,-71.0,771.0,1000,105.715,-81.0,800.0,1101,99.308,-85.0,630.0,846,78.849,-82.0,484.0,1024,66.404,-54.0,600.0
2247,1254,109.996,-83.0,726.0,1000,103.111,-65.0,723.0,1101,93.96,-70.0,567.0,846,78.872,-68.0,602.0,1024,62.292,-70.0,558.0
2248,1254,111.705,-66.0,754.0,1000,99.73,-81.0,855.0,1101,91.766,-81.0,654.0,846,88.804,-90.0,620.0,1024,63.088,-57.0,862.0
2249,1254,112.385,-83.0,913.0,1000,96.782,-95.0,694.0,1101,91.1,-120.0,639.0,846,78.501,-104.0,516.0,1024,64.86,-73.0,622.0
2250,1254,111.136,-83.0,771.0,1000,103.859,-77.0,806.0,1101,88.597,-83.0,546.0,846,74.785,-49.0,577.0,1024,65.063,-66.0,536.0
2251,1254,111.621,-102.0,833.0,1000,99.813,-60.0,664.0,1101,87.068,-72.0,547.0,846,78.152,-74.0,558.0,1024,55.219,-92.0,617.0
2252,1254,108.769,-71.0,788.0,1000,106.861,-52.0,796.0,1101,92.099,-79.0,657.0,846,80.394,-66.0,644.0,1024,63.777,-69.0,459.0
2253,1254,106.817,-81.0,865.0,1000,103.378,-75.0,748.0,1101,93.69,-100.0,761.0,846,78.189,-59.0,551.0,1024,61.174,-77.0,579.0
2254,1254,107.114,-79.0,696.0,1000,104.444,-102.0,735.0,1101,94.302,-89.0,531.0,846,77.278,-52.0,513.0,1024,61.284,-65.0,673.0
2255,1254,108.713,-98.0,725.0,1000,102.496,-85.0,867.0,1101,92.803,-87.0,605.0,846,81.188,-77.0,541.0,1024,61.319,-71.0,570.0
2256,1254,116.281,-66.0,806.0,1000,100.427,-57.0,800.0,1101,90.965,-82.0,547.0,846,76.343,-68.0,778.0,1024,62.334,-51.0,500.0
2257,1254,107.757,-126.0,835.0,1000,101.547,-90.0,892.0,1101,85.741,-82.0,533.0,846,74.087,-67.0,585.0,1024,57.913,-44.0,541.0
2258,1254,106.279,-107.0,707.0,1000,103.99,-81.0,887.0,1101,93.935,-150.0,552.0,846,74.279,-76.0,484.0,1024,56.319,-55.0,629.0
2259,1254,103.471,-61.0,789.0,1000,97.435,-86.0,685.0,1101,93.665,-76.0,617.0,846,76.337,-51.0,572.0,1024,60.768,-54.0,486.0
2260,1254,107.19,-94.0,780.0,1000,99.89,-59.0,840.0,1101,92.881,-91.0,636.0,846,76.027,-58.0,652.0,1024,55.093,-74.0,516.0
2261,1254,109.423,-83.0,865.0,1000,96.72,-100.0,749.0,1101,88.83,-87.0,654.0,846,75.012,-61.0,569.0,1024,54.954,-60.0,579.0
2262,1254,102.041,-61.0,896.0,1000,95.793,-75.0,745.0,1101,88.324,-105.0,608.0,846,71.112,-65.0,463.0,1024,54.896,-50.0,420.0
2263,1254,110.617,-69.0,955.0,1000,99.778,-94.0,896.0,1101,87.899,-53.0,656.0,846,85.336,-69.0,555.0,1024,55.351,-72.0,653.0
2264,1254,105.372,-91.0,749.0,1000,96.134,-76.0,734.0,1101,92.552,-59.0,651.0,846,78.564,-75.0,573.0,1024,55.871,-77.0,671.0
2265,1254,109.668,-73.0,841.0,1000,97.047,-51.0,817.0,1101,84.901,-94.0,490.0,846,69.095,-61.0,507.0,1024,53.391,-108.0,579.0
2266,1254,102.868,-81.0,677.0,1000,102.271,-72.0,886.0,1101,96.706,-101.0,575.0,846,77.543,-55.0,645.0,1024,54.773,-72.0,559.0
2267,1254,107.884,-78.0,697.0,1000,97.206,-91.0,938.0,1101,87.298,-94.0,515.0,846,75.754,-64.0,564.0,1024,54.747,-64.0,495.0
2268,1254,100.554,-68.0,716.0,1000,98.709,-81.0,806.0,1101,93.84,-94.0,527.0,846,74.126,-91.0,611.0,1024,57.406,-57.0,582.0
2269,1254,112.722,-59.0,808.0,1000,96.557,-100.0,718.0,1101,94.587,-87.0,541.0,846,79.915,-71.0,532.0,1024,50.706,-43.0,524.0
2270,1254,103.577,-64.0,700.0,1000,97.362,-79.0,722.0,1101,91.976,-71.0,600.0,846,77.096,-75.0,547.0,1024,53.969,-61.0,571.0
2271,1254,102.019,-105.0,715.0,1000,95.72,-62.0,884.0,1101,92.774,-85.0,598.0,846,71.606,-77.0,655.0,1024,51.856,-70.0,431.0
2272,1254,104.194,-102.0,760.0,1000,95.142,-67.0,1020.0,1101,93.894,-69.0,714.0,846,75.092,-78.0,622.0,1024,51.939,-67.0,490.0
2273,1254,102.623,-77.0,853.0,1000,104.881,-97.0,738.0,1101,91.022,-96.0,667.0,846,79.47,-69.0,594.0,1024,55.304,-106.0,533.0
2274,1254,106.528,-58.0,777.0,1000,106.752,-74.0,748.0,1101,87.865,-56.0,640.0,846,76.725,-82.0,526.0,1024,53.542,-77.0,473.0
2275,1254,105.781,-73.0,810.0,1000,102.16,-108.0,874.0,1101,92.858,-79.0,567.0,846,75.392,-92.0,480.0,1024,49.91,-65.0,450.0
2276,1254,111.599,-80.0,889.0,1000,97.573,-62.0,899.0,1101,88.482,-77.0,566.0,846,75.394,-46.0,556.0,1024,51.09,-55.0,510.0
2277,1254,109.65,-79.0,1010.0,1000,99.796,-91.0,757.0,1101,90.886,-66.0,558.0,846,75.422,-68.0,548.0,1024,53.794,-50.0,604.0
2278,1254,102.683,-68.0,760.0,1000,94.636,-99.0,766.0,1101,86.198,-69.0,582.0,846,81.739,-67.0,652.0,1024,50.13,-67.0,737.0
2279,1254,109.922,-90.0,735.0,1000,98.849,-100.0,947.0,1101,92.214,-67.0,621.0,846,68.08,-87.0,592.0,1024,54.055,-57.0,579.0
2280,1254,99.249,-119.0,733.0,1000,102.164,-54.0,863.0,1101,88.444,-74.0,552.0,846,76.278,-58.0,570.0,1024,54.247,-94.0,833.0
2281,1254,104.122,-107.0,800.0,1000,102.553,-63.0,817.0,1101,81.922,-89.0,534.0,846,75.059,-49.0,589.0,1024,49.314,-54.0,416.0
2282,1254,114.417,-77.0,679.0,1000,102.424,-65.0,944.0,1101,93.965,-108.0,614.0,846,76.519,-58.0,597.0,1024,53.668,-60.0,547.0
2283,1254,103.913,-90.0,801.0,1000,109.747,-91.0,762.0,1101,91.371,-81.0,576.0,846,76.544,-49.0,591.0,1024,52.579,-98.0,591.0
2284,1254,106.621,-101.0,676.0,1000,101.499,-74.0,718.0,1101,91.393,-133.0,539.0,846,74.512,-50.0,746.0,1024,54.13,-97.0,572.0
2285,1254,106.33,-122.0,980.0,1000,102.68,-70.0,647.0,1101,91.472,-116.0,630.0,846,79.041,-67.0,817.0,1024,51.681,-66.0,570.0
2286,1254,101.946,-57.0,693.0,1000,99.681,-44.0,760.0,1101,90.629,-64.0,741.0,846,72.566,-70.0,783.0,1024,54.138,-94.0,488.0
2287,1254,106.53,-92.0,818.0,1000,95.49,-100.0,837.0,1101,88.639,-59.0,585.0,846,76.501,-62.0,666.0,1024,51.765,-84.0,514.0
2288,1254,104.963,-72.0,811.0,1000,101.817,-58.0,734.0,1101,87.558,-62.0,572.0,846,74.571,-65.0,708.0,1024,50.616,-63.0,423.0
2289,1254,105.426,-92.0,765.0,1000,98.954,-110.0,893.0,1101,85.785,-76.0,616.0,846,78.104,-62.0,648.0,1024,53.574,-63.0,559.0
2290,1254,101.737,-63.0,813.0,1000,99.267,-72.0,941.0,1101,88.369,-67.0,563.0,846,77.35,-49.0,627.0,1024,51.098,-48.0,482.0
2291,1254,105.444,-77.0,784.0,1000,99.539,-70.0,773.0,1101,85.609,-55.0,549.0,846,71.652,-67.0,695.0,1024,49.753,-61.0,664.0
2292,1254,105.146,-70.0,921.0,1000,97.978,-77.0,954.0,1101,90.502,-64.0,639.0,846,71.413,-70.0,552.0,1024,54.915,-46.0,820.0
2293,1254,104.087,-50.0,731.0,1000,95.05,-61.0,766.0,1101,88.133,-67.0,521.0,846,76.056,-64.0,599.0,1024,53.821,-62.0,679.0
2294,1254,105.307,-94.0,788.0,1000,97.269,-67.0,695.0,1101,86.692,-59.0,519.0,846,67.298,-87.0,525.0,1024,50.104,-50.0,497.0
2295,1254,98.655,-67.0,788.0,1000,98.374,-86.0,1024.0,1101,85.907,-64.0,504.0,846,79.336,-79.0,570.0,1024,56.828,-54.0,620.0
2296,1254,105.831,-72.0,889.0,1000,96.917,-66.0,957.0,1101,88.234,-65.0,597.0,846,74.639,-53.0,822.0,1024,55.09,-48.0,752.0
2297,1254,98.844,-61.0,839.0,1000,105.235,-78.0,870.0,1101,88.664,-97.0,867.0,846,77.035,-82.0,647.0,1024,53.506,-52.0,409.0
2298,1254,105.381,-81.0,700.0,1000,104.86,-48.0,793.0,1101,89.868,-78.0,684.0,846,72.563,-85.0,619.0,1024,50.988,-56.0,457.0
2299,1254,104.911,-76.0,875.0,1000,99.564,-68.0,978.0,1101,89.437,-83.0,567.0,846,78.491,-56.0,550.0,1024,53.172,-46.0,569.0
2300,1254,109.266,-70.0,762.0,1000,106.591,-62.0,920.0,1101,85.047,-52.0,689.0,846,82.233,-69.0,712.0,1024,51.183,-63.0,591.0
2301,1254,102.232,-57.0,823.0,1000,99.844,-60.0,829.0,1101,94.796,-72.0,614.0,846,76.985,-60.0,775.0,1024,50.609,-78.0,507.0
2302,1254,103.262,-66.0,824.0,1000,99.836,-62.0,690.0,1101,81.114,-95.0,515.0,846,75.047,-78.0,551.0,1024,51.797,-69.0,792.0
2303,1254,103.488,-80.0,780.0,1000,99.077,-70.0,790.0,1101,84.83,-65.0,628.0,846,74.043,-59.0,588.0,1024,51.265,-64.0,467.0
2304,1254,105.894,-72.0,769.0,1000,99.742,-76.0,859.0,1101,95.48,-84.0,591.0,846,79.955,-65.0,717.0,1024,54.805,-63.0,517.0
2305,1254,106.546,-72.0,896.0,1000,104.229,-90.0,889.0,1101,87.754,-58.0,578.0,846,78.013,-61.0,558.0,1024,53.008,-64.0,615.0
2306,1254,109.238,-77.0,860.0,1000,103.912,-85.0,994.0,1101,92.988,-108.0,681.0,846,76.69,-69.0,673.0,1024,52.499,-75.0,721.0
2307,1254,110.591,-66.0,774.0,1000,101.806,-71.0,831.0,1101,88.876,-53.0,516.0,846,73.566,-78.0,669.0,1024,49.402,-50.0,596.0
2308,1254,103.778,-64.0,964.0,1000,105.199,-75.0,873.0,1101,88.705,-79.0,610.0,846,78.929,-71.0,560.0,1024,55.579,-95.0,653.0
2309,1254,104.096,-70.0,878.0,1000,101.258,-55.0,871.0,1101,90.98,-108.0,473.0,846,74.923,-55.0,527.0,1024,54.223,-59.0,652.0
2310,1254,98.685,-62.0,1026.0,1000,102.482,-83.0,926.0,1101,89.38,-85.0,576.0,846,82.18,-71.0,498.0,1024,52.43,-59.0,787.0
2311,1254,101.297,-57.0,877.0,1000,106.755,-78.0,691.0,1101,91.136,-68.0,598.0,846,77.082,-55.0,614.0,1024,51.677,-51.0,583.0
2312,1254,101.121,-68.0,1010.0,1000,100.414,-44.0,866.0,1101,89.619,-103.0,658.0,846,79.576,-63.0,626.0,1024,52.483,-57.0,633.0
2313,1254,108.11,-80.0,729.0,1000,108.491,-77.0,1159.0,1101,84.788,-71.0,740.0,846,70.917,-49.0,583.0,1024,51.063,-78.0,548.0
2314,1254,103.78,-115.0,846.0,1000,106.288,-53.0,925.0,1101,82.657,-82.0,721.0,846,75.934,-67.0,496.0,1024,49.484,-53.0,565.0
2315,1254,101.954,-75.0,791.0,1000,103.903,-53.0,900.0,1101,85.386,-75.0,793.0,846,73.102,-53.0,539.0,1024,52.691,-74.0,582.0
2316,1254,105.258,-66.0,790.0,1000,94.587,-59.0,847.0,1101,88.58,-53.0,675.0,846,73.059,-62.0,879.0,1024,47.267,-68.0,454.0
2317,1254,104.992,-56.0,810.0,1000,103.321,-75.0,922.0,1101,88.766,-101.0,597.0,846,82.052,-70.0,576.0,1024,52.038,-43.0,659.0
2318,1254,110.191,-58.0,918.0,1000,100.95,-104.0,868.0,1101,85.141,-70.0,564.0,846,72.436,-80.0,583.0,1024,51.05,-63.0,457.0
2319,1254,102.948,-51.0,796.0,1000,100.454,-61.0,817.0,1101,92.909,-77.0,655.0,846,76.864,-69.0,568.0,1024,51.803,-70.0,547.0
2320,1254,103.336,-65.0,785.0,1000,110.828,-99.0,924.0,1101,82.573,-56.0,706.0,846,74.879,-58.0,517.0,1024,52.613,-54.0,624.0
2321,1254,110.955,-65.0,709.0,1000,98.89,-92.0,868.0,1101,89.331,-77.0,560.0,846,73.861,-55.0,830.0,1024,48.75,-51.0,578.0
2322,1254,106.833,-64.0,840.0,1000,99.776,-90.0,818.0,1101,91.256,-74.0,761.0,846,76.611,-61.0,594.0,1024,54.362,-61.0,552.0
2323,1254,100.813,-54.0,851.0,1000,100.262,-54.0,856.0,1101,88.203,-77.0,755.0,846,74.961,-84.0,593.0,1024,50.643,-42.0,573.0
2324,1254,103.215,-46.0,768.0,1000,105.749,-114.0,874.0,1101,87.177,-69.0,528.0,846,75.456,-62.0,478.0,1024,50.347,-45.0,618.0
2325,1254,105.693,-73.0,1035.0,1000,105.675,-124.0,939.0,1101,91.906,-110.0,821.0,846,75.71,-45.0,610.0,1024,50.986,-47.0,634.0
2326,1254,107.635,-94.0,729.0,1000,99.962,-58.0,885.0,1101,82.779,-59.0,542.0,846,79.716,-69.0,615.0,1024,51.787,-83.0,500.0
2327,1254,108.742,-54.0,850.0,1000,97.831,-48.0,900.0,1101,83.128,-55.0,580.0,846,71.697,-42.0,712.0,1024,53.654,-56.0,807.0
2328,1254,114.532,-55.0,925.0,1000,108.011,-54.0,913.0,1101,92.157,-91.0,692.0,846,76.817,-47.0,560.0,1024,47.932,-53.0,556.0
2329,1254,106.894,-69.0,1014.0,1000,97.73,-33.0,927.0,1101,89.168,-59.0,675.0,846,70.615,-58.0,646.0,1024,48.679,-51.0,449.0
2330,1254,111.955,-52.0,907.0,1000,100.593,-53.0,943.0,1101,85.559,-50.0,638.0,846,76.314,-47.0,583.0,1024,53.755,-81.0,703.0
2331,1254,105.361,-70.0,975.0,1000,104.27,-57.0,1004.0,1101,92.114,-54.0,643.0,846,72.501,-72.0,738.0,1024,54.771,-50.0,527.0
2332,1254,105.924,-72.0,758.0,1000,105.152,-67.0,968.0,1101,89.034,-55.0,672.0,846,82.064,-55.0,683.0,1024,52.709,-55.0,833.0
2333,1254,104.531,-57.0,814.0,1000,103.18,-43.0,927.0,1101,88.507,-43.0,748.0,846,80.424,-47.0,691.0,1024,52.446,-88.0,685.0
2334,1254,104.153,-44.0,854.0,1000,102.986,-80.0,947.0,1101,89.782,-79.0,570.0,846,80.939,-48.0,673.0,1024,52.67,-100.0,668.0
2335,1254,102.448,-48.0,870.0,1000,103.062,-59.0,986.0,1101,87.763,-76.0,655.0,846,78.215,-77.0,588.0,1024,50.951,-63.0,555.0
2336,1254,107.357,-52.0,920.0,1000,100.261,-87.0,727.0,1101,87.107,-56.0,729.0,846,70.271,-48.0,702.0,1024,50.992,-78.0,603.0
2337,1254,105.772,-50.0,898.0,1000,102.145,-39.0,870.0,1101,86.031,-80.0,633.0,846,81.028,-71.0,572.0,1024,52.825,-54.0,475.0
2338,1254,106.32,-60.0,812.0,1000,99.448,-72.0,761.0,1101,82.977,-68.0,674.0,846,74.495,-78.0,734.0,1024,49.331,-47.0,485.0
2339,1254,100.982,-64.0,662.0,1000,101.845,-46.0,918.0,1101,90.995,-43.0,647.0,846,79.796,-72.0,656.0,1024,51.409,-62.0,524.0
2340,1254,104.345,-37.0,968.0,1000,103.437,-48.0,788.0,1101,96.416,-50.0,667.0,846,71.277,-59.0,656.0,1024,50.981,-56.0,528.0
2341,1254,105.108,-54.0,1017.0,1000,97.428,-46.0,767.0,1101,85.835,-67.0,666.0,846,73.948,-49.0,559.0,1024,49.311,-84.0,452.0
2342,1254,101.203,-48.0,825.0,1000,100.129,-60.0,894.0,1101,85.992,-71.0,637.0,846,81.694,-67.0,495.0,1024,54.194,-116.0,628.0
2343,1254,110.563,-55.0,829.0,1000,109.703,-53.0,993.0,1101,87.699,-51.0,632.0,846,81.311,-82.0,602.0,1024,53.894,-72.0,655.0
2344,1254,107.4,-47.0,801.0,1000,94.92,-62.0,879.0,1101,93.545,-46.0,749.0,846,82.799,-66.0,685.0,1024,60.366,-63.0,448.0
2345,1254,104.541,-75.0,824.0,1000,105.45,-53.0,903.0,1101,89.005,-63.0,656.0,846,81.508,-89.0,735.0,1024,59.702,-55.0,493.0
2346,1254,105.201,-86.0,895.0,1000,98.167,-64.0,908.0,1101,83.431,-61.0,676.0,846,76.443,-55.0,454.0,1024,55.232,-73.0,745.0
2347,1254,106.267,-75.0,966.0,1000,96.057,-44.0,813.0,1101,94.702,-47.0,613.0,846,72.39,-81.0,551.0,1024,59.146,-56.0,603.0
2348,1254,104.352,-53.0,864.0,1000,101.924,-46.0,776.0,1101,89.257,-57.0,709.0,846,85.613,-78.0,640.0,1024,59.271,-56.0,604.0
2349,1254,107.29,-54.0,888.0,1000,100.525,-53.0,739.0,1101,90.714,-62.0,612.0,846,76.916,-57.0,632.0,1024,57.461,-83.0,650.0
2350,1254,105.22,-61.0,902.0,1000,101.961,-46.0,758.0,1101,91.955,-88.0,639.0,846,83.98,-78.0,655.0,1024,55.77,-57.0,662.0
2351,1254,107.628,-112.0,803.0,1000,101.681,-41.0,982.0,1101,90.081,-58.0,651.0,846,72.397,-62.0,621.0,1024,58.319,-67.0,555.0
2352,1254,105.702,-80.0,688.0,1000,97.936,-44.0,825.0,1101,94.837,-82.0,934.0,846,71.822,-101.0,460.0,1024,50.914,-58.0,667.0
2353,1254,101.14,-88.0,953.0,1000,99.781,-59.0,964.0,1101,85.471,-72.0,508.0,846,77.995,-72.0,577.0,1024,52.402,-51.0,626.0
2354,1254,103.529,-64.0,908.0,1000,110.66,-74.0,807.0,1101,87.058,-59.0,572.0,846,78.616,-81.0,475.0,1024,53.798,-72.0,473.0
2355,1254,108.708,-72.0,765.0,1000,102.071,-73.0,834.0,1101,82.346,-54.0,622.0,846,80.245,-71.0,593.0,1024,54.297,-64.0,593.0
2356,1254,105.323,-80.0,857.0,1000,110.454,-82.0,991.0,1101,88.685,-56.0,512.0,846,79.091,-56.0,697.0,1024,56.744,-95.0,570.0
2357,1254,107.05,-69.0,852.0,1000,103.845,-48.0,829.0,1101,90.054,-66.0,709.0,846,72.273,-86.0,568.0,1024,54.564,-80.0,690.0
2358,1254,109.484,-108.0,857.0,1000,103.159,-43.0,901.0,1101,84.099,-74.0,589.0,846,76.559,-99.0,556.0,1024,54.672,-54.0,627.0
2359,1254,111.777,-75.0,792.0,1000,102.827,-89.0,936.0,1101,93.256,-76.0,612.0,846,80.814,-75.0,695.0,1024,56.174,-64.0,691.0
2360,1254,120.222,-59.0,941.0,1000,121.779,-71.0,880.0,1101,95.99,-69.0,567.0,846,104.965,-77.0,818.0,1024,71.271,-61.0,447.0
2361,1254,114.432,-63.0,856.0,1000,115.056,-51.0,914.0,1101,100.225,-86.0,678.0,846,103.014,-94.0,632.0,1024,74.421,-55.0,418.0
2362,1254,124.439,-77.0,843.0,1000,118.855,-68.0,864.0,1101,104.723,-69.0,659.0,846,105.468,-89.0,666.0,1024,74.46,-72.0,519.0
2363,1254,121.23,-59.0,885.0,1000,112.714,-103.0,907.0,1101,101.703,-67.0,681.0,846,99.813,-118.0,637.0,1024,75.749,-86.0,733.0
2364,1254,113.766,-69.0,715.0,1000,112.168,-78.0,837.0,1101,97.461,-89.0,626.0,846,105.462,-91.0,567.0,1024,78.888,-64.0,720.0
2365,1254,106.938,-72.0,676.0,1000,109.773,-59.0,830.0,1101,115.863,-73.0,699.0,846,114.983,-66.0,760.0,1024,75.476,-67.0,667.0
2366,1254,112.63,-83.0,811.0,1000,120.588,-66.0,748.0,1101,117.621,-95.0,628.0,846,124.584,-92.0,749.0,1024,75.312,-90.0,432.0
2367,1254,107.997,-82.0,862.0,1000,120.543,-99.0,812.0,1101,119.345,-66.0,584.0,846,120.98,-100.0,649.0,1024,72.415,-96.0,593.0
2368,1254,108.248,-64.0,824.0,1000,120.871,-58.0,734.0,1101,115.525,-67.0,569.0,846,124.467,-95.0,770.0,1024,79.708,-104.0,537.0
2369,1254,116.677,-87.0,796.0,1000,114.808,-44.0,765.0,1101,104.945,-73.0,656.0,846,116.752,-71.0,779.0,1024,66.768,-69.0,570.0
2370,1254,110.082,-73.0,877.0,1000,115.971,-46.0,830.0,1101,106.917,-70.0,627.0,846,117.714,-88.0,723.0,1024,73.377,-137.0,542.0
2371,1254,111.77,-70.0,800.0,1000,113.912,-64.0,896.0,1101,106.601,-74.0,611.0,846,103.182,-55.0,603.0,1024,63.141,-64.0,539.0
2372,1254,105.813,-80.0,782.0,1000,111.998,-85.0,896.0,1101,94.847,-62.0,564.0,846,98.61,-84.0,673.0,1024,65.857,-73.0,705.0
2373,1254,109.565,-86.0,909.0,1000,107.534,-51.0,848.0,1101,94.556,-77.0,583.0,846,100.24,-74.0,645.0,1024,63.897,-65.0,485.0
2374,1254,105.573,-64.0,903.0,1000,102.827,-106.0,978.0,1101,92.282,-79.0,589.0,846,91.628,-63.0,779.0,1024,57.569,-55.0,499.0
2375,1254,104.451,-86.0,825.0,1000,100.061,-59.0,1025.0,1101,96.49,-93.0,648.0,846,89.358,-71.0,611.0,1024,63.567,-78.0,811.0
2376,1254,105.073,-86.0,797.0,1000,101.517,-84.0,776.0,1101,93.52,-82.0,684.0,846,80.505,-79.0,536.0,1024,57.918,-83.0,494.0
2377,1254,111.239,-70.0,821.0,1000,104.159,-69.0,835.0,1101,93.733,-65.0,520.0,846,85.28,-72.0,673.0,1024,55.633,-82.0,548.0
2378,1254,104.687,-66.0,774.0,1000,100.043,-55.0,955.0,1101,89.458,-88.0,643.0,846,87.122,-69.0,519.0,1024,62.536,-109.0,648.0
2379,1254,108.218,-76.0,748.0,1000,99.367,-56.0,967.0,1101,98.511,-67.0,556.0,846,84.384,-89.0,783.0,1024,56.11,-67.0,573.0
2380,1254,105.931,-103.0,772.0,1000,101.748,-54.0,959.0,1101,86.998,-60.0,550.0,846,82.138,-79.0,570.0,1024,62.018,-95.0,725.0
2381,1254,105.585,-85.0,779.0,1000,103.279,-76.0,899.0,1101,90.314,-59.0,611.0,846,89.165,-73.0,532.0,1024,56.37,-55.0,669.0
2382,1254,100.002,-60.0,923.0,1000,100.195,-93.0,756.0,1101,92.702,-70.0,527.0,846,82.84,-57.0,636.0,1024,57.462,-69.0,596.0
2383,1254,106.816,-70.0,817.0,1000,109.882,-60.0,1024.0,1101,89.061,-98.0,685.0,846,82.752,-61.0,576.0,1024,59.377,-55.0,523.0
2384,1254,110.678,-79.0,823.0,1000,98.559,-64.0,942.0,1101,86.902,-78.0,719.0,846,85.006,-105.0,583.0,1024,56.761,-71.0,440.0
2385,1254,103.035,-77.0,712.0,1000,101.019,-58.0,691.0,1101,85.108,-71.0,496.0,846,78.476,-85.0,505.0,1024,54.242,-61.0,509.0
2386,1254,101.428,-72.0,759.0,1000,101.854,-64.0,849.0,1101,90.831,-88.0,601.0,846,75.68,-53.0,564.0,1024,54.727,-77.0,610.0
2387,1254,104.058,-76.0,782.0,1000,100.101,-55.0,752.0,1101,87.198,-80.0,592.0,846,77.69,-84.0,594.0,1024,57.766,-58.0,486.0
2388,1254,106.01,-104.0,807.0,1000,102.722,-62.0,836.0,1101,87.465,-80.0,771.0,846,77.743,-93.0,446.0,1024,59.466,-61.0,557.0
2389,1254,100.792,-97.0,895.0,1000,104.649,-53.0,879.0,1101,86.955,-69.0,780.0,846,76.461,-91.0,588.0,1024,57.272,-62.0,668.0
2390,1254,108.114,-81.0,914.0,1000,103.838,-67.0,884.0,1101,82.567,-74.0,690.0,846,82.647,-72.0,549.0,1024,57.315,-94.0,555.0
2391,1254,108.111,-78.0,879.0,1000,106.555,-71.0,890.0,1101,85.019,-55.0,600.0,846,79.837,-68.0,571.0,1024,58.174,-78.0,563.0
2392,1254,105.053,-75.0,624.0,1000,107.442,-42.0,933.0,1101,87.368,-66.0,654.0,846,80.206,-93.0,629.0,1024,55.076,-69.0,606.0
2393,1254,103.925,-96.0,714.0,1000,97.811,-59.0,981.0,1101,89.14,-83.0,526.0,846,75.44,-62.0,560.0,1024,50.332,-109.0,573.0
2394,1254,104.096,-104.0,866.0,1000,108.53,-78.0,743.0,1101,89.395,-76.0,593.0,846,76.846,-68.0,659.0,1024,51.247,-72.0,460.0
2395,1254,102.681,-93.0,871.0,1000,107.335,-86.0,755.0,1101,86.979,-59.0,694.0,846,79.669,-77.0,604.0,1024,56.746,-72.0,468.0
2396,1254,112.065,-80.0,755.0,1000,101.211,-48.0,868.0,1101,89.233,-91.0,603.0,846,79.84,-48.0,796.0,1024,54.304,-70.0,741.0
2397,1254,109.39,-62.0,795.0,1000,105.629,-48.0,781.0,1101,93.348,-59.0,602.0,846,83.04,-50.0,456.0,1024,51.436,-76.0,680.0
2398,1254,110.073,-53.0,781.0,1000,100.888,-55.0,863.0,1101,87.815,-78.0,527.0,846,80.866,-75.0,535.0,1024,54.49,-68.0,471.0
2399,1254,98.847,-89.0,746.0,1000,101.947,-63.0,958.0,1101,87.279,-63.0,560.0,846,80.585,-79.0,587.0,1024,53.935,-69.0,621.0
2400,1254,107.456,-80.0,849.0,1000,104.977,-61.0,785.0,1101,89.748,-69.0,549.0,846,78.043,-87.0,596.0,1024,52.765,-57.0,486.0
2401,1254,103.059,-74.0,765.0,1000,104.669,-54.0,927.0,1101,85.097,-93.0,562.0,846,79.326,-94.0,780.0,1024,54.544,-48.0,558.0
2402,1254,101.356,-87.0,809.0,1000,105.731,-62.0,872.0,1101,89.306,-78.0,503.0,846,81.078,-64.0,635.0,1024,50.417,-65.0,495.0
2403,1254,106.849,-70.0,828.0,1000,98.744,-44.0,1040.0,1101,90.084,-83.0,595.0,846,77.71,-59.0,687.0,1024,51.462,-107.0,596.0
2404,1254,110.053,-66.0,869.0,1000,96.576,-70.0,761.0,1101,92.113,-98.0,623.0,846,79.387,-70.0,535.0,1024,52.6,-55.0,573.0
2405,1254,104.179,-78.0,723.0,1000,101.133,-69.0,923.0,1101,86.787,-66.0,594.0,846,76.286,-86.0,631.0,1024,53.18,-65.0,562.0
2406,1254,107.959,-76.0,740.0,1000,101.776,-73.0,666.0,1101,91.906,-70.0,594.0,846,80.182,-88.0,475.0,1024,54.074,-56.0,518.0
2407,1254,107.189,-66.0,819.0,1000,104.71,-87.0,960.0,1101,84.3,-66.0,558.0,846,73.027,-89.0,572.0,1024,55.47,-99.0,592.0
2408,1254,100.927,-75.0,1021.0,1000,101.928,-89.0,742.0,1101,95.61,-66.0,559.0,846,79.709,-63.0,653.0,1024,52.285,-64.0,545.0
2409,1254,107.738,-97.0,841.0,1000,102.609,-61.0,963.0,1101,89.022,-78.0,630.0,846,75.423,-76.0,542.0,1024,51.256,-58.0,479.0
2410,1254,105.115,-80.0,886.0,1000,109.08,-56.0,842.0,1101,88.956,-68.0,543.0,846,77.288,-73.0,441.0,1024,54.15,-104.0,448.0
2411,1254,107.971,-84.0,893.0,1000,105.388,-64.0,958.0,1101,84.307,-56.0,682.0,846,79.999,-59.0,652.0,1024,48.999,-67.0,594.0
2412,1254,106.446,-84.0,841.0,1000,106.093,-56.0,919.0,1101,90.411,-83.0,571.0,846,83.287,-63.0,619.0,1024,55.163,-82.0,607.0
2413,1254,106.789,-94.0,733.0,1000,109.628,-44.0,922.0,1101,80.309,-65.0,677.0,846,77.708,-65.0,616.0,1024,51.605,-96.0,484.0
2414,1254,106.323,-72.0,792.0,1000,103.273,-70.0,877.0,1101,88.236,-67.0,568.0,846,82.128,-82.0,638.0,1024,56.311,-84.0,614.0
2415,1254,109.486,-81.0,940.0,1000,98.518,-59.0,879.0,1101,84.742,-74.0,579.0,846,76.277,-77.0,591.0,1024,51.03,-87.0,544.0
2416,1254,106.647,-79.0,840.0,1000,109.028,-58.0,773.0,1101,90.529,-61.0,694.0,846,78.922,-134.0,578.0,1024,53.198,-55.0,572.0
2417,1254,105.076,-88.0,697.0,1000,98.682,-80.0,887.0,1101,84.851,-75.0,586.0,846,84.303,-97.0,662.0,1024,55.147,-60.0,671.0
2418,1254,105.382,-94.0,747.0,1000,104.448,-68.0,886.0,1101,85.4,-84.0,596.0,846,82.286,-110.0,495.0,1024,51.338,-75.0,458.0
2419,1254,104.615,-64.0,689.0,1000,97.801,-81.0,884.0,1101,86.556,-56.0,565.0,846,73.852,-58.0,578.0,1024,56.035,-61.0,493.0
2420,1254,100.018,-74.0,784.0,1000,99.179,-68.0,734.0,1101,91.331,-73.0,733.0,846,77.21,-60.0,566.0,1024,55.142,-58.0,513.0
2421,1254,101.7,-69.0,876.0,1000,107.409,-92.0,888.0,1101,83.838,-69.0,559.0,846,76.53,-61.0,805.0,1024,51.79,-47.0,405.0
2422,1254,107.45,-61.0,746.0,1000,107.382,-67.0,815.0,1101,87.724,-86.0,537.0,846,80.518,-70.0,603.0,1024,55.379,-61.0,539.0
2423,1254,105.639,-76.0,778.0,1000,99.149,-59.0,829.0,1101,89.392,-78.0,670.0,846,87.418,-59.0,565.0,1024,49.022,-56.0,480.0
2424,1254,105.55,-81.0,833.0,1000,104.707,-87.0,836.0,1101,89.681,-87.0,763.0,846,87.619,-96.0,657.0,1024,52.372,-75.0,459.0
2425,1254,106.088,-66.0,807.0,1000,105.182,-88.0,845.0,1101,87.043,-73.0,557.0,846,82.449,-75.0,642.0,1024,51.511,-72.0,617.0
2426,1254,103.033,-93.0,910.0,1000,102.807,-65.0,841.0,1101,87.772,-55.0,750.0,846,79.006,-77.0,447.0,1024,53.034,-56.0,482.0
2427,1254,111.612,-96.0,671.0,1000,109.341,-58.0,833.0,1101,87.104,-68.0,589.0,846,74.57,-55.0,549.0,1024,55.265,-51.0,612.0
2428,1254,104.141,-78.0,734.0,1000,99.274,-38.0,689.0,1101,87.778,-72.0,784.0,846,79.69,-60.0,614.0,1024,51.193,-87.0,485.0
2429,1254,106.547,-99.0,812.0,1000,99.281,-56.0,865.0,1101,85.412,-74.0,570.0,846,84.68,-67.0,734.0,1024,54.278,-68.0,469.0
2430,1254,105.087,-73.0,842.0,1000,103.422,-59.0,910.0,1101,82.64,-55.0,571.0,846,80.488,-71.0,569.0,1024,52.25,-71.0,450.0
2431,1254,100.558,-76.0,890.0,1000,98.614,-133.0,965.0,1101,88.854,-122.0,718.0,846,76.455,-42.0,422.0,1024,53.611,-98.0,406.0
2432,1254,103.856,-64.0,797.0,1000,99.421,-58.0,721.0,1101,88.103,-61.0,618.0,846,74.671,-55.0,713.0,1024,54.028,-54.0,543.0
2433,1254,108.393,-104.0,833.0,1000,104.468,-85.0,866.0,1101,99.868,-79.0,604.0,846,78.669,-113.0,722.0,1024,52.586,-107.0,684.0
2434,1254,106.497,-85.0,791.0,1000,108.461,-76.0,797.0,1101,87.824,-72.0,648.0,846,80.011,-73.0,596.0,1024,54.983,-54.0,636.0
2435,1254,103.532,-97.0,730.0,1000,104.173,-69.0,914.0,1101,84.827,-62.0,552.0,846,74.787,-55.0,610.0,1024,53.507,-42.0,580.0
2436,1254,101.223,-72.0,782.0,1000,110.98,-58.0,722.0,1101,83.938,-74.0,562.0,846,76.034,-85.0,585.0,1024,53.607,-79.0,450.0
2437,1254,100.774,-83.0,774.0,1000,105.309,-92.0,731.0,1101,91.48,-53.0,665.0,846,81.818,-63.0,583.0,1024,52.167,-83.0,591.0
2438,1254,104.356,-73.0,985.0,1000,107.792,-63.0,742.0,1101,83.462,-81.0,637.0,846,77.589,-78.0,855.0,1024,49.851,-82.0,492.0
2439,1254,102.607,-102.0,782.0,1000,105.821,-45.0,875.0,1101,88.543,-86.0,612.0,846,75.156,-84.0,583.0,1024,55.448,-64.0,486.0
2440,1254,102.91,-69.0,761.0,1000,102.029,-48.0,846.0,1101,87.351,-80.0,581.0,846,78.695,-83.0,711.0,1024,51.755,-60.0,418.0
2441,1254,104.445,-97.0,885.0,1000,110.776,-71.0,846.0,1101,83.526,-66.0,763.0,846,80.482,-84.0,622.0,1024,52.367,-70.0,594.0
2442,1254,102.697,-84.0,711.0,1000,106.735,-69.0,835.0,1101,92.048,-75.0,648.0,846,82.376,-70.0,737.0,1024,53.117,-95.0,554.0
2443,1254,103.096,-68.0,925.0,1000,111.723,-67.0,712.0,1101,85.521,-65.0,595.0,846,78.303,-62.0,535.0,1024,53.248,-56.0,530.0
2444,1254,103.123,-101.0,878.0,1000,107.238,-52.0,794.0,1101,83.694,-49.0,569.0,846,75.405,-73.0,521.0,1024,51.771,-55.0,549.0
2445,1254,99.222,-58.0,836.0,1000,100.833,-42.0,966.0,1101,81.095,-57.0,648.0,846,81.978,-88.0,707.0,1024,49.173,-57.0,515.0
2446,1254,102.432,-77.0,812.0,1000,99.784,-63.0,860.0,1101,93.76,-53.0,678.0,846,80.927,-80.0,596.0,1024,54.449,-67.0,584.0
2447,1254,106.49,-60.0,851.0,1000,107.594,-63.0,1000.0,1101,83.678,-63.0,498.0,846,79.197,-78.0,610.0,1024,56.707,-83.0,745.0
2448,1254,105.022,-81.0,708.0,1000,99.974,-54.0,747.0,1101,89.292,-53.0,688.0,846,75.22,-55.0,773.0,1024,53.384,-109.0,575.0
2449,1254,108.658,-64.0,811.0,1000,104.273,-90.0,894.0,1101,84.543,-48.0,642.0,846,80.104,-53.0,602.0,1024,52.527,-95.0,355.0
2450,1254,106.927,-78.0,900.0,1000,102.414,-53.0,877.0,1101,84.824,-88.0,567.0,846,76.375,-100.0,599.0,1024,51.292,-46.0,492.0
2451,1254,94.86,-110.0,775.0,1000,110.545,-96.0,779.0,1101,89.036,-88.0,724.0,846,80.804,-66.0,553.0,1024,50.511,-69.0,556.0
2452,1254,108.812,-72.0,949.0,1000,102.343,-61.0,781.0,1101,85.182,-54.0,630.0,846,75.859,-59.0,535.0,1024,54.089,-64.0,627.0
2453,1254,106.589,-84.0,877.0,1000,101.285,-70.0,840.0,1101,82.902,-56.0,501.0,846,78.558,-62.0,559.0,1024,54.117,-74.0,595.0
2454,1254,98.53,-57.0,898.0,1000,106.224,-60.0,863.0,1101,81.363,-48.0,681.0,846,82.285,-53.0,649.0,1024,52.684,-62.0,514.0
2455,1254,103.407,-79.0,816.0,1000,110.724,-69.0,807.0,1101,88.087,-45.0,600.0,846,79.804,-61.0,677.0,1024,54.044,-66.0,674.0
2456,1254,102.336,-90.0,934.0,1000,99.443,-52.0,935.0,1101,80.57,-87.0,598.0,846,79.468,-76.0,692.0,1024,51.906,-41.0,425.0
2457,1254,103.755,-84.0,826.0,1000,111.449,-72.0,892.0,1101,92.819,-63.0,657.0,846,82.921,-73.0,712.0,1024,51.077,-52.0,620.0
2458,1254,105.732,-78.0,745.0,1000,109.948,-75.0,842.0,1101,86.678,-62.0,585.0,846,79.027,-49.0,545.0,1024,51.48,-54.0,364.0
2459,1254,105.344,-90.0,822.0,1000,103.711,-50.0,794.0,1101,85.347,-64.0,659.0,846,76.974,-76.0,685.0,1024,52.674,-72.0,555.0
2460,1254,101.869,-66.0,751.0,1000,101.702,-59.0,817.0,1101,88.585,-56.0,588.0,846,79.639,-65.0,615.0,1024,51.682,-71.0,430.0
2461,1254,108.817,-77.0,796.0,1000,104.685,-74.0,923.0,1101,88.141,-62.0,713.0,846,85.566,-62.0,601.0,1024,50.822,-76.0,534.0
2462,1254,107.414,-118.0,785.0,1000,98.287,-51.0,727.0,1101,84.127,-44.0,841.0,846,77.791,-63.0,597.0,1024,50.41,-61.0,499.0
2463,1254,100.571,-76.0,821.0,1000,101.396,-73.0,902.0,1101,87.55,-63.0,706.0,846,78.772,-67.0,775.0,1024,52.04,-64.0,603.0
2464,1254,102.502,-83.0,956.0,1000,107.437,-114.0,771.0,1101,85.842,-67.0,635.0,846,77.403,-58.0,788.0,1024,51.827,-75.0,481.0
2465,1254,102.778,-85.0,885.0,1000,104.719,-63.0,963.0,1101,83.959,-57.0,504.0,846,79.584,-74.0,605.0,1024,51.801,-67.0,491.0
2466,1254,104.446,-61.0,784.0,1000,99.327,-69.0,915.0,1101,89.826,-50.0,777.0,846,78.298,-89.0,644.0,1024,49.771,-69.0,408.0
2467,1254,110.003,-67.0,843.0,1000,103.738,-55.0,846.0,1101,89.359,-67.0,526.0,846,79.411,-62.0,595.0,1024,55.984,-70.0,446.0
2468,1254,106.137,-61.0,853.0,1000,107.372,-73.0,776.0,1101,84.751,-58.0,784.0,846,77.97,-75.0,725.0,1024,50.538,-80.0,480.0
2469,1254,103.979,-77.0,774.0,1000,98.221,-60.0,773.0,1101,81.363,-64.0,725.0,846,73.669,-81.0,518.0,1024,53.966,-75.0,589.0
2470,1254,101.435,-57.0,923.0,1000,104.273,-85.0,804.0,1101,88.797,-63.0,663.0,846,79.266,-76.0,655.0,1024,53.359,-95.0,561.0
2471,1254,105.872,-71.0,778.0,1000,107.974,-63.0,758.0,1101,85.002,-59.0,693.0,846,79.494,-89.0,653.0,1024,50.931,-79.0,499.0
2472,1254,105.606,-67.0,918.0,1000,99.248,-57.0,791.0,1101,85.028,-55.0,618.0,846,80.631,-62.0,572.0,1024,57.69,-60.0,508.0
2473,1254,110.561,-61.0,870.0,1000,104.723,-72.0,762.0,1101,82.699,-48.0,652.0,846,75.508,-72.0,629.0,1024,51.869,-82.0,636.0
2474,1254,100.909,-66.0,835.0,1000,94.798,-58.0,853.0,1101,88.382,-54.0,611.0,846,80.2,-61.0,612.0,1024,50.297,-85.0,637.0
2475,1254,103.558,-83.0,1000.0,1000,96.193,-60.0,941.0,1101,89.75,-72.0,628.0,846,77.979,-76.0,560.0,1024,54.372,-69.0,581.0
2476,1254,107.198,-128.0,860.0,1000,98.383,-65.0,851.0,1101,86.104,-51.0,730.0,846,77.558,-76.0,677.0,1024,57.918,-62.0,551.0
2477,1254,100.71,-81.0,779.0,1000,102.171,-88.0,783.0,1101,81.863,-50.0,615.0,846,76.428,-62.0,666.0,1024,52.929,-40.0,509.0
2478,1254,106.825,-50.0,737.0,1000,97.723,-59.0,736.0,1101,88.551,-47.0,635.0,846,79.381,-63.0,621.0,1024,50.413,-79.0,514.0
2479,1254,102.909,-100.0,704.0,1000,115.196,-70.0,752.0,1101,92.641,-47.0,639.0,846,79.139,-71.0,589.0,1024,52.267,-97.0,479.0
2480,1254,112.686,-82.0,748.0,1000,119.278,-88.0,822.0,1101,100.23,-52.0,681.0,846,111.613,-81.0,660.0,1024,72.374,-82.0,493.0
2481,1254,123.734,-99.0,1037.0,1000,119.665,-68.0,639.0,1101,102.98,-75.0,636.0,846,128.118,-71.0,724.0,1024,80.416,-93.0,510.0
2482,1254,124.97,-115.0,812.0,1000,113.96,-52.0,1029.0,1101,92.772,-41.0,657.0,846,112.297,-60.0,689.0,1024,80.524,-135.0,636.0
2483,1254,120.124,-64.0,956.0,1000,113.849,-102.0,923.0,1101,96.012,-52.0,630.0,846,109.889,-71.0,691.0,1024,82.325,-91.0,520.0
2484,1254,122.934,-111.0,972.0,1000,111.337,-63.0,692.0,1101,91.58,-54.0,587.0,846,106.461,-76.0,759.0,1024,74.164,-69.0,547.0
2485,1254,118.549,-117.0,894.0,1000,108.774,-81.0,827.0,1101,86.698,-63.0,625.0,846,94.091,-77.0,636.0,1024,70.989,-70.0,607.0
2486,1254,116.266,-63.0,736.0,1000,114.13,-61.0,871.0,1101,91.592,-39.0,736.0,846,95.636,-78.0,675.0,1024,70.433,-68.0,573.0
2487,1254,112.331,-68.0,882.0,1000,106.731,-97.0,832.0,1101,94.407,-60.0,581.0,846,84.306,-66.0,527.0,1024,69.225,-68.0,680.0
2488,1254,106.671,-77.0,755.0,1000,114.645,-96.0,1083.0,1101,87.911,-51.0,677.0,846,95.019,-108.0,796.0,1024,68.218,-88.0,562.0
2489,1254,104.697,-101.0,855.0,1000,115.067,-71.0,850.0,1101,88.824,-70.0,632.0,846,82.017,-78.0,601.0,1024,65.718,-67.0,514.0
2490,1254,111.291,-69.0,886.0,1000,97.761,-63.0,766.0,1101,86.777,-54.0,666.0,846,78.905,-97.0,742.0,1024,63.608,-70.0,521.0
2491,1254,113.291,-105.0,882.0,1000,110.959,-69.0,852.0,1101,93.074,-105.0,783.0,846,85.52,-68.0,556.0,1024,67.426,-73.0,596.0
2492,1254,107.104,-118.0,697.0,1000,108.665,-72.0,889.0,1101,86.917,-67.0,668.0,846,77.695,-55.0,670.0,1024,70.324,-58.0,532.0
2493,1254,109.329,-70.0,885.0,1000,102.177,-70.0,726.0,1101,91.197,-73.0,641.0,846,83.19,-49.0,648.0,1024,60.712,-72.0,638.0
2494,1254,111.254,-84.0,783.0,1000,104.113,-57.0,739.0,1101,85.864,-57.0,698.0,846,80.461,-74.0,644.0,1024,63.955,-81.0,421.0
2495,1254,111.469,-70.0,811.0,1000,108.705,-68.0,929.0,1101,91.015,-63.0,779.0,846,83.928,-51.0,506.0,1024,56.844,-55.0,468.0
2496,1254,109.124,-70.0,828.0,1000,105.068,-76.0,842.0,1101,85.26,-52.0,668.0,846,83.874,-76.0,780.0,1024,62.481,-68.0,534.0
2497,1254,104.043,-75.0,923.0,1000,101.569,-67.0,908.0,1101,85.419,-41.0,788.0,846,89.182,-64.0,687.0,1024,58.444,-67.0,553.0
2498,1254,112.32,-52.0,851.0,1000,109.872,-67.0,834.0,1101,81.691,-43.0,590.0,846,83.178,-65.0,512.0,1024,59.608,-89.0,506.0
2499,1254,106.678,-67.0,848.0,1000,101.916,-70.0,923.0,1101,88.263,-38.0,609.0,846,80.124,-79.0,651.0,1024,61.56,-61.0,472.0
2500,1254,109.127,-62.0,917.0,1000,102.916,-108.0,854.0,1101,88.757,-58.0,562.0,846,84.044,-82.0,702.0,1024,60.286,-75.0,522.0
2501,1254,107.037,-62.0,711.0,1000,99.31,-58.0,724.0,1101,79.497,-50.0,661.0,846,78.762,-94.0,652.0,1024,51.729,-58.0,383.0
2502,1254,110.348,-55.0,890.0,1000,103.152,-91.0,935.0,1101,80.833,-42.0,589.0,846,74.905,-60.0,485.0,1024,56.945,-76.0,585.0
2503,1254,107.541,-69.0,933.0,1000,106.203,-74.0,816.0,1101,85.406,-83.0,760.0,846,83.15,-60.0,633.0,1024,59.188,-143.0,561.0
2504,1254,106.38,-45.0,845.0,1000,105.712,-99.0,759.0,1101,90.295,-56.0,578.0,846,78.228,-50.0,639.0,1024,58.793,-54.0,485.0
2505,1254,107.734,-66.0,908.0,1000,102.357,-94.0,774.0,1101,87.332,-56.0,742.0,846,74.259,-76.0,499.0,1024,57.819,-78.0,539.0
2506,1254,107.179,-77.0,736.0,1000,101.59,-85.0,974.0,1101,85.635,-53.0,784.0,846,80.998,-69.0,557.0,1024,51.158,-58.0,536.0
2507,1254,108.569,-41.0,958.0,1000,100.04,-75.0,799.0,1101,86.639,-64.0,779.0,846,84.045,-101.0,590.0,1024,53.405,-65.0,561.0
2508,1254,107.888,-56.0,802.0,1000,100.181,-83.0,734.0,1101,86.556,-43.0,793.0,846,81.988,-85.0,639.0,1024,56.201,-63.0,538.0
2509,1254,108.911,-73.0,813.0,1000,101.696,-58.0,984.0,1101,83.579,-52.0,595.0,846,76.578,-73.0,716.0,1024,56.608,-77.0,511.0
2510,1254,104.848,-60.0,727.0,1000,112.307,-114.0,797.0,1101,90.43,-43.0,603.0,846,81.57,-77.0,591.0,1024,56.771,-84.0,722.0
2511,1254,107.05,-63.0,795.0,1000,102.641,-73.0,827.0,1101,85.697,-52.0,560.0,846,75.125,-62.0,558.0,1024,57.137,-81.0,666.0
2512,1254,103.049,-55.0,1052.0,1000,105.551,-79.0,945.0,1101,86.287,-50.0,640.0,846,78.061,-71.0,784.0,1024,58.615,-63.0,509.0
2513,1254,103.171,-45.0,832.0,1000,105.856,-80.0,721.0,1101,87.48,-52.0,748.0,846,76.019,-84.0,720.0,1024,58.277,-69.0,648.0
2514,1254,106.541,-74.0,790.0,1000,107.36,-72.0,973.0,1101,84.72,-49.0,740.0,846,79.306,-76.0,699.0,1024,55.942,-85.0,598.0
2515,1254,107.653,-53.0,924.0,1000,99.193,-70.0,824.0,1101,84.437,-77.0,613.0,846,73.144,-72.0,776.0,1024,54.051,-62.0,501.0
2516,1254,110.99,-66.0,772.0,1000,103.404,-98.0,1004.0,1101,83.317,-56.0,570.0,846,79.416,-69.0,639.0,1024,53.599,-41.0,624.0
2517,1254,109.3,-53.0,908.0,1000,96.93,-95.0,762.0,1101,84.597,-47.0,673.0,846,77.306,-82.0,548.0,1024,55.208,-59.0,504.0
2518,1254,110.486,-52.0,970.0,1000,107.839,-103.0,695.0,1101,91.056,-44.0,566.0,846,80.194,-94.0,647.0,1024,54.459,-66.0,391.0
2519,1254,104.082,-47.0,840.0,1000,107.808,-99.0,854.0,1101,86.106,-56.0,737.0,846,80.774,-60.0,688.0,1024,57.194,-74.0,764.0
2520,1254,104.132,-59.0,871.0,1000,101.676,-63.0,767.0,1101,88.059,-38.0,686.0,846,81.512,-87.0,640.0,1024,51.649,-76.0,633.0
2521,1254,108.654,-76.0,854.0,1000,109.356,-53.0,846.0,1101,86.385,-68.0,742.0,846,77.681,-64.0,576.0,1024,54.111,-67.0,457.0
2522,1254,105.556,-60.0,827.0,1000,100.97,-104.0,687.0,1101,85.903,-87.0,765.0,846,78.678,-67.0,672.0,1024,52.684,-55.0,675.0
2523,1254,110.207,-68.0,830.0,1000,106.973,-74.0,838.0,1101,76.019,-59.0,484.0,846,74.204,-54.0,545.0,1024,56.291,-73.0,564.0
2524,1254,104.062,-57.0,877.0,1000,106.528,-77.0,774.0,1101,86.827,-39.0,550.0,846,79.57,-94.0,651.0,1024,53.766,-56.0,494.0
2525,1254,104.026,-38.0,808.0,1000,106.211,-81.0,794.0,1101,84.821,-53.0,682.0,846,76.297,-78.0,633.0,1024,55.086,-75.0,492.0
2526,1254,100.691,-62.0,1007.0,1000,105.345,-133.0,881.0,1101,84.571,-51.0,640.0,846,85.849,-78.0,593.0,1024,56.483,-70.0,726.0
2527,1254,111.441,-57.0,853.0,1000,106.053,-93.0,747.0,1101,85.161,-45.0,520.0,846,78.801,-68.0,675.0,1024,58.533,-84.0,503.0
2528,1254,102.223,-50.0,978.0,1000,109.761,-66.0,794.0,1101,85.992,-44.0,644.0,846,79.344,-65.0,594.0,1024,53.893,-98.0,579.0
2529,1254,104.511,-53.0,1055.0,1000,101.377,-66.0,850.0,1101,85.988,-38.0,631.0,846,77.035,-59.0,736.0,1024,52.806,-56.0,626.0
2530,1254,104.066,-45.0,934.0,1000,108.427,-84.0,866.0,1101,84.971,-46.0,699.0,846,81.346,-83.0,652.0,1024,55.178,-79.0,572.0
2531,1254,107.707,-39.0,773.0,1000,112.052,-78.0,823.0,1101,85.681,-44.0,646.0,846,76.364,-73.0,571.0,1024,55.07,-77.0,746.0
2532,1254,101.946,-64.0,821.0,1000,106.825,-68.0,896.0,1101,89.11,-41.0,562.0,846,78.804,-69.0,745.0,1024,51.625,-49.0,549.0
2533,1254,109.947,-55.0,723.0,1000,102.51,-115.0,967.0,1101,86.704,-32.0,738.0,846,78.32,-105.0,675.0,1024,53.197,-49.0,598.0
2534,1254,105.004,-51.0,995.0,1000,108.471,-81.0,780.0,1101,81.734,-60.0,669.0,846,78.514,-60.0,561.0,1024,55.717,-56.0,764.0
2535,1254,107.375,-78.0,1074.0,1000,110.596,-71.0,820.0,1101,82.441,-49.0,684.0,846,80.426,-68.0,765.0,1024,58.733,-81.0,596.0
2536,1254,105.715,-41.0,969.0,1000,101.742,-82.0,1059.0,1101,90.01,-45.0,843.0,846,74.53,-63.0,590.0,1024,52.341,-78.0,674.0
2537,1254,103.162,-60.0,884.0,1000,93.254,-88.0,824.0,1101,84.954,-34.0,668.0,846,78.79,-55.0,641.0,1024,52.689,-84.0,494.0
2538,1254,107.569,-53.0,835.0,1000,106.398,-81.0,932.0,1101,86.594,-32.0,500.0,846,80.505,-66.0,881.0,1024,51.418,-51.0,410.0
2539,1254,108.317,-57.0,812.0,1000,101.931,-86.0,901.0,1101,87.072,-55.0,651.0,846,69.775,-61.0,460.0,1024,53.451,-63.0,565.0
2540,1254,103.502,-69.0,986.0,1000,102.476,-71.0,701.0,1101,90.834,-38.0,623.0,846,80.422,-67.0,587.0,1024,52.846,-60.0,562.0
2541,1254,109.24,-53.0,787.0,1000,96.999,-70.0,776.0,1101,91.8,-37.0,639.0,846,79.426,-67.0,619.0,1024,50.308,-65.0,420.0
2542,1254,108.872,-58.0,780.0,1000,106.863,-53.0,821.0,1101,84.237,-37.0,689.0,846,67.378,-60.0,648.0,1024,54.428,-51.0,579.0
2543,1254,105.285,-44.0,880.0,1000,112.205,-78.0,774.0,1101,82.204,-44.0,750.0,846,76.17,-70.0,727.0,1024,46.698,-39.0,540.0
2544,1254,103.505,-51.0,838.0,1000,106.043,-76.0,998.0,1101,87.233,-44.0,794.0,846,75.102,-60.0,787.0,1024,55.252,-66.0,472.0
2545,1254,108.255,-49.0,1005.0,1000,102.615,-73.0,860.0,1101,88.67,-35.0,603.0,846,79.502,-58.0,615.0,1024,55.096,-74.0,521.0
2546,1254,107.65,-58.0,855.0,1000,109.951,-93.0,844.0,1101,89.248,-41.0,647.0,846,80.28,-59.0,566.0,1024,54.505,-79.0,541.0
2547,1254,101.379,-46.0,802.0,1000,101.858,-93.0,1009.0,1101,87.668,-47.0,601.0,846,77.522,-84.0,558.0,1024,55.098,-87.0,808.0
2548,1254,107.99,-71.0,875.0,1000,105.191,-75.0,721.0,1101,88.013,-28.0,923.0,846,75.005,-82.0,794.0,1024,52.312,-80.0,423.0
2549,1254,108.068,-43.0,967.0,1000,104.159,-102.0,728.0,1101,87.189,-64.0,622.0,846,81.613,-84.0,667.0,1024,51.582,-56.0,516.0
2550,1254,107.439,-69.0,952.0,1000,110.561,-74.0,905.0,1101,86.22,-37.0,610.0,846,76.92,-52.0,637.0,1024,49.879,-65.0,449.0
2551,1254,103.223,-51.0,1038.0,1000,103.459,-84.0,854.0,1101,86.31,-39.0,711.0,846,81.022,-66.0,622.0,1024,50.785,-76.0,461.0
2552,1254,110.552,-56.0,997.0,1000,110.338,-64.0,1115.0,1101,86.86,-48.0,616.0,846,78.176,-69.0,727.0,1024,54.932,-61.0,626.0
2553,1254,103.3,-45.0,882.0,1000,107.506,-82.0,1026.0,1101,84.229,-51.0,566.0,846,78.479,-70.0,710.0,1024,56.92,-76.0,669.0
2554,1254,103.379,-70.0,827.0,1000,100.983,-93.0,860.0,1101,85.808,-49.0,620.0,846,78.29,-59.0,641.0,1024,50.603,-49.0,700.0
2555,1254,106.228,-53.0,824.0,1000,99.33,-60.0,752.0,1101,90.628,-53.0,799.0,846,77.798,-37.0,717.0,1024,54.037,-52.0,592.0
2556,1254,106.006,-65.0,810.0,1000,109.057,-72.0,867.0,1101,88.61,-64.0,693.0,846,75.576,-59.0,672.0,1024,50.763,-47.0,514.0
2557,1254,108.238,-58.0,744.0,1000,108.493,-56.0,800.0,1101,87.884,-46.0,677.0,846,78.097,-53.0,689.0,1024,53.048,-54.0,607.0
2558,1254,105.251,-86.0,901.0,1000,97.943,-77.0,703.0,1101,89.969,-37.0,605.0,846,82.33,-53.0,730.0,1024,53.975,-81.0,510.0
2559,1254,99.183,-48.0,826.0,1000,101.018,-71.0,706.0,1101,84.379,-35.0,635.0,846,83.251,-54.0,854.0,1024,52.521,-47.0,605.0
2560,1254,95.671,-49.0,891.0,1000,99.083,-71.0,1112.0,1101,85.601,-48.0,730.0,846,80.291,-37.0,718.0,1024,50.178,-79.0,598.0
2561,1254,102.53,-57.0,827.0,1000,101.493,-58.0,872.0,1101,84.613,-55.0,587.0,846,75.189,-62.0,745.0,1024,56.838,-71.0,607.0
2562,1254,106.197,-66.0,986.0,1000,101.497,-56.0,759.0,1101,79.454,-76.0,752.0,846,71.082,-39.0,561.0,1024,53.504,-70.0,564.0
2563,1254,104.183,-52.0,747.0,1000,109.295,-83.0,832.0,1101,75.73,-33.0,648.0,846,78.093,-64.0,763.0,1024,52.262,-45.0,576.0
2564,1254,108.672,-74.0,844.0,1000,105.764,-66.0,862.0,1101,81.275,-35.0,512.0,846,80.494,-40.0,611.0,1024,53.062,-65.0,521.0
2565,1254,100.073,-65.0,816.0,1000,100.573,-108.0,763.0,1101,84.427,-47.0,578.0,846,83.132,-67.0,839.0,1024,50.687,-58.0,496.0
2566,1254,102.478,-43.0,891.0,1000,93.844,-72.0,799.0,1101,83.283,-46.0,539.0,846,75.883,-53.0,827.0,1024,53.485,-64.0,551.0
2567,1254,100.275,-79.0,775.0,1000,104.918,-76.0,760.0,1101,87.05,-43.0,638.0,846,74.37,-36.0,546.0,1024,52.847,-51.0,440.0
2568,1254,109.156,-82.0,858.0,1000,107.123,-123.0,763.0,1101,85.27,-50.0,543.0,846,80.73,-51.0,879.0,1024,52.104,-47.0,592.0
2569,1254,109.701,-50.0,771.0,1000,99.571,-80.0,797.0,1101,85.125,-57.0,530.0,846,81.637,-62.0,565.0,1024,53.706,-67.0,695.0
2570,1254,102.686,-46.0,781.0,1000,105.209,-97.0,706.0,1101,83.416,-51.0,558.0,846,74.765,-40.0,822.0,1024,51.587,-47.0,432.0
2571,1254,107.813,-44.0,1022.0,1000,110.792,-96.0,717.0,1101,82.006,-75.0,728.0,846,78.407,-48.0,630.0,1024,51.661,-48.0,568.0
2572,1254,102.608,-80.0,792.0,1000,99.06,-47.0,804.0,1101,86.933,-49.0,694.0,846,78.905,-44.0,668.0,1024,49.789,-47.0,433.0
2573,1254,105.864,-52.0,890.0,1000,112.381,-74.0,1002.0,1101,81.938,-68.0,623.0,846,76.228,-71.0,682.0,1024,53.992,-69.0,576.0
2574,1254,104.238,-75.0,1011.0,1000,105.249,-113.0,716.0,1101,78.645,-55.0,647.0,846,76.527,-53.0,632.0,1024,54.043,-46.0,493.0
2575,1254,107.275,-83.0,967.0,1000,102.417,-89.0,871.0,1101,88.17,-47.0,711.0,846,76.035,-59.0,699.0,1024,50.994,-55.0,509.0
2576,1254,107.684,-68.0,820.0,1000,108.577,-66.0,883.0,1101,88.123,-63.0,644.0,846,82.197,-42.0,889.0,1024,51.884,-63.0,523.0
2577,1254,104.978,-53.0,883.0,1000,107.48,-87.0,747.0,1101,84.183,-68.0,812.0,846,79.706,-44.0,587.0,1024,49.037,-51.0,628.0
2578,1254,110.217,-60.0,922.0,1000,102.103,-73.0,849.0,1101,82.007,-62.0,614.0,846,87.786,-29.0,774.0,1024,50.001,-47.0,394.0
2579,1254,108.196,-49.0,934.0,1000,110.289,-78.0,759.0,1101,86.149,-61.0,742.0,846,79.652,-38.0,631.0,1024,53.18,-68.0,421.0
2580,1254,107.029,-59.0,756.0,1000,100.745,-105.0,812.0,1101,83.387,-50.0,641.0,846,82.89,-41.0,603.0,1024,52.185,-56.0,724.0
2581,1254,111.207,-53.0,831.0,1000,109.5,-109.0,714.0,1101,79.577,-46.0,708.0,846,77.702,-39.0,720.0,1024,53.008,-80.0,521.0
2582,1254,103.514,-57.0,778.0,1000,102.039,-64.0,698.0,1101,79.646,-57.0,714.0,846,74.596,-48.0,754.0,1024,52.326,-62.0,414.0
2583,1254,106.419,-102.0,892.0,1000,100.41,-96.0,825.0,1101,88.285,-53.0,881.0,846,78.567,-50.0,700.0,1024,50.619,-78.0,504.0
2584,1254,103.148,-73.0,721.0,1000,104.607,-83.0,762.0,1101,82.231,-41.0,636.0,846,80.125,-44.0,745.0,1024,52.552,-48.0,694.0
2585,1254,105.033,-84.0,759.0,1000,105.457,-99.0,735.0,1101,81.159,-64.0,595.0,846,86.459,-58.0,675.0,1024,53.179,-61.0,575.0
2586,1254,104.051,-53.0,854.0,1000,106.454,-61.0,854.0,1101,77.895,-58.0,671.0,846,78.775,-74.0,668.0,1024,54.446,-59.0,563.0
2587,1254,104.077,-62.0,923.0,1000,104.058,-66.0,725.0,1101,88.247,-60.0,563.0,846,77.993,-62.0,701.0,1024,51.317,-73.0,543.0
2588,1254,108.484,-107.0,867.0,1000,101.365,-74.0,761.0,1101,79.302,-59.0,717.0,846,75.988,-59.0,659.0,1024,53.172,-63.0,552.0
2589,1254,110.112,-61.0,883.0,1000,105.396,-75.0,786.0,1101,85.842,-39.0,627.0,846,75.623,-36.0,676.0,1024,49.31,-68.0,646.0
2590,1254,104.248,-56.0,1078.0,1000,104.524,-56.0,861.0,1101,78.83,-45.0,606.0,846,81.473,-31.0,692.0,1024,49.038,-68.0,451.0
2591,1254,104.081,-73.0,868.0,1000,111.791,-93.0,877.0,1101,79.176,-67.0,757.0,846,80.348,-31.0,740.0,1024,56.395,-57.0,674.0
2592,1254,108.82,-56.0,787.0,1000,100.831,-74.0,804.0,1101,88.915,-61.0,482.0,846,82.725,-37.0,773.0,1024,54.421,-82.0,570.0
2593,1254,104.598,-63.0,814.0,1000,107.571,-71.0,1009.0,1101,82.07,-55.0,637.0,846,77.801,-22.0,754.0,1024,55.493,-72.0,461.0
2594,1254,105.167,-78.0,846.0,1000,103.52,-113.0,737.0,1101,84.413,-68.0,782.0,846,79.128,-41.0,740.0,1024,54.046,-51.0,558.0
2595,1254,100.998,-87.0,719.0,1000,104.89,-84.0,752.0,1101,79.349,-48.0,679.0,846,78.298,-43.0,723.0,1024,52.668,-79.0,629.0
2596,1254,105.387,-52.0,772.0,1000,101.853,-62.0,882.0,1101,80.017,-66.0,660.0,846,78.79,-36.0,682.0,1024,51.522,-56.0,694.0
2597,1254,105.81,-53.0,940.0,1000,106.902,-103.0,867.0,1101,79.244,-80.0,516.0,846,81.506,-44.0,594.0,1024,50.779,-59.0,572.0
2598,1254,107.234,-77.0,828.0,1000,102.859,-66.0,846.0,1101,87.234,-77.0,792.0,846,82.61,-55.0,669.0,1024,52.333,-80.0,524.0
2599,1254,104.835,-78.0,856.0,1000,101.83,-78.0,837.0,1101,83.005,-50.0,618.0,846,74.108,-30.0,612.0,1024,52.138,-45.0,598.0
2600,1254,110.59,-71.0,923.0,1000,110.698,-73.0,826.0,1101,89.794,-57.0,779.0,846,91.512,-47.0,709.0,1024,64.818,-67.0,448.0
2601,1254,115.75,-60.0,835.0,1000,122.374,-68.0,820.0,1101,98.975,-64.0,678.0,846,118.261,-35.0,833.0,1024,81.306,-64.0,573.0
2602,1254,119.138,-67.0,908.0,1000,125.475,-105.0,725.0,1101,98.806,-62.0,598.0,846,115.732,-41.0,818.0,1024,78.555,-57.0,576.0
2603,1254,116.58,-69.0,963.0,1000,127.169,-72.0,802.0,1101,96.035,-66.0,657.0,846,111.966,-44.0,858.0,1024,77.625,-70.0,834.0
2604,1254,117.688,-67.0,929.0,1000,135.016,-69.0,831.0,1101,94.019,-64.0,661.0,846,102.688,-55.0,720.0,1024,69.675,-58.0,514.0
2605,1254,114.695,-59.0,1012.0,1000,122.51,-61.0,763.0,1101,92.637,-56.0,478.0,846,97.929,-54.0,678.0,1024,72.584,-68.0,662.0
2606,1254,112.655,-63.0,936.0,1000,113.288,-87.0,931.0,1101,89.989,-57.0,557.0,846,96.799,-41.0,808.0,1024,69.164,-80.0,561.0
2607,1254,110.061,-76.0,877.0,1000,121.254,-73.0,905.0,1101,83.029,-83.0,647.0,846,91.37,-33.0,599.0,1024,65.886,-45.0,668.0
2608,1254,109.852,-55.0,921.0,1000,111.908,-81.0,982.0,1101,91.816,-52.0,597.0,846,93.727,-54.0,776.0,1024,74.187,-45.0,589.0
2609,1254,109.232,-58.0,753.0,1000,114.071,-107.0,808.0,1101,86.834,-69.0,512.0,846,92.957,-31.0,624.0,1024,61.249,-62.0,661.0
2610,1254,111.092,-58.0,939.0,1000,109.166,-71.0,927.0,1101,87.82,-65.0,479.0,846,88.079,-56.0,970.0,1024,58.624,-48.0,632.0
2611,1254,108.003,-56.0,917.0,1000,108.74,-117.0,813.0,1101,85.299,-76.0,567.0,846,87.161,-46.0,836.0,1024,64.98,-55.0,706.0
2612,1254,110.023,-114.0,827.0,1000,100.076,-42.0,888.0,1101,84.642,-69.0,516.0,846,84.264,-42.0,771.0,1024,57.692,-83.0,625.0
2613,1254,105.405,-70.0,968.0,1000,103.12,-82.0,722.0,1101,81.471,-87.0,530.0,846,80.439,-39.0,604.0,1024,60.163,-43.0,582.0
2614,1254,110.222,-58.0,791.0,1000,99.901,-63.0,887.0,1101,80.695,-56.0,717.0,846,78.987,-53.0,789.0,1024,59.997,-47.0,601.0
2615,1254,102.943,-57.0,845.0,1000,107.877,-74.0,887.0,1101,89.273,-66.0,619.0,846,87.781,-62.0,748.0,1024,60.174,-62.0,619.0
2616,1254,111.299,-75.0,810.0,1000,111.635,-76.0,899.0,1101,94.139,-62.0,708.0,846,86.129,-52.0,784.0,1024,58.657,-54.0,807.0
2617,1254,106.284,-72.0,846.0,1000,102.48,-84.0,730.0,1101,82.979,-48.0,582.0,846,78.892,-38.0,776.0,1024,61.1,-71.0,727.0
2618,1254,113.002,-96.0,866.0,1000,107.416,-107.0,891.0,1101,87.548,-58.0,481.0,846,86.918,-64.0,830.0,1024,55.962,-59.0,671.0
2619,1254,108.19,-47.0,996.0,1000,104.079,-86.0,822.0,1101,90.967,-85.0,654.0,846,85.858,-46.0,809.0,1024,60.218,-57.0,719.0
2620,1254,109.447,-47.0,790.0,1000,105.615,-99.0,710.0,1101,80.992,-48.0,673.0,846,78.787,-46.0,880.0,1024,60.459,-52.0,508.0
2621,1254,113.181,-72.0,984.0,1000,104.281,-85.0,851.0,1101,81.51,-74.0,672.0,846,83.428,-57.0,726.0,1024,56.395,-66.0,604.0
2622,1254,106.951,-58.0,944.0,1000,101.302,-78.0,871.0,1101,89.054,-66.0,597.0,846,81.116,-49.0,629.0,1024,56.596,-57.0,709.0
2623,1254,107.686,-67.0,878.0,1000,101.403,-83.0,783.0,1101,80.447,-54.0,500.0,846,83.154,-66.0,733.0,1024,55.066,-66.0,478.0
2624,1254,107.293,-63.0,975.0,1000,102.303,-89.0,875.0,1101,84.462,-68.0,695.0,846,79.013,-58.0,658.0,1024,58.274,-49.0,738.0
2625,1254,107.864,-99.0,812.0,1000,106.143,-54.0,680.0,1101,93.283,-75.0,593.0,846,80.144,-70.0,767.0,1024,57.115,-40.0,570.0
2626,1254,109.51,-68.0,848.0,1000,107.231,-112.0,762.0,1101,84.523,-62.0,578.0,846,78.578,-39.0,653.0,1024,53.891,-40.0,579.0
2627,1254,104.396,-51.0,710.0,1000,106.62,-86.0,827.0,1101,89.0,-82.0,543.0,846,85.351,-32.0,702.0,1024,50.104,-51.0,599.0
2628,1254,102.748,-95.0,869.0,1000,107.659,-65.0,1001.0,1101,85.527,-98.0,688.0,846,80.857,-47.0,710.0,1024,52.213,-53.0,552.0
2629,1254,112.633,-77.0,883.0,1000,108.779,-79.0,830.0,1101,82.449,-78.0,620.0,846,77.949,-40.0,703.0,1024,57.834,-54.0,570.0
2630,1254,104.822,-77.0,879.0,1000,105.51,-111.0,686.0,1101,89.862,-59.0,571.0,846,80.874,-60.0,721.0,1024,52.795,-47.0,455.0
2631,1254,99.226,-73.0,825.0,1000,100.914,-65.0,743.0,1101,90.252,-77.0,610.0,846,77.428,-47.0,893.0,1024,54.567,-56.0,689.0
2632,1254,104.351,-96.0,794.0,1000,104.199,-90.0,862.0,1101,86.351,-63.0,521.0,846,83.102,-36.0,994.0,1024,55.899,-64.0,571.0
2633,1254,107.801,-77.0,746.0,1000,105.249,-96.0,781.0,1101,88.272,-63.0,644.0,846,76.113,-50.0,700.0,1024,57.169,-50.0,590.0
2634,1254,103.95,-55.0,811.0,1000,106.734,-103.0,838.0,1101,87.876,-94.0,578.0,846,78.376,-37.0,605.0,1024,50.211,-53.0,636.0
2635,1254,103.328,-65.0,924.0,1000,104.274,-67.0,679.0,1101,85.116,-57.0,719.0,846,82.144,-61.0,723.0,1024,59.115,-67.0,832.0
2636,1254,103.25,-63.0,763.0,1000,101.317,-86.0,915.0,1101,85.962,-66.0,571.0,846,78.998,-56.0,836.0,1024,57.923,-80.0,758.0
2637,1254,108.777,-77.0,823.0,1000,103.947,-131.0,712.0,1101,79.99,-68.0,658.0,846,73.649,-54.0,564.0,1024,56.685,-100.0,569.0
2638,1254,105.293,-84.0,966.0,1000,107.253,-59.0,802.0,1101,89.991,-71.0,668.0,846,82.015,-60.0,662.0,1024,56.802,-66.0,659.0
2639,1254,105.23,-69.0,905.0,1000,103.227,-93.0,715.0,1101,81.055,-87.0,551.0,846,73.221,-64.0,663.0,1024,51.312,-92.0,629.0
2640,1254,103.055,-70.0,829.0,1000,105.354,-72.0,706.0,1101,82.363,-95.0,444.0,846,80.833,-57.0,663.0,1024,56.943,-59.0,641.0
2641,1254,104.08,-66.0,831.0,1000,102.31,-67.0,726.0,1101,84.617,-70.0,848.0,846,79.274,-41.0,660.0,1024,53.675,-51.0,694.0
2642,1254,103.868,-54.0,1014.0,1000,111.796,-148.0,839.0,1101,84.646,-87.0,571.0,846,82.138,-54.0,684.0,1024,52.151,-49.0,493.0
2643,1254,109.957,-68.0,826.0,1000,102.903,-87.0,842.0,1101,89.596,-78.0,627.0,846,81.301,-49.0,741.0,1024,57.458,-76.0,670.0
2644,1254,110.452,-66.0,862.0,1000,110.507,-121.0,725.0,1101,85.235,-83.0,677.0,846,82.609,-55.0,616.0,1024,55.632,-52.0,635.0
2645,1254,104.171,-59.0,907.0,1000,104.117,-67.0,933.0,1101,86.469,-73.0,542.0,846,79.7,-60.0,725.0,1024,53.843,-63.0,571.0
2646,1254,106.731,-71.0,1064.0,1000,107.95,-75.0,780.0,1101,82.252,-65.0,507.0,846,83.139,-43.0,599.0,1024,50.713,-67.0,529.0
2647,1254,101.432,-62.0,776.0,1000,110.873,-90.0,947.0,1101,82.459,-62.0,589.0,846,77.008,-50.0,658.0,1024,52.515,-75.0,581.0
2648,1254,101.711,-70.0,741.0,1000,100.713,-72.0,944.0,1101,82.739,-59.0,655.0,846,83.644,-42.0,840.0,1024,54.855,-50.0,604.0
2649,1254,102.017,-48.0,795.0,1000,106.241,-99.0,841.0,1101,85.161,-107.0,554.0,846,79.929,-55.0,570.0,1024,49.882,-54.0,673.0
2650,1254,103.731,-64.0,895.0,1000,98.192,-59.0,927.0,1101,84.446,-84.0,677.0,846,86.657,-57.0,620.0,1024,51.7,-72.0,485.0
2651,1254,106.054,-48.0,820.0,1000,106.761,-81.0,873.0,1101,84.859,-49.0,603.0,846,82.701,-54.0,663.0,1024,56.681,-47.0,745.0
2652,1254,107.86,-73.0,1036.0,1000,104.54,-97.0,908.0,1101,85.483,-75.0,591.0,846,77.807,-83.0,693.0,1024,52.222,-61.0,762.0
2653,1254,108.001,-75.0,968.0,1000,111.242,-66.0,891.0,1101,83.646,-90.0,509.0,846,80.171,-38.0,730.0,1024,52.461,-77.0,483.0
2654,1254,103.781,-51.0,968.0,1000,105.511,-72.0,844.0,1101,83.078,-63.0,643.0,846,86.817,-59.0,680.0,1024,56.233,-72.0,676.0
2655,1254,109.652,-66.0,739.0,1000,105.618,-96.0,829.0,1101,83.796,-65.0,509.0,846,79.099,-48.0,745.0,1024,51.983,-58.0,607.0
2656,1254,104.467,-99.0,841.0,1000,105.865,-74.0,954.0,1101,86.579,-82.0,546.0,846,78.098,-80.0,646.0,1024,60.227,-60.0,762.0
2657,1254,108.769,-52.0,834.0,1000,102.462,-97.0,863.0,1101,85.325,-60.0,470.0,846,77.499,-59.0,770.0,1024,54.798,-53.0,732.0
2658,1254,106.59,-67.0,839.0,1000,104.336,-73.0,672.0,1101,82.59,-61.0,493.0,846,83.336,-69.0,794.0,1024,56.909,-53.0,604.0
2659,1254,101.987,-75.0,817.0,1000,107.845,-79.0,758.0,1101,86.886,-88.0,696.0,846,80.554,-53.0,743.0,1024,51.885,-53.0,604.0
2660,1254,109.173,-83.0,915.0,1000,102.245,-45.0,807.0,1101,85.156,-128.0,781.0,846,80.689,-49.0,650.0,1024,59.723,-79.0,698.0
2661,1254,107.707,-76.0,858.0,1000,103.158,-97.0,761.0,1101,83.145,-61.0,796.0,846,81.312,-46.0,574.0,1024,53.411,-71.0,650.0
2662,1254,111.344,-70.0,758.0,1000,107.803,-95.0,736.0,1101,80.575,-68.0,488.0,846,78.647,-66.0,777.0,1024,58.275,-60.0,616.0
2663,1254,106.633,-70.0,798.0,1000,111.402,-67.0,1080.0,1101,80.934,-87.0,704.0,846,79.154,-61.0,701.0,1024,54.978,-51.0,700.0
2664,1254,103.428,-68.0,872.0,1000,107.665,-67.0,717.0,1101,80.09,-61.0,510.0,846,75.781,-40.0,669.0,1024,51.533,-70.0,498.0
2665,1254,108.225,-74.0,857.0,1000,105.979,-69.0,834.0,1101,84.399,-58.0,487.0,846,85.21,-61.0,772.0,1024,50.034,-53.0,764.0
2666,1254,103.421,-62.0,771.0,1000,108.114,-58.0,835.0,1101,89.586,-66.0,572.0,846,79.69,-48.0,544.0,1024,55.331,-48.0,523.0
2667,1254,106.955,-72.0,793.0,1000,105.688,-67.0,943.0,1101,78.348,-76.0,552.0,846,84.781,-105.0,652.0,1024,54.102,-81.0,674.0
2668,1254,103.873,-77.0,976.0,1000,103.395,-75.0,972.0,1101,84.964,-77.0,668.0,846,81.626,-56.0,819.0,1024,55.134,-66.0,643.0
2669,1254,108.756,-69.0,1083.0,1000,103.78,-62.0,753.0,1101,86.449,-80.0,547.0,846,81.085,-45.0,582.0,1024,54.912,-74.0,584.0
2670,1254,101.571,-55.0,938.0,1000,109.387,-120.0,811.0,1101,79.988,-83.0,624.0,846,79.68,-40.0,761.0,1024,60.354,-61.0,715.0
2671,1254,110.44,-80.0,805.0,1000,104.95,-72.0,892.0,1101,82.966,-82.0,543.0,846,78.775,-51.0,673.0,1024,57.652,-54.0,603.0
2672,1254,102.128,-73.0,886.0,1000,107.191,-78.0,819.0,1101,78.176,-73.0,593.0,846,78.554,-67.0,640.0,1024,52.809,-45.0,478.0
2673,1254,104.699,-70.0,951.0,1000,104.8,-62.0,765.0,1101,82.067,-77.0,472.0,846,85.696,-55.0,687.0,1024,60.356,-69.0,725.0
2674,1254,106.263,-54.0,661.0,1000,100.74,-68.0,854.0,1101,87.45,-89.0,548.0,846,81.357,-72.0,660.0,1024,55.574,-84.0,857.0
2675,1254,106.333,-79.0,865.0,1000,107.439,-69.0,838.0,1101,82.761,-57.0,631.0,846,83.194,-53.0,632.0,1024,51.998,-44.0,694.0
2676,1254,101.435,-76.0,844.0,1000,100.879,-124.0,739.0,1101,79.737,-75.0,654.0,846,77.843,-98.0,697.0,1024,53.878,-48.0,665.0
2677,1254,100.206,-88.0,793.0,1000,110.936,-68.0,796.0,1101,80.015,-69.0,699.0,846,77.998,-51.0,749.0,1024,53.037,-59.0,649.0
2678,1254,98.277,-64.0,710.0,1000,110.101,-99.0,745.0,1101,80.82,-50.0,760.0,846,79.013,-78.0,613.0,1024,52.604,-133.0,754.0
2679,1254,106.658,-76.0,940.0,1000,100.5,-96.0,699.0,1101,86.617,-86.0,499.0,846,82.358,-66.0,623.0,1024,60.307,-77.0,555.0
2680,1254,106.311,-92.0,941.0,1000,114.831,-50.0,864.0,1101,79.969,-55.0,498.0,846,72.863,-72.0,597.0,1024,56.572,-101.0,446.0
2681,1254,108.797,-54.0,894.0,1000,111.056,-99.0,884.0,1101,81.267,-81.0,573.0,846,82.956,-58.0,609.0,1024,54.95,-64.0,537.0
2682,1254,101.436,-75.0,1030.0,1000,109.48,-72.0,997.0,1101,85.073,-65.0,615.0,846,82.864,-70.0,816.0,1024,55.379,-65.0,526.0
2683,1254,106.858,-60.0,839.0,1000,101.895,-65.0,804.0,1101,84.254,-76.0,517.0,846,80.134,-65.0,597.0,1024,57.036,-82.0,500.0
2684,1254,101.722,-70.0,822.0,1000,108.534,-75.0,762.0,1101,79.85,-94.0,475.0,846,86.087,-55.0,752.0,1024,51.262,-58.0,494.0
2685,1254,105.185,-66.0,934.0,1000,100.626,-103.0,760.0,1101,83.548,-87.0,610.0,846,93.182,-101.0,769.0,1024,57.456,-65.0,711.0
2686,1254,106.09,-64.0,963.0,1000,104.672,-56.0,990.0,1101,82.394,-91.0,679.0,846,83.748,-63.0,670.0,1024,53.844,-100.0,458.0
2687,1254,102.88,-81.0,988.0,1000,113.26,-89.0,876.0,1101,88.561,-74.0,513.0,846,88.512,-67.0,792.0,1024,50.826,-69.0,467.0
2688,1254,108.317,-66.0,1005.0,1000,102.024,-69.0,743.0,1101,79.568,-86.0,497.0,846,79.92,-68.0,868.0,1024,52.495,-54.0,560.0
2689,1254,103.38,-95.0,998.0,1000,106.143,-64.0,850.0,1101,83.046,-71.0,544.0,846,87.877,-53.0,685.0,1024,54.312,-64.0,688.0
2690,1254,101.65,-61.0,910.0,1000,106.358,-78.0,683.0,1101,85.305,-62.0,873.0,846,75.345,-75.0,698.0,1024,54.83,-46.0,750.0
2691,1254,106.024,-56.0,915.0,1000,111.859,-67.0,863.0,1101,86.21,-81.0,536.0,846,86.774,-49.0,756.0,1024,52.294,-46.0,717.0
2692,1254,101.437,-84.0,1112.0,1000,105.865,-73.0,816.0,1101,82.79,-133.0,583.0,846,91.129,-53.0,620.0,1024,54.139,-57.0,660.0
2693,1254,100.236,-63.0,841.0,1000,105.186,-86.0,833.0,1101,84.36,-68.0,562.0,846,89.93,-57.0,814.0,1024,52.473,-86.0,600.0
2694,1254,103.378,-44.0,966.0,1000,107.249,-75.0,872.0,1101,79.639,-73.0,572.0,846,81.832,-58.0,639.0,1024,53.117,-79.0,509.0
2695,1254,109.285,-58.0,838.0,1000,104.691,-66.0,712.0,1101,82.717,-91.0,623.0,846,83.863,-46.0,663.0,1024,53.074,-64.0,610.0
2696,1254,104.209,-66.0,1036.0,1000,104.257,-72.0,741.0,1101,82.821,-74.0,586.0,846,84.798,-61.0,637.0,1024,49.974,-56.0,587.0
2697,1254,105.757,-64.0,853.0,1000,106.218,-79.0,739.0,1101,80.916,-64.0,537.0,846,85.209,-72.0,584.0,1024,52.643,-64.0,718.0
2698,1254,105.601,-71.0,759.0,1000,108.409,-105.0,926.0,1101,79.487,-59.0,546.0,846,83.357,-46.0,525.0,1024,51.071,-39.0,516.0
2699,1254,108.285,-80.0,853.0,1000,104.037,-85.0,859.0,1101,80.234,-90.0,541.0,846,84.751,-78.0,652.0,1024,56.568,-79.0,687.0
2700,1254,101.623,-76.0,797.0,1000,102.653,-57.0,785.0,1101,84.319,-70.0,545.0,846,89.775,-44.0,788.0,1024,48.556,-51.0,548.0
2701,1254,102.274,-97.0,812.0,1000,113.954,-77.0,775.0,1101,81.918,-79.0,535.0,846,79.677,-60.0,705.0,1024,53.024,-55.0,467.0
2702,1254,100.703,-58.0,815.0,1000,99.885,-88.0,919.0,1101,88.745,-105.0,555.0,846,76.242,-57.0,630.0,1024,49.946,-37.0,424.0
2703,1254,105.279,-67.0,861.0,1000,107.398,-80.0,762.0,1101,74.635,-63.0,432.0,846,78.312,-48.0,663.0,1024,49.303,-58.0,616.0
2704,1254,104.439,-60.0,843.0,1000,105.004,-54.0,796.0,1101,79.734,-76.0,476.0,846,80.878,-64.0,802.0,1024,54.114,-66.0,650.0
2705,1254,109.653,-58.0,817.0,1000,105.672,-52.0,726.0,1101,77.238,-50.0,477.0,846,79.115,-49.0,626.0,1024,54.369,-75.0,594.0
2706,1254,102.047,-79.0,927.0,1000,109.827,-89.0,743.0,1101,82.114,-57.0,551.0,846,80.87,-70.0,649.0,1024,49.745,-57.0,532.0
2707,1254,104.826,-75.0,781.0,1000,103.411,-85.0,883.0,1101,87.197,-100.0,558.0,846,81.339,-59.0,663.0,1024,48.46,-58.0,524.0
2708,1254,113.202,-82.0,955.0,1000,102.932,-63.0,745.0,1101,86.108,-62.0,483.0,846,81.98,-45.0,652.0,1024,50.989,-75.0,560.0
2709,1254,106.502,-65.0,1031.0,1000,104.307,-54.0,770.0,1101,80.992,-51.0,406.0,846,79.422,-56.0,635.0,1024,48.818,-71.0,494.0
2710,1254,98.704,-67.0,831.0,1000,101.012,-90.0,937.0,1101,88.631,-91.0,595.0,846,79.511,-62.0,539.0,1024,54.428,-53.0,620.0
2711,1254,101.443,-68.0,776.0,1000,104.859,-94.0,717.0,1101,77.62,-81.0,434.0,846,85.39,-52.0,682.0,1024,51.991,-72.0,581.0
2712,1254,105.351,-68.0,811.0,1000,111.986,-81.0,830.0,1101,82.641,-78.0,391.0,846,85.521,-45.0,621.0,1024,52.643,-74.0,575.0
2713,1254,104.366,-60.0,919.0,1000,100.393,-62.0,758.0,1101,76.955,-74.0,470.0,846,80.877,-62.0,679.0,1024,53.221,-60.0,506.0
2714,1254,104.016,-84.0,949.0,1000,109.533,-97.0,835.0,1101,77.49,-64.0,648.0,846,88.329,-66.0,610.0,1024,51.881,-69.0,493.0
2715,1254,105.211,-88.0,710.0,1000,102.772,-105.0,628.0,1101,79.553,-132.0,423.0,846,86.013,-78.0,708.0,1024,51.106,-65.0,530.0
2716,1254,105.142,-91.0,726.0,1000,110.097,-72.0,768.0,1101,77.975,-71.0,485.0,846,83.898,-60.0,822.0,1024,54.979,-54.0,556.0
2717,1254,104.652,-73.0,697.0,1000,104.696,-70.0,770.0,1101,77.966,-75.0,653.0,846,81.934,-73.0,719.0,1024,52.616,-63.0,597.0
2718,1254,103.614,-76.0,733.0,1000,108.906,-103.0,776.0,1101,78.963,-62.0,532.0,846,79.232,-66.0,671.0,1024,50.116,-86.0,443.0
2719,1254,106.931,-64.0,989.0,1000,107.173,-56.0,784.0,1101,80.529,-72.0,416.0,846,81.135,-49.0,688.0,1024,50.637,-42.0,585.0
2720,1254,104.991,-80.0,816.0,1000,107.398,-92.0,838.0,1101,82.262,-84.0,487.0,846,84.343,-52.0,497.0,1024,59.203,-63.0,547.0
2721,1254,118.037,-87.0,836.0,1000,125.937,-61.0,744.0,1101,100.531,-74.0,767.0,846,116.398,-120.0,778.0,1024,75.526,-65.0,555.0
2722,1254,122.898,-98.0,920.0,1000,126.006,-68.0,781.0,1101,108.099,-102.0,565.0,846,118.788,-77.0,780.0,1024,81.278,-74.0,635.0
2723,1254,116.497,-73.0,1010.0,1000,122.007,-82.0,835.0,1101,95.681,-87.0,523.0,846,116.963,-60.0,822.0,1024,78.957,-86.0,546.0
2724,1254,120.192,-64.0,886.0,1000,121.408,-90.0,823.0,1101,95.53,-58.0,634.0,846,110.621,-42.0,730.0,1024,78.849,-83.0,627.0
2725,1254,110.983,-63.0,855.0,1000,124.664,-100.0,842.0,1101,89.507,-77.0,569.0,846,105.152,-74.0,633.0,1024,73.147,-52.0,598.0
2726,1254,114.929,-62.0,861.0,1000,112.516,-63.0,841.0,1101,94.563,-61.0,494.0,846,101.111,-51.0,797.0,1024,74.82,-63.0,647.0
2727,1254,111.499,-72.0,917.0,1000,115.05,-94.0,826.0,1101,88.143,-65.0,475.0,846,85.565,-58.0,760.0,1024,72.721,-73.0,532.0
2728,1254,112.261,-77.0,736.0,1000,111.474,-105.0,697.0,1101,82.508,-66.0,629.0,846,94.043,-60.0,669.0,1024,69.244,-65.0,674.0
2729,1254,110.655,-63.0,970.0,1000,116.951,-64.0,867.0,1101,87.229,-102.0,471.0,846,91.316,-81.0,592.0,1024,64.824,-73.0,574.0
2730,1254,111.847,-63.0,1053.0,1000,117.58,-75.0,820.0,1101,84.8,-69.0,642.0,846,88.622,-61.0,632.0,1024,64.651,-71.0,591.0
2731,1254,106.205,-66.0,882.0,1000,113.065,-81.0,790.0,1101,84.891,-68.0,637.0,846,89.434,-67.0,872.0,1024,67.005,-73.0,487.0
2732,1254,108.821,-61.0,755.0,1000,107.974,-73.0,696.0,1101,82.12,-69.0,453.0,846,80.56,-57.0,760.0,1024,63.121,-60.0,474.0
2733,1254,108.251,-55.0,856.0,1000,106.843,-78.0,759.0,1101,78.266,-80.0,546.0,846,88.566,-72.0,678.0,1024,63.841,-66.0,671.0
2734,1254,107.333,-72.0,887.0,1000,106.801,-59.0,847.0,1101,85.334,-82.0,510.0,846,82.027,-50.0,704.0,1024,64.857,-69.0,632.0
2735,1254,108.203,-48.0,980.0,1000,109.104,-122.0,839.0,1101,78.809,-75.0,486.0,846,88.866,-51.0,778.0,1024,61.599,-54.0,645.0
2736,1254,106.6,-64.0,790.0,1000,108.535,-75.0,876.0,1101,84.387,-62.0,534.0,846,81.247,-54.0,667.0,1024,58.213,-66.0,443.0
2737,1254,113.316,-74.0,914.0,1000,109.945,-102.0,837.0,1101,80.025,-74.0,564.0,846,84.41,-50.0,782.0,1024,64.387,-70.0,562.0
2738,1254,108.93,-73.0,959.0,1000,118.012,-77.0,876.0,1101,81.196,-71.0,593.0,846,83.742,-72.0,585.0,1024,59.94,-70.0,546.0
2739,1254,105.027,-66.0,961.0,1000,100.288,-85.0,755.0,1101,87.094,-58.0,545.0,846,83.498,-71.0,699.0,1024,59.411,-62.0,466.0
2740,1254,103.452,-45.0,876.0,1000,101.394,-98.0,668.0,1101,80.724,-82.0,532.0,846,87.863,-62.0,820.0,1024,56.601,-51.0,659.0
2741,1254,107.466,-69.0,833.0,1000,101.565,-77.0,817.0,1101,83.716,-112.0,536.0,846,84.229,-52.0,765.0,1024,57.1,-63.0,677.0
2742,1254,107.044,-113.0,906.0,1000,107.896,-88.0,902.0,1101,83.711,-66.0,493.0,846,83.106,-54.0,685.0,1024,58.75,-45.0,522.0
2743,1254,103.74,-67.0,852.0,1000,106.19,-77.0,806.0,1101,83.193,-78.0,521.0,846,86.944,-59.0,676.0,1024,56.348,-62.0,588.0
2744,1254,108.948,-66.0,889.0,1000,108.641,-71.0,684.0,1101,82.739,-66.0,600.0,846,75.112,-66.0,649.0,1024,53.907,-65.0,475.0
2745,1254,108.313,-66.0,811.0,1000,101.434,-60.0,748.0,1101,82.367,-68.0,503.0,846,80.176,-64.0,621.0,1024,54.155,-44.0,631.0
2746,1254,105.472,-66.0,799.0,1000,104.806,-78.0,804.0,1101,77.47,-51.0,550.0,846,87.363,-62.0,803.0,1024,55.643,-59.0,647.0
2747,1254,111.3,-52.0,968.0,1000,110.335,-67.0,873.0,1101,84.505,-68.0,527.0,846,81.587,-43.0,741.0,1024,56.245,-41.0,529.0
2748,1254,103.519,-81.0,813.0,1000,110.852,-81.0,762.0,1101,79.447,-86.0,569.0,846,78.603,-61.0,804.0,1024,58.439,-49.0,718.0
2749,1254,105.294,-101.0,791.0,1000,109.215,-104.0,739.0,1101,85.077,-77.0,595.0,846,86.91,-61.0,659.0,1024,54.203,-74.0,511.0
2750,1254,100.304,-67.0,904.0,1000,107.942,-54.0,768.0,1101,78.628,-62.0,469.0,846,87.102,-71.0,724.0,1024,53.777,-49.0,588.0
2751,1254,103.179,-77.0,892.0,1000,109.541,-71.0,801.0,1101,82.451,-80.0,612.0,846,86.054,-80.0,638.0,1024,57.728,-59.0,643.0
2752,1254,100.054,-59.0,879.0,1000,99.668,-71.0,672.0,1101,78.922,-69.0,550.0,846,78.812,-77.0,600.0,1024,51.009,-52.0,474.0
2753,1254,106.582,-102.0,820.0,1000,106.912,-106.0,764.0,1101,78.128,-72.0,685.0,846,82.593,-57.0,725.0,1024,57.926,-53.0,512.0
2754,1254,106.108,-59.0,851.0,1000,104.38,-75.0,751.0,1101,77.988,-67.0,557.0,846,85.69,-56.0,552.0,1024,58.668,-69.0,755.0
2755,1254,104.104,-68.0,860.0,1000,100.642,-71.0,830.0,1101,84.336,-85.0,467.0,846,81.943,-51.0,677.0,1024,54.493,-82.0,558.0
2756,1254,106.095,-81.0,800.0,1000,97.482,-82.0,721.0,1101,80.273,-79.0,449.0,846,86.924,-49.0,684.0,1024,51.938,-46.0,576.0
2757,1254,106.14,-96.0,954.0,1000,108.593,-64.0,965.0,1101,88.724,-74.0,584.0,846,83.03,-82.0,691.0,1024,57.478,-82.0,585.0
2758,1254,107.07,-110.0,849.0,1000,107.633,-82.0,828.0,1101,82.258,-71.0,560.0,846,82.961,-48.0,588.0,1024,52.747,-74.0,668.0
2759,1254,105.311,-86.0,968.0,1000,105.235,-83.0,702.0,1101,81.418,-66.0,464.0,846,85.793,-98.0,644.0,1024,56.311,-55.0,494.0
2760,1254,104.042,-68.0,909.0,1000,110.463,-80.0,869.0,1101,77.727,-78.0,535.0,846,81.883,-57.0,743.0,1024,55.946,-59.0,415.0
2761,1254,105.932,-78.0,868.0,1000,111.167,-95.0,820.0,1101,80.246,-73.0,520.0,846,88.524,-118.0,909.0,1024,52.187,-54.0,711.0
2762,1254,111.087,-74.0,882.0,1000,106.039,-95.0,785.0,1101,80.906,-72.0,457.0,846,83.941,-58.0,728.0,1024,53.643,-69.0,584.0
2763,1254,104.821,-78.0,894.0,1000,108.533,-87.0,757.0,1101,84.747,-81.0,609.0,846,81.754,-71.0,772.0,1024,54.234,-83.0,360.0
2764,1254,101.461,-53.0,950.0,1000,105.668,-51.0,762.0,1101,81.071,-67.0,544.0,846,82.522,-64.0,617.0,1024,54.626,-68.0,633.0
2765,1254,107.659,-102.0,861.0,1000,99.684,-117.0,905.0,1101,80.726,-51.0,486.0,846,86.576,-65.0,641.0,1024,55.92,-70.0,468.0
2766,1254,105.162,-69.0,882.0,1000,102.383,-72.0,819.0,1101,83.718,-63.0,560.0,846,82.7,-75.0,619.0,1024,58.615,-81.0,550.0
2767,1254,101.735,-76.0,979.0,1000,107.452,-64.0,750.0,1101,80.651,-49.0,717.0,846,82.703,-50.0,612.0,1024,50.875,-60.0,660.0
2768,1254,102.671,-60.0,987.0,1000,109.491,-95.0,741.0,1101,81.679,-50.0,628.0,846,86.42,-76.0,841.0,1024,51.464,-49.0,479.0
2769,1254,103.225,-73.0,868.0,1000,102.529,-70.0,886.0,1101,81.064,-64.0,572.0,846,80.355,-70.0,635.0,1024,53.797,-52.0,488.0
2770,1254,107.341,-71.0,870.0,1000,108.609,-90.0,908.0,1101,83.906,-69.0,465.0,846,80.827,-69.0,672.0,1024,53.746,-74.0,733.0
2771,1254,102.645,-81.0,872.0,1000,104.943,-58.0,731.0,1101,81.07,-82.0,733.0,846,87.02,-87.0,711.0,1024,53.115,-36.0,392.0
2772,1254,104.252,-75.0,969.0,1000,111.59,-90.0,859.0,1101,83.084,-67.0,649.0,846,76.716,-41.0,750.0,1024,53.403,-79.0,501.0
2773,1254,106.501,-75.0,892.0,1000,107.554,-61.0,798.0,1101,82.757,-58.0,629.0,846,78.343,-74.0,552.0,1024,54.024,-53.0,519.0
2774,1254,102.296,-72.0,760.0,1000,104.33,-84.0,747.0,1101,73.005,-43.0,665.0,846,83.693,-52.0,701.0,1024,52.334,-106.0,519.0
2775,1254,110.426,-50.0,831.0,1000,106.855,-56.0,803.0,1101,79.483,-47.0,676.0,846,82.215,-66.0,679.0,1024,56.526,-47.0,433.0
2776,1254,99.235,-53.0,884.0,1000,105.859,-88.0,783.0,1101,77.654,-56.0,585.0,846,87.234,-79.0,814.0,1024,55.555,-55.0,724.0
2777,1254,107.134,-69.0,773.0,1000,107.137,-89.0,790.0,1101,85.945,-49.0,683.0,846,77.345,-68.0,633.0,1024,55.514,-60.0,450.0
2778,1254,103.151,-73.0,822.0,1000,106.198,-66.0,743.0,1101,81.589,-82.0,688.0,846,85.015,-50.0,684.0,1024,52.394,-53.0,486.0
2779,1254,103.327,-52.0,894.0,1000,105.943,-122.0,855.0,1101,82.124,-71.0,753.0,846,88.136,-57.0,917.0,1024,55.764,-65.0,696.0
2780,1254,106.881,-77.0,849.0,1000,107.535,-75.0,716.0,1101,82.259,-44.0,668.0,846,86.501,-66.0,644.0,1024,54.031,-53.0,524.0
2781,1254,100.29,-71.0,856.0,1000,112.161,-162.0,816.0,1101,81.929,-70.0,651.0,846,76.28,-51.0,592.0,1024,54.465,-50.0,719.0
2782,1254,107.557,-86.0,869.0,1000,108.856,-82.0,799.0,1101,82.312,-62.0,586.0,846,79.44,-68.0,862.0,1024,55.055,-52.0,599.0
2783,1254,102.927,-86.0,707.0,1000,105.897,-59.0,754.0,1101,81.07,-55.0,639.0,846,86.796,-64.0,748.0,1024,54.343,-65.0,524.0
2784,1254,104.846,-68.0,820.0,1000,109.391,-92.0,836.0,1101,77.867,-58.0,526.0,846,75.755,-66.0,844.0,1024,54.239,-80.0,541.0
2785,1254,101.825,-85.0,921.0,1000,99.67,-61.0,836.0,1101,82.326,-56.0,502.0,846,86.325,-57.0,724.0,1024,53.136,-56.0,651.0
2786,1254,110.923,-54.0,965.0,1000,108.027,-64.0,867.0,1101,79.009,-72.0,544.0,846,84.644,-63.0,712.0,1024,50.514,-52.0,490.0
2787,1254,106.765,-99.0,808.0,1000,105.542,-95.0,908.0,1101,81.869,-63.0,533.0,846,85.775,-53.0,593.0,1024,50.117,-66.0,400.0
2788,1254,103.114,-68.0,862.0,1000,101.507,-74.0,857.0,1101,85.748,-52.0,601.0,846,80.913,-85.0,791.0,1024,53.952,-100.0,526.0
2789,1254,102.276,-58.0,884.0,1000,102.951,-88.0,838.0,1101,80.473,-98.0,628.0,846,81.177,-62.0,728.0,1024,55.062,-52.0,505.0
2790,1254,103.037,-74.0,805.0,1000,107.254,-75.0,926.0,1101,84.607,-75.0,689.0,846,86.942,-63.0,746.0,1024,53.462,-63.0,637.0
2791,1254,106.566,-91.0,792.0,1000,102.279,-86.0,793.0,1101,84.793,-58.0,594.0,846,83.548,-53.0,642.0,1024,52.964,-50.0,569.0
2792,1254,99.112,-59.0,740.0,1000,99.98,-80.0,789.0,1101,81.505,-61.0,589.0,846,81.067,-52.0,640.0,1024,57.719,-77.0,577.0
2793,1254,105.171,-83.0,851.0,1000,103.98,-69.0,797.0,1101,82.129,-61.0,598.0,846,83.779,-55.0,775.0,1024,51.223,-69.0,580.0
2794,1254,100.093,-115.0,889.0,1000,108.197,-74.0,784.0,1101,81.1,-61.0,591.0,846,79.195,-45.0,742.0,1024,53.873,-78.0,584.0
2795,1254,102.758,-68.0,859.0,1000,102.33,-114.0,758.0,1101,76.996,-81.0,629.0,846,82.37,-48.0,707.0,1024,57.421,-43.0,435.0
2796,1254,105.876,-73.0,854.0,1000,108.7,-77.0,897.0,1101,91.276,-56.0,562.0,846,86.69,-78.0,734.0,1024,59.061,-66.0,613.0
2797,1254,101.056,-73.0,898.0,1000,104.828,-103.0,692.0,1101,99.851,-105.0,537.0,846,96.662,-78.0,688.0,1024,66.132,-59.0,597.0
2798,1254,105.666,-56.0,931.0,1000,105.798,-79.0,927.0,1101,98.568,-81.0,458.0,846,112.182,-80.0,701.0,1024,73.088,-67.0,519.0
2799,1254,104.907,-104.0,767.0,1000,106.93,-61.0,873.0,1101,95.843,-61.0,565.0,846,119.378,-61.0,770.0,1024,70.174,-91.0,716.0
2800,1254,109.255,-81.0,938.0,1000,105.44,-61.0,839.0,1101,97.99,-79.0,512.0,846,133.437,-95.0,598.0,1024,69.52,-64.0,577.0
2801,1254,107.841,-56.0,827.0,1000,107.561,-96.0,810.0,1101,93.681,-62.0,617.0,846,131.855,-63.0,934.0,1024,76.85,-74.0,526.0
2802,1254,106.059,-66.0,696.0,1000,105.231,-52.0,910.0,1101,88.738,-49.0,481.0,846,140.656,-100.0,910.0,1024,70.808,-58.0,461.0
2803,1254,104.33,-57.0,927.0,1000,103.743,-83.0,724.0,1101,87.449,-60.0,499.0,846,133.467,-55.0,809.0,1024,71.219,-57.0,562.0
2804,1254,105.088,-90.0,817.0,1000,107.862,-59.0,876.0,1101,85.01,-57.0,547.0,846,135.407,-55.0,990.0,1024,73.502,-60.0,628.0
2805,1254,101.834,-73.0,891.0,1000,106.209,-65.0,893.0,1101,78.06,-59.0,648.0,846,128.053,-49.0,730.0,1024,68.9,-53.0,621.0
2806,1254,106.4,-67.0,893.0,1000,106.353,-78.0,772.0,1101,87.324,-73.0,672.0,846,126.509,-63.0,794.0,1024,67.705,-66.0,590.0
2807,1254,105.659,-102.0,835.0,1000,103.953,-69.0,832.0,1101,84.694,-49.0,567.0,846,126.845,-77.0,835.0,1024,69.728,-60.0,660.0
2808,1254,103.202,-78.0,856.0,1000,102.822,-106.0,811.0,1101,84.52,-73.0,467.0,846,109.275,-61.0,796.0,1024,70.131,-53.0,497.0
2809,1254,103.784,-83.0,893.0,1000,105.709,-70.0,809.0,1101,81.955,-49.0,683.0,846,107.501,-87.0,653.0,1024,67.159,-66.0,587.0
2810,1254,104.172,-70.0,798.0,1000,107.552,-86.0,918.0,1101,77.927,-75.0,632.0,846,109.853,-66.0,824.0,1024,68.979,-62.0,488.0
2811,1254,102.401,-63.0,877.0,1000,105.441,-66.0,893.0,1101,79.46,-59.0,747.0,846,112.864,-70.0,583.0,1024,68.063,-70.0,589.0
2812,1254,106.824,-86.0,914.0,1000,113.157,-71.0,943.0,1101,81.961,-62.0,605.0,846,98.368,-61.0,729.0,1024,65.638,-72.0,552.0
2813,1254,101.663,-62.0,809.0,1000,107.304,-67.0,837.0,1101,82.572,-69.0,562.0,846,97.054,-77.0,838.0,1024,64.067,-59.0,484.0
2814,1254,102.918,-65.0,762.0,1000,114.742,-55.0,816.0,1101,79.097,-62.0,502.0,846,95.058,-63.0,810.0,1024,58.687,-43.0,548.0
2815,1254,109.032,-87.0,866.0,1000,118.392,-143.0,992.0,1101,84.082,-74.0,513.0,846,97.72,-77.0,633.0,1024,62.734,-53.0,528.0
2816,1254,110.066,-65.0,783.0,1000,101.01,-77.0,779.0,1101,75.935,-49.0,620.0,846,101.197,-64.0,783.0,1024,61.069,-67.0,636.0
2817,1254,110.049,-86.0,996.0,1000,106.132,-88.0,740.0,1101,85.184,-67.0,611.0,846,92.18,-47.0,799.0,1024,62.994,-84.0,663.0
2818,1254,107.625,-84.0,996.0,1000,109.838,-77.0,788.0,1101,83.587,-67.0,544.0,846,93.012,-51.0,566.0,1024,65.639,-90.0,523.0
2819,1254,109.841,-63.0,816.0,1000,99.762,-93.0,857.0,1101,73.621,-45.0,418.0,846,92.08,-59.0,745.0,1024,54.479,-116.0,570.0
2820,1254,108.116,-74.0,885.0,1000,99.445,-83.0,794.0,1101,76.444,-51.0,572.0,846,92.891,-67.0,793.0,1024,63.072,-89.0,640.0
2821,1254,103.755,-105.0,764.0,1000,110.972,-102.0,750.0,1101,81.786,-59.0,604.0,846,93.065,-59.0,760.0,1024,54.4,-64.0,499.0
2822,1254,100.37,-79.0,944.0,1000,104.57,-69.0,755.0,1101,83.114,-57.0,527.0,846,93.649,-76.0,659.0,1024,56.186,-56.0,519.0
2823,1254,110.102,-73.0,892.0,1000,105.176,-108.0,871.0,1101,78.21,-68.0,612.0,846,84.881,-65.0,760.0,1024,57.838,-65.0,599.0
2824,1254,104.494,-53.0,878.0,1000,108.957,-128.0,900.0,1101,84.6,-51.0,540.0,846,88.727,-101.0,677.0,1024,58.724,-71.0,544.0
2825,1254,105.254,-67.0,754.0,1000,109.002,-83.0,833.0,1101,80.388,-86.0,525.0,846,87.265,-52.0,737.0,1024,56.424,-66.0,457.0
2826,1254,99.904,-68.0,824.0,1000,104.827,-67.0,878.0,1101,81.48,-61.0,618.0,846,89.007,-38.0,810.0,1024,57.244,-59.0,628.0
2827,1254,103.985,-62.0,880.0,1000,101.158,-65.0,669.0,1101,81.441,-52.0,450.0,846,81.571,-69.0,614.0,1024,59.792,-85.0,741.0
2828,1254,110.672,-76.0,834.0,1000,108.771,-81.0,881.0,1101,81.242,-76.0,652.0,846,81.368,-65.0,606.0,1024,60.304,-56.0,485.0
2829,1254,104.942,-79.0,767.0,1000,111.265,-93.0,865.0,1101,78.926,-63.0,562.0,846,81.505,-72.0,758.0,1024,60.989,-72.0,597.0
2830,1254,107.321,-81.0,868.0,1000,113.807,-70.0,744.0,1101,81.267,-58.0,556.0,846,86.247,-51.0,618.0,1024,56.128,-51.0,547.0
2831,1254,108.149,-105.0,930.0,1000,101.452,-68.0,863.0,1101,81.783,-61.0,590.0,846,83.652,-88.0,710.0,1024,56.155,-136.0,415.0
2832,1254,108.062,-79.0,1030.0,1000,103.001,-89.0,929.0,1101,80.33,-69.0,666.0,846,88.157,-90.0,748.0,1024,54.897,-64.0,437.0
2833,1254,102.252,-78.0,896.0,1000,108.86,-57.0,757.0,1101,80.994,-108.0,538.0,846,85.19,-83.0,636.0,1024,55.604,-53.0,621.0
2834,1254,105.878,-105.0,822.0,1000,103.804,-84.0,776.0,1101,78.955,-86.0,509.0,846,85.667,-74.0,698.0,1024,58.482,-57.0,610.0
2835,1254,102.721,-93.0,991.0,1000,110.962,-69.0,862.0,1101,81.549,-81.0,475.0,846,83.881,-61.0,853.0,1024,54.354,-58.0,525.0
2836,1254,105.802,-89.0,953.0,1000,107.516,-61.0,886.0,1101,80.473,-79.0,450.0,846,89.018,-64.0,651.0,1024,54.406,-78.0,430.0
2837,1254,105.382,-94.0,841.0,1000,107.888,-97.0,773.0,1101,79.924,-60.0,594.0,846,85.961,-91.0,552.0,1024,57.82,-85.0,428.0
2838,1254,106.427,-78.0,908.0,1000,109.818,-72.0,794.0,1101,81.33,-73.0,534.0,846,77.851,-88.0,677.0,1024,55.67,-57.0,534.0
2839,1254,106.634,-82.0,872.0,1000,106.755,-109.0,915.0,1101,80.685,-73.0,489.0,846,84.448,-64.0,677.0,1024,58.555,-87.0,458.0
2840,1254,104.953,-83.0,685.0,1000,111.963,-110.0,968.0,1101,85.541,-90.0,563.0,846,86.587,-44.0,634.0,1024,57.703,-88.0,466.0
2841,1254,117.699,-81.0,954.0,1000,108.701,-105.0,829.0,1101,87.112,-84.0,535.0,846,97.717,-81.0,738.0,1024,75.771,-56.0,580.0
2842,1254,121.642,-90.0,1018.0,1000,117.27,-97.0,696.0,1101,91.879,-82.0,468.0,846,98.561,-67.0,668.0,1024,85.458,-82.0,656.0
2843,1254,116.76,-60.0,964.0,1000,118.28,-110.0,859.0,1101,93.276,-71.0,500.0,846,98.806,-72.0,683.0,1024,83.663,-93.0,498.0
2844,1254,114.813,-71.0,917.0,1000,113.725,-74.0,837.0,1101,85.351,-84.0,483.0,846,95.564,-63.0,881.0,1024,77.495,-62.0,639.0
2845,1254,113.556,-78.0,891.0,1000,110.492,-89.0,834.0,1101,86.013,-61.0,595.0,846,90.39,-98.0,834.0,1024,78.908,-117.0,706.0
2846,1254,110.455,-130.0,949.0,1000,103.299,-82.0,916.0,1101,84.429,-78.0,509.0,846,83.131,-62.0,614.0,1024,76.562,-72.0,453.0
2847,1254,120.157,-75.0,856.0,1000,115.342,-85.0,780.0,1101,85.816,-66.0,536.0,846,89.807,-85.0,827.0,1024,74.54,-52.0,552.0
2848,1254,114.96,-100.0,1006.0,1000,105.703,-80.0,740.0,1101,77.184,-106.0,477.0,846,84.258,-80.0,705.0,1024,72.157,-71.0,591.0
2849,1254,111.616,-70.0,862.0,1000,115.198,-62.0,725.0,1101,82.74,-84.0,568.0,846,88.298,-74.0,735.0,1024,66.334,-69.0,735.0
2850,1254,110.881,-68.0,853.0,1000,108.635,-58.0,779.0,1101,85.654,-85.0,545.0,846,87.836,-80.0,705.0,1024,67.292,-77.0,638.0
2851,1254,103.945,-88.0,830.0,1000,96.546,-102.0,603.0,1101,83.203,-79.0,554.0,846,86.353,-85.0,670.0,1024,66.788,-58.0,445.0
2852,1254,103.522,-89.0,850.0,1000,108.542,-59.0,951.0,1101,83.331,-74.0,597.0,846,85.131,-102.0,641.0,1024,66.03,-61.0,451.0
2853,1254,111.227,-74.0,838.0,1000,110.769,-76.0,845.0,1101,85.289,-82.0,599.0,846,80.522,-77.0,676.0,1024,62.921,-72.0,545.0
2854,1254,108.345,-68.0,858.0,1000,114.291,-71.0,953.0,1101,79.223,-70.0,414.0,846,83.338,-76.0,597.0,1024,65.283,-61.0,436.0
2855,1254,101.643,-79.0,907.0,1000,111.95,-73.0,945.0,1101,78.95,-84.0,547.0,846,84.07,-69.0,633.0,1024,66.298,-85.0,662.0
2856,1254,101.228,-71.0,870.0,1000,105.652,-74.0,870.0,1101,79.48,-83.0,674.0,846,86.532,-73.0,801.0,1024,67.234,-75.0,627.0
2857,1254,106.729,-71.0,834.0,1000,112.385,-63.0,743.0,1101,75.494,-81.0,459.0,846,84.277,-78.0,704.0,1024,69.304,-47.0,544.0
2858,1254,106.427,-55.0,938.0,1000,107.785,-61.0,733.0,1101,81.481,-58.0,450.0,846,92.896,-89.0,543.0,1024,68.493,-55.0,534.0
2859,1254,110.666,-95.0,934.0,1000,101.241,-155.0,804.0,1101,83.876,-82.0,545.0,846,83.009,-66.0,586.0,1024,65.303,-74.0,506.0
2860,1254,104.736,-77.0,1007.0,1000,101.11,-102.0,751.0,1101,81.206,-75.0,488.0,846,83.765,-87.0,791.0,1024,65.866,-76.0,432.0
2861,1254,108.113,-78.0,811.0,1000,105.095,-53.0,793.0,1101,81.926,-74.0,553.0,846,76.879,-48.0,599.0,1024,56.459,-77.0,492.0
2862,1254,107.613,-59.0,786.0,1000,99.242,-94.0,771.0,1101,82.234,-75.0,521.0,846,86.845,-104.0,685.0,1024,61.244,-75.0,429.0
2863,1254,98.539,-52.0,899.0,1000,110.714,-101.0,815.0,1101,79.849,-76.0,398.0,846,91.039,-59.0,815.0,1024,59.1,-111.0,468.0
2864,1254,106.568,-78.0,817.0,1000,104.276,-67.0,859.0,1101,79.764,-83.0,460.0,846,82.527,-78.0,871.0,1024,59.374,-95.0,372.0
2865,1254,106.533,-81.0,785.0,1000,110.56,-102.0,741.0,1101,77.688,-58.0,602.0,846,88.194,-66.0,920.0,1024,61.642,-73.0,656.0
2866,1254,101.941,-57.0,776.0,1000,101.76,-82.0,778.0,1101,79.069,-72.0,592.0,846,87.747,-154.0,672.0,1024,65.801,-68.0,487.0
2867,1254,107.539,-71.0,805.0,1000,111.619,-75.0,927.0,1101,81.018,-61.0,450.0,846,86.859,-71.0,810.0,1024,59.453,-61.0,563.0
2868,1254,106.413,-85.0,778.0,1000,111.84,-97.0,740.0,1101,72.435,-76.0,402.0,846,87.903,-97.0,762.0,1024,61.078,-107.0,490.0
2869,1254,102.288,-59.0,794.0,1000,106.845,-88.0,848.0,1101,83.015,-68.0,472.0,846,83.592,-59.0,647.0,1024,62.45,-61.0,509.0
2870,1254,102.189,-62.0,950.0,1000,103.99,-79.0,791.0,1101,81.825,-91.0,509.0,846,84.124,-70.0,750.0,1024,65.038,-80.0,709.0
2871,1254,109.984,-77.0,987.0,1000,107.018,-83.0,757.0,1101,79.903,-74.0,568.0,846,81.418,-71.0,642.0,1024,59.393,-75.0,464.0
2872,1254,107.799,-75.0,1013.0,1000,113.018,-66.0,705.0,1101,77.786,-69.0,465.0,846,87.415,-67.0,741.0,1024,57.414,-47.0,493.0
2873,1254,105.12,-87.0,788.0,1000,103.743,-98.0,755.0,1101,76.792,-76.0,547.0,846,90.933,-71.0,793.0,1024,58.608,-51.0,615.0
2874,1254,109.104,-57.0,839.0,1000,109.873,-79.0,719.0,1101,75.493,-72.0,476.0,846,83.424,-80.0,577.0,1024,59.371,-87.0,533.0
2875,1254,105.876,-56.0,751.0,1000,108.624,-58.0,783.0,1101,83.627,-64.0,530.0,846,81.316,-91.0,549.0,1024,55.502,-45.0,547.0
2876,1254,100.431,-53.0,780.0,1000,101.695,-75.0,662.0,1101,88.25,-90.0,505.0,846,80.89,-75.0,636.0,1024,56.748,-63.0,568.0
2877,1254,107.797,-59.0,976.0,1000,109.744,-57.0,871.0,1101,74.995,-90.0,439.0,846,86.591,-54.0,694.0,1024,57.528,-59.0,466.0
2878,1254,106.379,-81.0,798.0,1000,110.848,-78.0,880.0,1101,74.314,-85.0,421.0,846,89.902,-69.0,572.0,1024,56.314,-53.0,561.0
2879,1254,102.297,-86.0,789.0,1000,106.497,-65.0,817.0,1101,81.286,-96.0,431.0,846,83.128,-52.0,686.0,1024,55.211,-66.0,452.0
2880,1254,105.441,-76.0,939.0,1000,112.894,-90.0,894.0,1101,81.766,-73.0,408.0,846,85.056,-66.0,621.0,1024,54.452,-49.0,514.0
2881,1254,106.215,-76.0,778.0,1000,106.981,-109.0,882.0,1101,78.758,-87.0,458.0,846,88.617,-79.0,583.0,1024,57.58,-59.0,430.0
2882,1254,103.568,-63.0,809.0,1000,105.128,-119.0,746.0,1101,77.219,-78.0,493.0,846,78.437,-85.0,580.0,1024,56.991,-52.0,612.0
2883,1254,107.701,-80.0,923.0,1000,104.12,-94.0,692.0,1101,76.006,-76.0,562.0,846,83.544,-75.0,728.0,1024,57.261,-52.0,503.0
2884,1254,108.442,-98.0,975.0,1000,107.141,-94.0,730.0,1101,82.107,-72.0,550.0,846,89.616,-84.0,731.0,1024,55.854,-54.0,563.0
2885,1254,110.362,-64.0,932.0,1000,111.432,-86.0,829.0,1101,80.49,-48.0,467.0,846,78.087,-67.0,693.0,1024,55.539,-86.0,471.0
2886,1254,100.982,-53.0,844.0,1000,107.091,-124.0,945.0,1101,83.912,-81.0,597.0,846,87.593,-92.0,683.0,1024,58.7,-74.0,554.0
2887,1254,104.845,-66.0,951.0,1000,103.633,-63.0,786.0,1101,77.872,-89.0,557.0,846,83.277,-61.0,849.0,1024,55.509,-109.0,513.0
2888,1254,108.561,-74.0,924.0,1000,110.938,-55.0,863.0,1101,81.796,-79.0,436.0,846,88.918,-81.0,831.0,1024,55.259,-52.0,510.0
2889,1254,111.596,-72.0,941.0,1000,108.905,-118.0,866.0,1101,85.298,-128.0,713.0,846,83.372,-95.0,572.0,1024,51.768,-58.0,504.0
2890,1254,108.159,-77.0,952.0,1000,109.01,-66.0,878.0,1101,77.346,-97.0,555.0,846,86.871,-59.0,566.0,1024,52.949,-70.0,611.0
2891,1254,105.096,-63.0,903.0,1000,106.836,-77.0,828.0,1101,80.189,-67.0,516.0,846,82.959,-84.0,805.0,1024,54.294,-59.0,614.0
2892,1254,114.683,-89.0,943.0,1000,118.96,-92.0,812.0,1101,75.157,-70.0,553.0,846,86.85,-77.0,801.0,1024,53.051,-79.0,649.0
2893,1254,114.505,-57.0,898.0,1000,103.593,-68.0,871.0,1101,75.687,-61.0,436.0,846,82.306,-71.0,634.0,1024,56.348,-52.0,494.0
2894,1254,106.837,-51.0,1014.0,1000,113.622,-73.0,792.0,1101,76.827,-66.0,449.0,846,81.043,-81.0,703.0,1024,57.937,-102.0,657.0
2895,1254,113.7,-89.0,944.0,1000,104.757,-76.0,913.0,1101,76.036,-85.0,491.0,846,78.411,-63.0,688.0,1024,53.134,-52.0,387.0
2896,1254,111.973,-82.0,850.0,1000,106.169,-68.0,903.0,1101,75.211,-83.0,599.0,846,78.845,-84.0,633.0,1024,57.648,-55.0,460.0
2897,1254,106.52,-72.0,811.0,1000,103.728,-87.0,801.0,1101,81.914,-85.0,523.0,846,83.764,-68.0,940.0,1024,57.769,-64.0,615.0
2898,1254,109.502,-82.0,812.0,1000,104.609,-93.0,808.0,1101,76.172,-89.0,487.0,846,80.345,-84.0,621.0,1024,59.982,-74.0,585.0
2899,1254,110.09,-83.0,984.0,1000,103.26,-74.0,751.0,1101,79.613,-74.0,556.0,846,83.648,-94.0,716.0,1024,56.407,-99.0,422.0
2900,1254,100.34,-61.0,968.0,1000,108.387,-58.0,685.0,1101,76.833,-60.0,519.0,846,84.5,-72.0,618.0,1024,55.638,-81.0,446.0
2901,1254,104.739,-66.0,978.0,1000,107.195,-69.0,796.0,1101,83.226,-59.0,532.0,846,84.33,-119.0,678.0,1024,56.74,-74.0,550.0
2902,1254,100.967,-60.0,769.0,1000,110.751,-63.0,781.0,1101,78.75,-90.0,460.0,846,86.69,-68.0,692.0,1024,58.141,-62.0,564.0
2903,1254,107.23,-51.0,861.0,1000,105.506,-79.0,890.0,1101,69.342,-71.0,442.0,846,83.635,-62.0,788.0,1024,59.938,-61.0,472.0
2904,1254,111.101,-79.0,1029.0,1000,108.399,-88.0,748.0,1101,75.903,-84.0,555.0,846,84.942,-65.0,565.0,1024,58.003,-48.0,518.0
2905,1254,100.596,-90.0,788.0,1000,110.274,-86.0,819.0,1101,81.632,-86.0,483.0,846,85.236,-93.0,647.0,1024,58.152,-88.0,590.0
2906,1254,101.2,-64.0,915.0,1000,106.886,-140.0,756.0,1101,81.028,-66.0,459.0,846,89.714,-102.0,637.0,1024,57.299,-80.0,502.0
2907,1254,103.746,-76.0,731.0,1000,99.273,-88.0,857.0,1101,75.086,-80.0,529.0,846,82.293,-74.0,648.0,1024,57.876,-93.0,481.0
2908,1254,108.646,-55.0,878.0,1000,108.394,-75.0,796.0,1101,76.767,-96.0,521.0,846,84.069,-94.0,619.0,1024,56.402,-52.0,453.0
2909,1254,108.276,-79.0,855.0,1000,107.432,-79.0,931.0,1101,79.809,-68.0,565.0,846,74.818,-69.0,753.0,1024,56.118,-70.0,629.0
2910,1254,108.97,-68.0,889.0,1000,107.106,-55.0,1064.0,1101,79.076,-80.0,492.0,846,84.491,-76.0,742.0,1024,56.853,-51.0,498.0
2911,1254,103.781,-60.0,845.0,1000,100.468,-108.0,714.0,1101,75.029,-83.0,442.0,846,76.781,-58.0,587.0,1024,58.556,-53.0,489.0
2912,1254,105.238,-64.0,997.0,1000,105.666,-76.0,739.0,1101,74.697,-73.0,594.0,846,92.058,-64.0,727.0,1024,54.784,-52.0,596.0
2913,1254,105.24,-87.0,858.0,1000,109.643,-69.0,839.0,1101,81.128,-79.0,447.0,846,88.572,-89.0,755.0,1024,55.64,-118.0,609.0
2914,1254,110.549,-77.0,896.0,1000,107.649,-113.0,776.0,1101,79.848,-93.0,377.0,846,89.186,-67.0,830.0,1024,51.609,-66.0,390.0
2915,1254,104.215,-74.0,752.0,1000,102.029,-71.0,767.0,1101,79.476,-80.0,451.0,846,86.246,-83.0,718.0,1024,55.552,-51.0,610.0
2916,1254,104.13,-77.0,962.0,1000,112.566,-107.0,1027.0,1101,79.965,-73.0,465.0,846,88.557,-64.0,772.0,1024,54.982,-70.0,505.0
2917,1254,109.549,-92.0,869.0,1000,109.422,-81.0,923.0,1101,81.758,-72.0,454.0,846,85.843,-75.0,647.0,1024,52.492,-54.0,522.0
2918,1254,99.026,-73.0,826.0,1000,106.647,-84.0,903.0,1101,84.423,-86.0,426.0,846,86.361,-137.0,772.0,1024,55.233,-69.0,427.0
2919,1254,106.128,-80.0,849.0,1000,100.188,-69.0,789.0,1101,79.067,-60.0,472.0,846,87.108,-63.0,733.0,1024,59.08,-54.0,417.0
2920,1254,107.247,-70.0,753.0,1000,107.386,-72.0,766.0,1101,75.349,-63.0,419.0,846,90.647,-92.0,809.0,1024,55.649,-50.0,465.0
2921,1254,101.974,-71.0,1018.0,1000,105.69,-84.0,866.0,1101,75.857,-67.0,422.0,846,90.645,-80.0,756.0,1024,53.32,-59.0,603.0
2922,1254,106.315,-57.0,965.0,1000,108.603,-51.0,900.0,1101,82.217,-76.0,506.0,846,85.219,-77.0,942.0,1024,55.771,-55.0,538.0
2923,1254,111.354,-78.0,849.0,1000,100.473,-75.0,718.0,1101,76.787,-72.0,538.0,846,78.047,-71.0,868.0,1024,54.744,-69.0,638.0
2924,1254,109.482,-97.0,938.0,1000,106.94,-89.0,818.0,1101,76.847,-90.0,571.0,846,84.629,-95.0,863.0,1024,55.897,-56.0,535.0
2925,1254,107.369,-72.0,969.0,1000,102.695,-65.0,872.0,1101,78.051,-73.0,436.0,846,80.443,-60.0,637.0,1024,55.941,-86.0,428.0
2926,1254,105.631,-86.0,1086.0,1000,104.453,-67.0,802.0,1101,81.788,-70.0,507.0,846,89.071,-73.0,667.0,1024,55.308,-61.0,573.0
2927,1254,106.012,-67.0,752.0,1000,108.67,-72.0,910.0,1101,75.258,-72.0,464.0,846,88.163,-66.0,628.0,1024,54.639,-75.0,627.0
2928,1254,104.25,-78.0,912.0,1000,103.718,-93.0,816.0,1101,75.5,-65.0,500.0,846,91.193,-81.0,919.0,1024,55.14,-68.0,502.0
2929,1254,109.179,-74.0,1029.0,1000,101.975,-114.0,815.0,1101,82.166,-89.0,422.0,846,85.291,-84.0,620.0,1024,54.621,-71.0,511.0
2930,1254,104.114,-72.0,953.0,1000,109.124,-92.0,817.0,1101,81.649,-82.0,418.0,846,81.492,-78.0,720.0,1024,58.464,-90.0,479.0
2931,1254,106.781,-67.0,943.0,1000,107.117,-118.0,826.0,1101,77.433,-68.0,554.0,846,82.807,-67.0,670.0,1024,54.253,-57.0,435.0
2932,1254,104.95,-52.0,746.0,1000,109.25,-46.0,785.0,1101,81.339,-121.0,491.0,846,85.613,-59.0,741.0,1024,55.452,-58.0,637.0
2933,1254,106.549,-62.0,868.0,1000,111.913,-73.0,829.0,1101,80.577,-88.0,522.0,846,86.927,-47.0,737.0,1024,50.889,-76.0,614.0
2934,1254,105.004,-76.0,837.0,1000,113.306,-75.0,780.0,1101,73.666,-80.0,493.0,846,83.397,-72.0,800.0,1024,54.023,-48.0,497.0
2935,1254,106.675,-70.0,874.0,1000,102.496,-59.0,962.0,1101,75.844,-79.0,389.0,846,80.593,-78.0,922.0,1024,57.479,-60.0,518.0
2936,1254,100.998,-70.0,958.0,1000,107.913,-72.0,844.0,1101,76.344,-81.0,468.0,846,78.838,-62.0,629.0,1024,57.234,-80.0,409.0
2937,1254,108.141,-91.0,989.0,1000,103.395,-91.0,853.0,1101,80.837,-73.0,537.0,846,91.171,-68.0,802.0,1024,53.755,-51.0,757.0
2938,1254,102.265,-67.0,809.0,1000,116.859,-55.0,871.0,1101,74.596,-70.0,379.0,846,83.809,-66.0,741.0,1024,56.761,-76.0,557.0
2939,1254,106.074,-75.0,971.0,1000,107.196,-61.0,782.0,1101,78.955,-111.0,453.0,846,90.239,-75.0,846.0,1024,53.519,-66.0,600.0
2940,1254,106.781,-63.0,753.0,1000,109.188,-77.0,719.0,1101,75.297,-67.0,596.0,846,90.683,-87.0,817.0,1024,57.071,-75.0,717.0
2941,1254,106.164,-102.0,835.0,1000,106.15,-56.0,884.0,1101,80.276,-81.0,425.0,846,90.012,-68.0,666.0,1024,57.251,-99.0,549.0
2942,1254,110.033,-74.0,970.0,1000,110.288,-93.0,901.0,1101,76.467,-73.0,430.0,846,88.495,-62.0,635.0,1024,57.387,-69.0,583.0
2943,1254,109.116,-76.0,903.0,1000,111.801,-56.0,917.0,1101,82.927,-66.0,399.0,846,80.293,-105.0,619.0,1024,58.495,-117.0,466.0
2944,1254,108.338,-82.0,793.0,1000,104.733,-78.0,709.0,1101,80.353,-100.0,435.0,846,87.158,-65.0,734.0,1024,59.085,-77.0,616.0
2945,1254,106.542,-72.0,905.0,1000,107.867,-64.0,768.0,1101,77.957,-66.0,538.0,846,87.219,-72.0,747.0,1024,56.921,-129.0,595.0
2946,1254,104.283,-47.0,906.0,1000,110.833,-71.0,853.0,1101,77.799,-67.0,531.0,846,83.027,-75.0,839.0,1024,58.257,-54.0,639.0
2947,1254,104.155,-73.0,874.0,1000,113.386,-74.0,920.0,1101,79.248,-78.0,458.0,846,85.098,-68.0,642.0,1024,57.59,-51.0,543.0
2948,1254,102.96,-65.0,819.0,1000,106.412,-82.0,824.0,1101,75.025,-72.0,626.0,846,92.446,-64.0,810.0,1024,57.419,-74.0,539.0
2949,1254,104.514,-65.0,786.0,1000,112.067,-106.0,816.0,1101,80.54,-82.0,414.0,846,90.975,-79.0,855.0,1024,54.874,-82.0,644.0
2950,1254,106.941,-78.0,853.0,1000,108.737,-59.0,916.0,1101,85.124,-86.0,462.0,846,89.235,-108.0,773.0,1024,55.11,-89.0,586.0
2951,1254,110.333,-58.0,869.0,1000,106.392,-92.0,811.0,1101,80.727,-83.0,553.0,846,89.586,-76.0,770.0,1024,53.329,-65.0,528.0
2952,1254,105.888,-73.0,771.0,1000,110.731,-74.0,747.0,1101,77.122,-74.0,390.0,846,89.027,-81.0,669.0,1024,53.085,-86.0,481.0
2953,1254,107.06,-81.0,843.0,1000,108.417,-80.0,808.0,1101,77.088,-70.0,425.0,846,82.426,-63.0,719.0,1024,52.032,-71.0,752.0
2954,1254,105.667,-65.0,914.0,1000,103.269,-90.0,718.0,1101,79.579,-58.0,443.0,846,82.683,-101.0,714.0,1024,54.342,-63.0,750.0
2955,1254,104.35,-71.0,941.0,1000,111.473,-74.0,719.0,1101,75.903,-64.0,443.0,846,78.558,-75.0,523.0,1024,58.264,-60.0,563.0
2956,1254,108.144,-56.0,865.0,1000,109.79,-71.0,866.0,1101,78.337,-67.0,522.0,846,87.2,-64.0,1011.0,1024,55.09,-72.0,623.0
2957,1254,103.179,-62.0,886.0,1000,105.717,-70.0,801.0,1101,76.425,-88.0,459.0,846,84.096,-85.0,591.0,1024,54.743,-79.0,609.0
2958,1254,109.293,-97.0,886.0,1000,103.444,-56.0,781.0,1101,75.279,-80.0,447.0,846,87.346,-61.0,624.0,1024,55.209,-68.0,571.0
2959,1254,108.957,-73.0,909.0,1000,110.124,-76.0,799.0,1101,79.132,-82.0,441.0,846,81.145,-68.0,587.0,1024,54.867,-74.0,466.0
2960,1254,105.027,-55.0,891.0,1000,101.267,-100.0,885.0,1101,78.697,-63.0,497.0,846,80.296,-69.0,736.0,1024,56.013,-80.0,530.0
2961,1254,108.833,-87.0,904.0,1000,114.134,-159.0,813.0,1101,83.298,-89.0,561.0,846,88.694,-80.0,581.0,1024,66.432,-59.0,477.0
2962,1254,109.728,-69.0,1039.0,1000,132.481,-106.0,936.0,1101,97.792,-80.0,459.0,846,104.483,-91.0,886.0,1024,84.584,-77.0,565.0
2963,1254,118.005,-71.0,807.0,1000,135.605,-122.0,926.0,1101,90.454,-71.0,472.0,846,101.245,-72.0,768.0,1024,88.422,-80.0,699.0
2964,1254,113.38,-87.0,884.0,1000,125.846,-64.0,862.0,1101,90.163,-78.0,473.0,846,99.405,-66.0,941.0,1024,89.084,-86.0,610.0
2965,1254,114.311,-115.0,853.0,1000,117.581,-62.0,917.0,1101,88.623,-66.0,494.0,846,109.885,-87.0,770.0,1024,80.562,-74.0,555.0
2966,1254,116.125,-88.0,942.0,1000,119.934,-88.0,933.0,1101,81.305,-55.0,476.0,846,141.909,-67.0,705.0,1024,79.7,-66.0,787.0
2967,1254,116.083,-108.0,869.0,1000,114.037,-71.0,957.0,1101,86.485,-78.0,583.0,846,141.285,-127.0,622.0,1024,80.119,-51.0,549.0
2968,1254,114.557,-113.0,916.0,1000,118.018,-86.0,758.0,1101,81.735,-74.0,445.0,846,144.558,-164.0,670.0,1024,82.55,-97.0,536.0
2969,1254,111.23,-67.0,944.0,1000,107.068,-93.0,818.0,1101,87.512,-109.0,541.0,846,141.405,-87.0,1023.0,1024,82.917,-63.0,664.0
2970,1254,107.401,-108.0,698.0,1000,112.011,-86.0,848.0,1101,83.487,-91.0,464.0,846,113.786,-79.0,684.0,1024,78.244,-67.0,543.0
2971,1254,105.838,-60.0,921.0,1000,114.025,-81.0,850.0,1101,80.704,-79.0,619.0,846,121.813,-74.0,825.0,1024,82.723,-105.0,574.0
2972,1254,113.82,-97.0,890.0,1000,117.923,-103.0,796.0,1101,85.793,-81.0,574.0,846,114.382,-107.0,679.0,1024,73.545,-61.0,544.0
2973,1254,110.473,-86.0,897.0,1000,112.135,-92.0,954.0,1101,81.146,-75.0,493.0,846,102.558,-88.0,659.0,1024,74.767,-69.0,726.0
2974,1254,111.234,-63.0,810.0,1000,113.907,-93.0,931.0,1101,81.847,-57.0,597.0,846,107.621,-55.0,704.0,1024,73.384,-73.0,497.0
2975,1254,109.849,-69.0,856.0,1000,114.582,-49.0,881.0,1101,76.835,-90.0,557.0,846,100.238,-131.0,766.0,1024,70.298,-99.0,785.0
2976,1254,109.604,-68.0,849.0,1000,112.479,-87.0,845.0,1101,79.312,-74.0,497.0,846,97.839,-45.0,982.0,1024,66.604,-78.0,613.0
2977,1254,111.111,-105.0,901.0,1000,111.734,-61.0,792.0,1101,77.725,-70.0,710.0,846,95.136,-86.0,626.0,1024,70.084,-89.0,639.0
2978,1254,110.783,-89.0,832.0,1000,106.54,-83.0,825.0,1101,76.848,-67.0,428.0,846,96.35,-94.0,837.0,1024,69.178,-59.0,601.0
2979,1254,109.465,-95.0,954.0,1000,102.233,-71.0,698.0,1101,80.582,-65.0,528.0,846,97.394,-75.0,656.0,1024,66.278,-66.0,728.0
2980,1254,105.916,-107.0,816.0,1000,107.289,-59.0,899.0,1101,77.255,-99.0,458.0,846,91.855,-58.0,623.0,1024,69.554,-65.0,871.0
2981,1254,110.258,-77.0,866.0,1000,101.798,-72.0,703.0,1101,79.541,-91.0,577.0,846,91.905,-63.0,565.0,1024,67.902,-72.0,674.0
2982,1254,109.236,-67.0,789.0,1000,104.298,-79.0,944.0,1101,80.204,-66.0,473.0,846,88.864,-56.0,653.0,1024,65.19,-88.0,423.0
2983,1254,102.298,-80.0,865.0,1000,102.658,-54.0,901.0,1101,75.946,-108.0,458.0,846,86.794,-73.0,735.0,1024,64.93,-126.0,664.0
2984,1254,108.287,-85.0,825.0,1000,110.86,-83.0,878.0,1101,79.456,-78.0,634.0,846,93.351,-75.0,742.0,1024,62.579,-61.0,477.0
2985,1254,107.289,-79.0,926.0,1000,105.915,-69.0,1020.0,1101,73.712,-63.0,481.0,846,85.434,-70.0,750.0,1024,66.655,-58.0,578.0
2986,1254,104.881,-63.0,903.0,1000,105.528,-67.0,849.0,1101,77.165,-59.0,460.0,846,93.976,-77.0,834.0,1024,60.679,-82.0,593.0
2987,1254,107.362,-74.0,834.0,1000,108.216,-85.0,883.0,1101,80.754,-62.0,442.0,846,86.944,-81.0,783.0,1024,65.223,-59.0,500.0
2988,1254,108.667,-73.0,1072.0,1000,112.927,-69.0,830.0,1101,75.543,-80.0,391.0,846,94.884,-69.0,853.0,1024,66.579,-80.0,586.0
2989,1254,101.613,-80.0,895.0,1000,108.575,-60.0,1091.0,1101,80.522,-83.0,547.0,846,90.375,-62.0,790.0,1024,57.22,-91.0,479.0
2990,1254,104.604,-85.0,890.0,1000,108.094,-68.0,980.0,1101,79.84,-79.0,391.0,846,93.615,-117.0,657.0,1024,61.408,-74.0,537.0
2991,1254,107.428,-73.0,732.0,1000,110.069,-108.0,1013.0,1101,73.967,-81.0,438.0,846,85.382,-83.0,738.0,1024,61.281,-65.0,510.0
2992,1254,107.333,-81.0,770.0,1000,114.954,-85.0,868.0,1101,76.252,-83.0,472.0,846,91.741,-64.0,940.0,1024,62.273,-105.0,719.0
2993,1254,97.807,-61.0,884.0,1000,100.781,-49.0,816.0,1101,79.665,-86.0,468.0,846,87.271,-58.0,631.0,1024,57.463,-91.0,440.0
2994,1254,104.171,-138.0,823.0,1000,106.226,-73.0,794.0,1101,78.446,-67.0,533.0,846,90.093,-67.0,671.0,1024,61.5,-55.0,551.0
2995,1254,108.577,-87.0,941.0,1000,104.445,-64.0,846.0,1101,77.043,-60.0,397.0,846,92.394,-56.0,730.0,1024,60.761,-63.0,689.0
2996,1254,108.403,-75.0,886.0,1000,110.846,-129.0,885.0,1101,79.321,-60.0,458.0,846,81.014,-79.0,658.0,1024,61.437,-84.0,538.0
2997,1254,110.859,-88.0,1002.0,1000,105.554,-60.0,780.0,1101,77.173,-95.0,455.0,846,91.928,-55.0,796.0,1024,56.329,-79.0,491.0
2998,1254,101.329,-73.0,844.0,1000,108.379,-72.0,846.0,1101,78.386,-59.0,558.0,846,90.461,-84.0,779.0,1024,53.594,-58.0,448.0
2999,1254,103.305,-67.0,1022.0,1000,107.324,-58.0,956.0,1101,78.349,-51.0,356.0,846,84.32,-94.0,645.0,1024,61.809,-71.0,503.0
3000,1254,107.041,-86.0,862.0,1000,100.579,-117.0,749.0,1101,79.102,-79.0,538.0,846,88.052,-80.0,707.0,1024,57.209,-76.0,575.0
3001,1254,106.22,-78.0,928.0,1000,113.4,-137.0,961.0,1101,74.423,-89.0,433.0,846,79.233,-63.0,556.0,1024,54.96,-77.0,572.0
3002,1254,103.498,-68.0,827.0,1000,104.667,-93.0,924.0,1101,71.724,-71.0,439.0,846,82.642,-67.0,630.0,1024,54.518,-69.0,553.0
3003,1254,105.927,-50.0,767.0,1000,101.66,-74.0,807.0,1101,69.647,-67.0,404.0,846,90.394,-78.0,669.0,1024,58.341,-53.0,477.0
3004,1254,102.195,-77.0,785.0,1000,104.243,-79.0,840.0,1101,76.2,-85.0,466.0,846,82.563,-62.0,734.0,1024,55.615,-58.0,562.0
3005,1254,102.41,-89.0,967.0,1000,105.24,-91.0,849.0,1101,80.387,-68.0,511.0,846,87.706,-84.0,653.0,1024,55.572,-55.0,478.0
3006,1254,102.1,-66.0,745.0,1000,107.665,-79.0,898.0,1101,72.124,-76.0,357.0,846,84.183,-112.0,707.0,1024,57.697,-75.0,620.0
3007,1254,106.837,-62.0,1009.0,1000,102.41,-61.0,946.0,1101,77.17,-64.0,493.0,846,88.43,-89.0,757.0,1024,56.668,-75.0,539.0
3008,1254,102.609,-59.0,840.0,1000,107.333,-63.0,928.0,1101,75.417,-102.0,465.0,846,95.448,-104.0,901.0,1024,58.979,-55.0,662.0
3009,1254,109.884,-99.0,928.0,1000,97.899,-65.0,1113.0,1101,82.468,-69.0,481.0,846,83.667,-61.0,656.0,1024,57.395,-106.0,607.0
3010,1254,108.419,-77.0,1053.0,1000,106.258,-67.0,1104.0,1101,79.198,-82.0,535.0,846,86.045,-63.0,582.0,1024,58.351,-72.0,542.0
3011,1254,107.207,-119.0,893.0,1000,107.251,-90.0,696.0,1101,75.543,-74.0,425.0,846,81.111,-54.0,633.0,1024,57.235,-56.0,557.0
3012,1254,104.533,-68.0,840.0,1000,109.645,-57.0,754.0,1101,78.726,-68.0,411.0,846,89.291,-68.0,762.0,1024,56.618,-56.0,450.0
3013,1254,107.097,-79.0,891.0,1000,117.186,-102.0,884.0,1101,85.62,-91.0,499.0,846,88.238,-104.0,712.0,1024,54.789,-63.0,513.0
3014,1254,107.858,-88.0,1001.0,1000,110.304,-88.0,736.0,1101,85.944,-78.0,525.0,846,89.226,-90.0,751.0,1024,55.654,-54.0,657.0
3015,1254,111.491,-58.0,1050.0,1000,111.7,-86.0,830.0,1101,90.259,-71.0,547.0,846,87.788,-62.0,684.0,1024,57.632,-77.0,536.0
3016,1254,106.352,-55.0,879.0,1000,108.701,-57.0,893.0,1101,88.017,-67.0,481.0,846,91.543,-85.0,678.0,1024,54.393,-47.0,624.0
3017,1254,101.96,-59.0,900.0,1000,106.256,-61.0,870.0,1101,89.916,-79.0,590.0,846,88.187,-80.0,791.0,1024,52.187,-59.0,528.0
3018,1254,104.167,-83.0,878.0,1000,107.339,-60.0,803.0,1101,79.339,-76.0,391.0,846,84.206,-85.0,797.0,1024,57.317,-45.0,500.0
3019,1254,104.155,-73.0,1012.0,1000,111.857,-72.0,836.0,1101,89.139,-91.0,379.0,846,90.063,-88.0,707.0,1024,57.068,-65.0,550.0
3020,1254,103.982,-86.0,877.0,1000,111.22,-68.0,877.0,1101,86.205,-78.0,449.0,846,82.093,-53.0,580.0,1024,58.887,-73.0,558.0
3021,1254,105.16,-92.0,843.0,1000,109.903,-83.0,923.0,1101,87.996,-70.0,456.0,846,87.343,-93.0,703.0,1024,58.574,-52.0,453.0
3022,1254,104.821,-89.0,883.0,1000,109.093,-78.0,794.0,1101,83.25,-77.0,404.0,846,84.606,-65.0,915.0,1024,58.079,-65.0,661.0
3023,1254,103.977,-73.0,796.0,1000,106.276,-91.0,787.0,1101,87.666,-54.0,492.0,846,78.975,-67.0,753.0,1024,51.386,-60.0,546.0
3024,1254,108.594,-83.0,997.0,1000,108.142,-105.0,875.0,1101,85.232,-84.0,522.0,846,83.942,-113.0,546.0,1024,54.52,-62.0,383.0
3025,1254,105.675,-51.0,936.0,1000,108.755,-48.0,825.0,1101,79.004,-69.0,525.0,846,84.273,-85.0,669.0,1024,56.63,-69.0,579.0
3026,1254,112.275,-76.0,909.0,1000,109.848,-55.0,1004.0,1101,84.637,-60.0,435.0,846,80.887,-90.0,599.0,1024,57.734,-59.0,564.0
3027,1254,110.325,-66.0,1121.0,1000,102.277,-65.0,897.0,1101,82.486,-77.0,452.0,846,83.388,-81.0,612.0,1024,55.164,-87.0,496.0
3028,1254,105.317,-100.0,962.0,1000,110.129,-69.0,836.0,1101,85.53,-68.0,494.0,846,83.268,-60.0,690.0,1024,56.388,-64.0,615.0
3029,1254,100.769,-52.0,819.0,1000,106.06,-79.0,866.0,1101,80.188,-76.0,525.0,846,90.764,-84.0,806.0,1024,59.678,-77.0,454.0
3030,1254,99.817,-113.0,972.0,1000,109.633,-74.0,938.0,1101,74.276,-69.0,523.0,846,88.366,-84.0,837.0,1024,49.996,-68.0,545.0
3031,1254,97.446,-77.0,887.0,1000,107.578,-79.0,890.0,1101,78.904,-74.0,447.0,846,83.395,-72.0,834.0,1024,54.612,-54.0,526.0
3032,1254,101.322,-74.0,803.0,1000,102.171,-97.0,786.0,1101,82.371,-74.0,451.0,846,86.699,-61.0,684.0,1024,53.566,-59.0,544.0
3033,1254,108.837,-85.0,905.0,1000,108.303,-127.0,907.0,1101,78.83,-71.0,619.0,846,86.305,-70.0,688.0,1024,51.934,-42.0,439.0
3034,1254,108.162,-71.0,1004.0,1000,107.336,-72.0,856.0,1101,77.826,-71.0,415.0,846,88.884,-82.0,752.0,1024,58.155,-51.0,778.0
3035,1254,103.84,-83.0,798.0,1000,105.54,-57.0,779.0,1101,83.698,-74.0,617.0,846,87.577,-108.0,844.0,1024,50.898,-76.0,561.0
3036,1254,105.04,-103.0,910.0,1000,102.783,-65.0,993.0,1101,81.512,-73.0,434.0,846,80.664,-78.0,808.0,1024,55.359,-59.0,579.0
3037,1254,101.222,-119.0,761.0,1000,103.447,-106.0,966.0,1101,79.567,-77.0,380.0,846,82.528,-67.0,655.0,1024,57.243,-66.0,560.0
3038,1254,114.21,-59.0,916.0,1000,104.515,-87.0,764.0,1101,83.819,-98.0,454.0,846,88.427,-58.0,804.0,1024,52.37,-94.0,653.0
3039,1254,108.709,-65.0,828.0,1000,107.252,-82.0,842.0,1101,82.18,-79.0,540.0,846,85.076,-72.0,848.0,1024,54.31,-73.0,509.0
3040,1254,106.67,-71.0,841.0,1000,104.821,-85.0,918.0,1101,77.872,-63.0,429.0,846,82.671,-75.0,844.0,1024,56.575,-71.0,674.0
3041,1254,104.166,-84.0,922.0,1000,106.376,-59.0,859.0,1101,80.847,-68.0,539.0,846,95.207,-66.0,902.0,1024,57.316,-67.0,437.0
3042,1254,106.808,-71.0,983.0,1000,109.102,-88.0,1052.0,1101,76.716,-123.0,675.0,846,89.002,-47.0,635.0,1024,53.46,-60.0,511.0
3043,1254,107.857,-96.0,949.0,1000,96.639,-75.0,992.0,1101,83.007,-84.0,475.0,846,86.014,-56.0,595.0,1024,57.856,-58.0,834.0
3044,1254,107.557,-54.0,900.0,1000,108.0,-88.0,869.0,1101,84.824,-72.0,439.0,846,90.435,-74.0,800.0,1024,57.446,-80.0,563.0
3045,1254,103.819,-60.0,869.0,1000,110.884,-53.0,884.0,1101,81.201,-65.0,524.0,846,87.357,-47.0,665.0,1024,54.744,-72.0,559.0
3046,1254,108.565,-85.0,956.0,1000,110.752,-85.0,873.0,1101,76.559,-94.0,437.0,846,85.66,-74.0,693.0,1024,58.562,-61.0,531.0
3047,1254,106.171,-62.0,892.0,1000,110.096,-68.0,926.0,1101,78.561,-90.0,446.0,846,88.8,-95.0,882.0,1024,50.239,-43.0,541.0
3048,1254,112.186,-75.0,937.0,1000,107.441,-101.0,940.0,1101,79.243,-75.0,508.0,846,83.388,-53.0,755.0,1024,56.743,-69.0,454.0
3049,1254,106.343,-73.0,956.0,1000,106.426,-79.0,854.0,1101,81.611,-81.0,505.0,846,83.472,-79.0,600.0,1024,52.904,-52.0,670.0
3050,1254,105.732,-61.0,992.0,1000,108.95,-52.0,971.0,1101,80.813,-64.0,448.0,846,91.495,-77.0,787.0,1024,53.93,-73.0,461.0
3051,1254,105.635,-85.0,897.0,1000,109.481,-65.0,805.0,1101,85.366,-65.0,506.0,846,87.652,-63.0,659.0,1024,53.752,-60.0,483.0
3052,1254,99.166,-54.0,866.0,1000,110.261,-96.0,792.0,1101,80.053,-78.0,467.0,846,89.096,-79.0,781.0,1024,53.619,-74.0,461.0
3053,1254,101.968,-76.0,945.0,1000,107.917,-99.0,908.0,1101,77.556,-57.0,551.0,846,89.504,-72.0,763.0,1024,56.871,-68.0,531.0
3054,1254,109.955,-64.0,919.0,1000,105.803,-61.0,963.0,1101,81.509,-77.0,457.0,846,86.197,-71.0,534.0,1024,60.025,-62.0,488.0
3055,1254,107.573,-53.0,820.0,1000,112.298,-92.0,943.0,1101,79.056,-60.0,476.0,846,82.739,-138.0,653.0,1024,52.771,-43.0,510.0
3056,1254,104.177,-58.0,849.0,1000,108.355,-61.0,748.0,1101,77.84,-66.0,487.0,846,92.641,-138.0,931.0,1024,53.414,-103.0,516.0
3057,1254,105.519,-67.0,1005.0,1000,105.943,-74.0,972.0,1101,79.584,-74.0,595.0,846,92.195,-75.0,648.0,1024,59.166,-72.0,532.0
3058,1254,107.22,-64.0,880.0,1000,109.99,-66.0,909.0,1101,74.688,-70.0,426.0,846,86.452,-76.0,744.0,1024,53.929,-55.0,489.0
3059,1254,103.191,-118.0,874.0,1000,110.47,-55.0,923.0,1101,80.141,-68.0,498.0,846,88.517,-103.0,868.0,1024,62.923,-53.0,435.0
3060,1254,97.541,-79.0,1008.0,1000,109.667,-94.0,816.0,1101,72.6,-59.0,373.0,846,87.577,-67.0,869.0,1024,60.632,-80.0,476.0
3061,1254,106.395,-75.0,812.0,1000,99.811,-74.0,742.0,1101,76.134,-86.0,481.0,846,84.651,-71.0,656.0,1024,55.205,-67.0,530.0
3062,1254,105.588,-79.0,841.0,1000,105.397,-61.0,770.0,1101,83.626,-86.0,456.0,846,88.362,-83.0,883.0,1024,55.774,-60.0,472.0
3063,1254,104.264,-68.0,944.0,1000,103.696,-70.0,903.0,1101,76.446,-67.0,452.0,846,80.78,-70.0,684.0,1024,57.755,-53.0,535.0
3064,1254,104.264,-73.0,845.0,1000,103.846,-66.0,782.0,1101,79.114,-63.0,538.0,846,92.296,-86.0,855.0,1024,55.452,-52.0,634.0
3065,1254,108.457,-87.0,775.0,1000,106.418,-59.0,884.0,1101,78.173,-79.0,519.0,846,91.962,-61.0,843.0,1024,56.092,-55.0,522.0
3066,1254,108.643,-83.0,889.0,1000,111.587,-65.0,908.0,1101,76.05,-74.0,619.0,846,88.986,-79.0,709.0,1024,56.413,-39.0,505.0
3067,1254,110.214,-99.0,989.0,1000,106.221,-56.0,1021.0,1101,75.796,-70.0,428.0,846,84.262,-81.0,744.0,1024,59.396,-61.0,523.0
3068,1254,100.856,-68.0,818.0,1000,104.768,-70.0,940.0,1101,81.055,-82.0,542.0,846,84.35,-87.0,810.0,1024,59.806,-69.0,566.0
3069,1254,106.066,-78.0,970.0,1000,108.838,-111.0,843.0,1101,78.934,-76.0,441.0,846,89.473,-56.0,766.0,1024,59.306,-73.0,570.0
3070,1254,109.88,-88.0,825.0,1000,109.637,-55.0,837.0,1101,77.215,-95.0,459.0,846,92.418,-71.0,814.0,1024,55.925,-71.0,523.0
3071,1254,101.274,-67.0,923.0,1000,105.641,-127.0,974.0,1101,76.351,-78.0,359.0,846,85.82,-47.0,739.0,1024,60.686,-96.0,589.0
3072,1254,106.593,-84.0,917.0,1000,104.532,-60.0,849.0,1101,75.303,-78.0,481.0,846,88.368,-71.0,621.0,1024,58.903,-69.0,491.0
3073,1254,106.85,-75.0,864.0,1000,107.401,-83.0,778.0,1101,72.366,-119.0,519.0,846,87.833,-79.0,629.0,1024,59.686,-73.0,620.0
3074,1254,111.246,-91.0,915.0,1000,101.696,-77.0,754.0,1101,79.084,-64.0,442.0,846,84.453,-73.0,750.0,1024,57.995,-83.0,487.0
3075,1254,100.905,-68.0,803.0,1000,111.021,-73.0,968.0,1101,82.414,-96.0,454.0,846,84.044,-66.0,726.0,1024,56.056,-49.0,552.0
3076,1254,97.5,-53.0,969.0,1000,107.057,-50.0,850.0,1101,77.134,-71.0,471.0,846,84.181,-53.0,908.0,1024,55.736,-67.0,650.0
3077,1254,107.308,-65.0,844.0,1000,107.456,-74.0,927.0,1101,78.075,-61.0,425.0,846,88.391,-114.0,994.0,1024,55.742,-60.0,534.0
3078,1254,99.829,-90.0,903.0,1000,110.836,-66.0,914.0,1101,71.51,-60.0,402.0,846,91.827,-109.0,791.0,1024,55.041,-65.0,622.0
3079,1254,104.286,-85.0,982.0,1000,108.814,-91.0,1025.0,1101,75.777,-83.0,461.0,846,85.283,-90.0,649.0,1024,56.816,-59.0,502.0
3080,1254,103.81,-64.0,882.0,1000,104.838,-61.0,814.0,1101,77.552,-85.0,611.0,846,89.82,-112.0,694.0,1024,56.202,-72.0,461.0
3081,1254,105.571,-84.0,926.0,1000,113.147,-71.0,900.0,1101,84.057,-70.0,564.0,846,86.121,-94.0,671.0,1024,56.099,-83.0,513.0
3082,1254,113.28,-98.0,842.0,1000,119.534,-63.0,851.0,1101,88.499,-80.0,476.0,846,96.194,-62.0,725.0,1024,73.589,-65.0,646.0
3083,1254,119.545,-95.0,931.0,1000,113.644,-86.0,839.0,1101,95.062,-92.0,610.0,846,89.443,-53.0,638.0,1024,74.642,-75.0,557.0
3084,1254,120.157,-84.0,1026.0,1000,117.556,-74.0,746.0,1101,81.767,-69.0,490.0,846,87.311,-73.0,818.0,1024,74.708,-75.0,616.0
3085,1254,120.194,-88.0,893.0,1000,118.695,-67.0,784.0,1101,90.784,-109.0,441.0,846,98.191,-67.0,712.0,1024,76.569,-75.0,559.0
3086,1254,116.261,-72.0,859.0,1000,112.472,-64.0,826.0,1101,83.297,-85.0,502.0,846,95.186,-79.0,737.0,1024,72.334,-73.0,573.0
3087,1254,111.421,-102.0,936.0,1000,112.393,-65.0,831.0,1101,81.163,-84.0,435.0,846,88.722,-79.0,591.0,1024,73.207,-73.0,744.0
3088,1254,119.117,-82.0,808.0,1000,114.51,-84.0,919.0,1101,82.74,-64.0,535.0,846,85.582,-103.0,671.0,1024,68.769,-88.0,493.0
3089,1254,114.606,-91.0,824.0,1000,111.9,-52.0,983.0,1101,80.184,-81.0,455.0,846,85.017,-46.0,727.0,1024,62.494,-84.0,579.0
3090,1254,113.156,-86.0,879.0,1000,118.041,-67.0,931.0,1101,80.943,-52.0,493.0,846,84.252,-112.0,571.0,1024,63.533,-92.0,743.0
3091,1254,114.068,-76.0,831.0,1000,105.572,-70.0,774.0,1101,83.998,-70.0,504.0,846,82.444,-81.0,753.0,1024,63.231,-60.0,592.0
3092,1254,112.084,-93.0,920.0,1000,116.701,-54.0,834.0,1101,79.568,-73.0,515.0,846,85.687,-77.0,727.0,1024,60.854,-70.0,669.0
3093,1254,110.304,-75.0,743.0,1000,106.244,-70.0,932.0,1101,83.518,-66.0,425.0,846,87.916,-81.0,726.0,1024,63.93,-64.0,518.0
3094,1254,106.07,-67.0,963.0,1000,106.107,-113.0,1041.0,1101,78.053,-70.0,500.0,846,85.965,-78.0,914.0,1024,65.176,-83.0,689.0
3095,1254,105.124,-96.0,938.0,1000,109.921,-70.0,779.0,1101,70.764,-59.0,380.0,846,87.312,-86.0,667.0,1024,63.067,-80.0,549.0
3096,1254,109.346,-86.0,1033.0,1000,108.832,-60.0,829.0,1101,79.427,-81.0,460.0,846,85.665,-47.0,620.0,1024,64.942,-75.0,633.0
3097,1254,103.211,-81.0,887.0,1000,104.298,-93.0,894.0,1101,79.965,-62.0,535.0,846,91.735,-103.0,754.0,1024,61.048,-45.0,599.0
3098,1254,108.966,-97.0,851.0,1000,106.094,-52.0,909.0,1101,74.305,-68.0,487.0,846,85.785,-72.0,650.0,1024,66.778,-82.0,648.0
3099,1254,107.915,-106.0,1017.0,1000,108.088,-65.0,789.0,1101,80.605,-95.0,618.0,846,92.91,-92.0,705.0,1024,61.504,-60.0,542.0
3100,1254,106.663,-102.0,919.0,1000,109.174,-70.0,748.0,1101,73.687,-74.0,475.0,846,83.94,-54.0,638.0,1024,59.142,-79.0,578.0
3101,1254,107.709,-109.0,931.0,1000,107.488,-89.0,965.0,1101,80.935,-104.0,488.0,846,81.013,-66.0,629.0,1024,61.134,-51.0,520.0
3102,1254,105.615,-87.0,863.0,1000,110.216,-79.0,821.0,1101,83.583,-78.0,530.0,846,87.635,-65.0,843.0,1024,59.303,-57.0,703.0
3103,1254,101.886,-80.0,873.0,1000,102.489,-67.0,827.0,1101,80.144,-108.0,466.0,846,85.456,-80.0,684.0,1024,57.761,-63.0,459.0
3104,1254,109.698,-81.0,800.0,1000,108.216,-75.0,754.0,1101,74.984,-86.0,629.0,846,87.253,-74.0,749.0,1024,58.944,-65.0,485.0
3105,1254,102.192,-51.0,856.0,1000,111.178,-52.0,1008.0,1101,72.104,-79.0,474.0,846,91.059,-78.0,856.0,1024,59.759,-85.0,695.0
3106,1254,108.093,-80.0,947.0,1000,107.096,-51.0,953.0,1101,81.838,-69.0,504.0,846,83.94,-66.0,629.0,1024,54.905,-51.0,509.0
3107,1254,105.323,-71.0,908.0,1000,108.098,-54.0,1083.0,1101,75.06,-76.0,474.0,846,84.087,-104.0,656.0,1024,55.535,-66.0,470.0
3108,1254,107.928,-71.0,942.0,1000,115.226,-112.0,853.0,1101,74.183,-70.0,425.0,846,89.333,-123.0,668.0,1024,64.405,-47.0,622.0
3109,1254,108.872,-65.0,902.0,1000,114.337,-75.0,858.0,1101,77.218,-74.0,462.0,846,82.391,-72.0,735.0,1024,58.134,-74.0,711.0
3110,1254,106.529,-68.0,780.0,1000,116.933,-67.0,865.0,1101,74.189,-58.0,487.0,846,86.384,-76.0,735.0,1024,60.727,-52.0,574.0
3111,1254,104.586,-84.0,844.0,1000,103.115,-67.0,895.0,1101,72.997,-66.0,421.0,846,90.652,-95.0,745.0,1024,57.696,-70.0,566.0
3112,1254,105.124,-59.0,859.0,1000,110.591,-106.0,840.0,1101,75.539,-67.0,501.0,846,88.897,-78.0,844.0,1024,59.251,-60.0,544.0
3113,1254,108.659,-78.0,806.0,1000,111.347,-67.0,985.0,1101,78.514,-91.0,460.0,846,87.609,-83.0,830.0,1024,55.718,-49.0,590.0
3114,1254,109.888,-88.0,815.0,1000,106.034,-74.0,908.0,1101,78.039,-58.0,757.0,846,86.617,-54.0,755.0,1024,57.906,-42.0,585.0
3115,1254,106.476,-79.0,943.0,1000,108.503,-85.0,776.0,1101,78.004,-51.0,479.0,846,91.525,-95.0,654.0,1024,58.021,-75.0,717.0
3116,1254,102.703,-79.0,925.0,1000,103.766,-80.0,960.0,1101,79.801,-73.0,514.0,846,87.28,-74.0,733.0,1024,60.909,-116.0,504.0
3117,1254,106.916,-79.0,789.0,1000,99.715,-80.0,999.0,1101,76.466,-52.0,609.0,846,84.778,-76.0,585.0,1024,59.273,-67.0,639.0
3118,1254,103.024,-83.0,999.0,1000,113.741,-78.0,916.0,1101,77.773,-67.0,525.0,846,82.352,-60.0,686.0,1024,54.619,-89.0,495.0
3119,1254,106.736,-73.0,1007.0,1000,108.195,-67.0,846.0,1101,75.19,-66.0,478.0,846,88.486,-95.0,773.0,1024,55.833,-92.0,630.0
3120,1254,105.773,-101.0,898.0,1000,110.084,-58.0,933.0,1101,75.932,-94.0,517.0,846,88.792,-62.0,781.0,1024,59.473,-97.0,498.0
3121,1254,101.904,-111.0,955.0,1000,105.19,-62.0,829.0,1101,81.091,-74.0,482.0,846,91.592,-70.0,856.0,1024,54.85,-51.0,434.0
3122,1254,103.672,-67.0,719.0,1000,109.504,-65.0,913.0,1101,76.284,-69.0,515.0,846,88.026,-80.0,945.0,1024,56.046,-79.0,616.0
3123,1254,104.423,-75.0,964.0,1000,104.489,-75.0,867.0,1101,78.395,-72.0,600.0,846,91.622,-65.0,796.0,1024,54.853,-60.0,591.0
3124,1254,107.505,-90.0,952.0,1000,101.195,-61.0,1044.0,1101,78.366,-62.0,490.0,846,84.187,-50.0,846.0,1024,57.473,-59.0,556.0
3125,1254,108.687,-139.0,841.0,1000,101.923,-39.0,803.0,1101,73.865,-56.0,470.0,846,88.115,-67.0,863.0,1024,58.658,-50.0,451.0
3126,1254,101.9,-79.0,766.0,1000,105.192,-58.0,893.0,1101,72.441,-66.0,464.0,846,84.1,-78.0,805.0,1024,55.3,-66.0,566.0
3127,1254,111.317,-62.0,1105.0,1000,103.672,-61.0,817.0,1101,78.453,-60.0,433.0,846,79.283,-80.0,721.0,1024,55.913,-75.0,480.0
3128,1254,105.136,-97.0,863.0,1000,106.495,-46.0,1109.0,1101,72.881,-65.0,418.0,846,86.219,-54.0,781.0,1024,55.888,-85.0,577.0
3129,1254,99.817,-74.0,962.0,1000,100.674,-95.0,915.0,1101,77.632,-67.0,472.0,846,84.76,-84.0,647.0,1024,57.87,-70.0,463.0
3130,1254,105.888,-79.0,748.0,1000,107.609,-77.0,818.0,1101,82.491,-83.0,578.0,846,86.126,-78.0,616.0,1024,56.673,-50.0,656.0
3131,1254,108.781,-89.0,842.0,1000,101.479,-67.0,986.0,1101,76.587,-67.0,526.0,846,88.771,-66.0,782.0,1024,57.881,-96.0,556.0
3132,1254,106.114,-72.0,921.0,1000,110.176,-64.0,911.0,1101,74.106,-76.0,552.0,846,83.631,-72.0,959.0,1024,57.203,-47.0,596.0
3133,1254,104.974,-65.0,890.0,1000,106.078,-77.0,858.0,1101,79.424,-72.0,488.0,846,86.394,-77.0,690.0,1024,61.237,-66.0,648.0
3134,1254,101.238,-64.0,823.0,1000,109.401,-106.0,853.0,1101,74.717,-73.0,544.0,846,92.973,-100.0,849.0,1024,55.595,-67.0,442.0
3135,1254,106.518,-81.0,873.0,1000,109.182,-74.0,757.0,1101,77.371,-79.0,542.0,846,85.115,-86.0,699.0,1024,52.741,-70.0,583.0
3136,1254,107.744,-63.0,924.0,1000,104.127,-112.0,1003.0,1101,79.352,-59.0,479.0,846,86.918,-71.0,936.0,1024,54.984,-57.0,523.0
3137,1254,107.774,-86.0,962.0,1000,109.574,-76.0,929.0,1101,78.605,-68.0,497.0,846,87.773,-82.0,826.0,1024,57.231,-68.0,598.0
3138,1254,103.886,-98.0,981.0,1000,106.753,-57.0,849.0,1101,78.799,-67.0,561.0,846,89.978,-89.0,929.0,1024,58.024,-70.0,660.0
3139,1254,105.262,-125.0,759.0,1000,109.364,-69.0,902.0,1101,69.456,-77.0,534.0,846,85.273,-96.0,713.0,1024,56.074,-74.0,610.0
3140,1254,103.012,-97.0,945.0,1000,111.296,-52.0,954.0,1101,73.733,-67.0,438.0,846,77.721,-76.0,845.0,1024,52.393,-62.0,503.0
3141,1254,109.215,-56.0,963.0,1000,108.679,-51.0,928.0,1101,78.337,-57.0,436.0,846,83.48,-72.0,803.0,1024,52.161,-72.0,665.0
3142,1254,101.396,-82.0,857.0,1000,103.692,-109.0,881.0,1101,79.711,-63.0,416.0,846,86.845,-81.0,620.0,1024,57.21,-58.0,541.0
3143,1254,98.859,-65.0,777.0,1000,110.056,-48.0,893.0,1101,78.804,-94.0,468.0,846,86.563,-89.0,754.0,1024,54.162,-64.0,461.0
3144,1254,106.497,-77.0,960.0,1000,103.452,-52.0,864.0,1101,77.46,-72.0,528.0,846,84.551,-64.0,639.0,1024,54.524,-109.0,614.0
3145,1254,102.704,-64.0,959.0,1000,104.895,-80.0,808.0,1101,80.082,-68.0,469.0,846,87.433,-69.0,760.0,1024,60.93,-43.0,515.0
3146,1254,109.283,-80.0,834.0,1000,110.371,-57.0,929.0,1101,80.389,-73.0,512.0,846,87.254,-77.0,628.0,1024,56.536,-79.0,494.0
3147,1254,104.939,-75.0,811.0,1000,105.599,-66.0,827.0,1101,76.486,-67.0,378.0,846,82.487,-79.0,719.0,1024,58.643,-60.0,592.0
3148,1254,105.774,-64.0,910.0,1000,106.375,-50.0,961.0,1101,76.428,-67.0,553.0,846,82.03,-64.0,749.0,1024,51.331,-74.0,618.0
3149,1254,105.907,-100.0,889.0,1000,109.672,-78.0,932.0,1101,73.326,-54.0,645.0,846,84.602,-72.0,706.0,1024,52.526,-53.0,460.0
3150,1254,111.304,-88.0,858.0,1000,106.849,-53.0,797.0,1101,72.375,-71.0,549.0,846,85.689,-62.0,773.0,1024,58.05,-46.0,551.0
3151,1254,105.045,-88.0,899.0,1000,104.933,-50.0,798.0,1101,73.248,-68.0,462.0,846,87.426,-100.0,736.0,1024,53.727,-103.0,566.0
3152,1254,99.912,-59.0,892.0,1000,108.272,-59.0,915.0,1101,75.174,-65.0,408.0,846,85.249,-55.0,556.0,1024,52.179,-53.0,504.0
3153,1254,107.266,-85.0,852.0,1000,109.479,-60.0,969.0,1101,76.085,-67.0,474.0,846,86.492,-89.0,688.0,1024,53.896,-50.0,693.0
3154,1254,107.373,-63.0,860.0,1000,108.61,-58.0,880.0,1101,79.503,-66.0,544.0,846,90.805,-79.0,778.0,1024,51.799,-55.0,482.0
3155,1254,113.329,-83.0,985.0,1000,108.065,-51.0,896.0,1101,74.329,-52.0,451.0,846,82.418,-85.0,730.0,1024,57.116,-53.0,508.0
3156,1254,104.271,-79.0,991.0,1000,112.37,-66.0,871.0,1101,74.717,-60.0,518.0,846,84.798,-62.0,788.0,1024,51.521,-68.0,439.0
3157,1254,105.575,-91.0,883.0,1000,109.783,-44.0,898.0,1101,75.776,-73.0,476.0,846,92.766,-84.0,789.0,1024,51.382,-42.0,501.0
3158,1254,96.138,-79.0,798.0,1000,109.097,-50.0,984.0,1101,73.193,-73.0,507.0,846,88.258,-64.0,783.0,1024,56.628,-78.0,514.0
3159,1254,103.216,-63.0,865.0,1000,108.58,-91.0,858.0,1101,71.239,-61.0,481.0,846,92.284,-69.0,766.0,1024,49.778,-81.0,553.0
3160,1254,111.064,-97.0,927.0,1000,106.659,-59.0,794.0,1101,75.242,-72.0,598.0,846,85.544,-83.0,633.0,1024,54.957,-58.0,762.0
3161,1254,101.907,-88.0,824.0,1000,110.868,-49.0,1017.0,1101,77.752,-100.0,572.0,846,84.823,-68.0,711.0,1024,55.396,-61.0,504.0
3162,1254,102.53,-67.0,937.0,1000,107.369,-57.0,883.0,1101,83.374,-76.0,597.0,846,88.443,-105.0,644.0,1024,57.117,-72.0,551.0
3163,1254,104.238,-64.0,927.0,1000,111.017,-69.0,937.0,1101,77.754,-66.0,468.0,846,87.415,-73.0,730.0,1024,57.956,-58.0,565.0
3164,1254,102.237,-82.0,901.0,1000,104.323,-54.0,1030.0,1101,72.289,-81.0,605.0,846,80.433,-63.0,680.0,1024,53.362,-69.0,532.0
3165,1254,105.211,-67.0,964.0,1000,102.83,-48.0,997.0,1101,74.277,-68.0,456.0,846,90.658,-85.0,762.0,1024,55.3,-72.0,797.0
3166,1254,98.616,-75.0,912.0,1000,107.77,-72.0,851.0,1101,72.886,-91.0,606.0,846,84.323,-72.0,679.0,1024,56.931,-51.0,665.0
3167,1254,100.728,-73.0,711.0,1000,112.625,-56.0,838.0,1101,73.267,-75.0,495.0,846,89.148,-89.0,809.0,1024,51.962,-55.0,533.0
3168,1254,108.081,-87.0,842.0,1000,113.812,-75.0,862.0,1101,76.455,-62.0,657.0,846,84.804,-73.0,722.0,1024,55.747,-51.0,493.0
3169,1254,110.998,-74.0,909.0,1000,101.871,-64.0,827.0,1101,77.745,-81.0,433.0,846,91.26,-106.0,803.0,1024,54.458,-41.0,542.0
3170,1254,107.337,-89.0,851.0,1000,110.397,-74.0,886.0,1101,79.496,-92.0,527.0,846,83.961,-89.0,758.0,1024,54.437,-53.0,441.0
3171,1254,108.264,-80.0,938.0,1000,103.576,-71.0,1083.0,1101,74.649,-76.0,488.0,846,82.002,-95.0,710.0,1024,56.925,-67.0,624.0
3172,1254,105.922,-94.0,832.0,1000,103.772,-52.0,895.0,1101,77.051,-91.0,500.0,846,83.689,-57.0,779.0,1024,54.003,-77.0,458.0
3173,1254,105.112,-72.0,893.0,1000,111.54,-63.0,1023.0,1101,78.61,-61.0,528.0,846,94.556,-80.0,758.0,1024,55.531,-71.0,480.0
3174,1254,101.507,-96.0,805.0,1000,105.484,-81.0,807.0,1101,75.043,-62.0,481.0,846,87.967,-94.0,804.0,1024,56.685,-78.0,445.0
3175,1254,105.023,-86.0,889.0,1000,104.494,-86.0,980.0,1101,73.553,-63.0,526.0,846,86.022,-75.0,752.0,1024,53.312,-62.0,558.0
3176,1254,110.123,-101.0,961.0,1000,113.027,-61.0,936.0,1101,73.797,-62.0,501.0,846,84.634,-51.0,865.0,1024,55.465,-72.0,475.0
3177,1254,105.077,-62.0,1001.0,1000,99.094,-59.0,903.0,1101,71.534,-75.0,449.0,846,89.788,-69.0,723.0,1024,57.61,-48.0,516.0
3178,1254,106.826,-97.0,780.0,1000,107.214,-48.0,757.0,1101,76.152,-68.0,486.0,846,89.9,-61.0,920.0,1024,53.927,-80.0,634.0
3179,1254,105.608,-101.0,816.0,1000,108.153,-82.0,1018.0,1101,73.277,-65.0,456.0,846,92.629,-87.0,928.0,1024,57.491,-58.0,463.0
3180,1254,104.433,-65.0,856.0,1000,111.785,-71.0,895.0,1101,78.609,-66.0,501.0,846,82.668,-76.0,769.0,1024,60.188,-62.0,732.0
3181,1254,103.167,-96.0,916.0,1000,113.41,-53.0,835.0,1101,74.632,-66.0,476.0,846,82.746,-69.0,751.0,1024,62.534,-90.0,803.0
3182,1254,99.549,-54.0,970.0,1000,104.942,-75.0,797.0,1101,75.16,-66.0,665.0,846,83.467,-90.0,779.0,1024,50.939,-51.0,458.0
3183,1254,107.451,-75.0,832.0,1000,105.793,-78.0,853.0,1101,77.719,-79.0,508.0,846,86.279,-64.0,903.0,1024,56.961,-63.0,664.0
3184,1254,109.614,-92.0,961.0,1000,117.72,-57.0,959.0,1101,77.737,-96.0,483.0,846,85.946,-65.0,815.0,1024,58.545,-103.0,689.0
3185,1254,106.27,-101.0,884.0,1000,121.046,-74.0,933.0,1101,76.164,-72.0,542.0,846,89.116,-103.0,692.0,1024,56.355,-80.0,447.0
3186,1254,105.21,-107.0,1074.0,1000,107.973,-58.0,810.0,1101,71.831,-86.0,599.0,846,88.466,-52.0,904.0,1024,55.364,-57.0,597.0
3187,1254,102.775,-85.0,1106.0,1000,111.846,-53.0,826.0,1101,76.947,-58.0,495.0,846,84.866,-86.0,749.0,1024,55.883,-52.0,575.0
3188,1254,108.651,-116.0,935.0,1000,107.219,-76.0,944.0,1101,76.278,-76.0,456.0,846,83.727,-83.0,881.0,1024,53.474,-64.0,554.0
3189,1254,109.99,-86.0,955.0,1000,112.981,-108.0,872.0,1101,72.689,-73.0,542.0,846,86.799,-66.0,708.0,1024,60.227,-58.0,540.0
3190,1254,98.782,-85.0,1018.0,1000,102.955,-68.0,840.0,1101,74.709,-71.0,472.0,846,91.491,-82.0,662.0,1024,53.162,-57.0,448.0
3191,1254,108.77,-116.0,993.0,1000,100.292,-75.0,903.0,1101,73.669,-68.0,533.0,846,89.072,-77.0,762.0,1024,59.468,-58.0,582.0
3192,1254,106.057,-90.0,1019.0,1000,107.414,-42.0,778.0,1101,72.97,-58.0,426.0,846,96.717,-61.0,632.0,1024,51.629,-57.0,528.0
3193,1254,105.381,-102.0,932.0,1000,110.083,-89.0,827.0,1101,69.772,-64.0,531.0,846,84.917,-59.0,701.0,1024,56.011,-52.0,511.0
3194,1254,105.18,-83.0,844.0,1000,104.359,-67.0,997.0,1101,72.782,-84.0,534.0,846,89.483,-75.0,670.0,1024,52.331,-72.0,568.0
3195,1254,108.344,-66.0,1077.0,1000,109.83,-106.0,880.0,1101,72.665,-62.0,647.0,846,90.182,-76.0,775.0,1024,56.707,-60.0,564.0
3196,1254,101.545,-82.0,714.0,1000,110.751,-48.0,1057.0,1101,70.007,-61.0,586.0,846,84.13,-79.0,855.0,1024,56.22,-64.0,639.0
3197,1254,104.892,-77.0,807.0,1000,106.253,-53.0,814.0,1101,78.473,-112.0,517.0,846,83.033,-79.0,695.0,1024,55.518,-57.0,555.0
3198,1254,106.729,-100.0,904.0,1000,109.967,-77.0,877.0,1101,80.163,-64.0,461.0,846,88.365,-69.0,827.0,1024,55.022,-54.0,463.0
3199,1254,107.526,-76.0,833.0,1000,106.987,-54.0,749.0,1101,77.179,-63.0,469.0,846,84.411,-82.0,747.0,1024,57.274,-93.0,565.0
3200,1254,102.818,-93.0,1004.0,1000,116.585,-45.0,907.0,1101,69.459,-64.0,471.0,846,84.389,-141.0,807.0,1024,57.011,-67.0,538.0
3201,1254,107.301,-94.0,1033.0,1000,115.461,-52.0,821.0,1101,76.075,-88.0,589.0,846,93.411,-59.0,906.0,1024,57.146,-71.0,451.0
3202,1254,113.108,-79.0,798.0,1000,123.368,-55.0,832.0,1101,89.895,-74.0,451.0,846,102.391,-75.0,655.0,1024,68.404,-78.0,658.0
3203,1254,120.29,-78.0,843.0,1000,116.529,-58.0,869.0,1101,86.202,-54.0,578.0,846,111.284,-46.0,806.0,1024,81.396,-81.0,556.0
3204,1254,121.328,-103.0,849.0,1000,121.458,-68.0,901.0,1101,85.439,-58.0,564.0,846,95.783,-69.0,900.0,1024,82.79,-48.0,599.0
3205,1254,115.574,-61.0,867.0,1000,120.504,-49.0,881.0,1101,84.495,-66.0,562.0,846,99.811,-77.0,815.0,1024,83.73,-104.0,621.0
3206,1254,118.643,-84.0,852.0,1000,115.739,-81.0,767.0,1101,75.745,-80.0,476.0,846,100.436,-84.0,862.0,1024,78.062,-54.0,628.0
3207,1254,116.172,-96.0,920.0,1000,110.909,-62.0,999.0,1101,79.229,-60.0,461.0,846,97.444,-76.0,788.0,1024,71.729,-100.0,506.0
3208,1254,109.038,-76.0,775.0,1000,114.327,-76.0,812.0,1101,78.817,-112.0,457.0,846,96.785,-89.0,929.0,1024,73.77,-64.0,797.0
3209,1254,117.561,-107.0,931.0,1000,115.324,-59.0,848.0,1101,83.455,-101.0,527.0,846,94.771,-84.0,847.0,1024,75.27,-84.0,636.0
3210,1254,113.145,-67.0,853.0,1000,114.083,-68.0,888.0,1101,83.887,-58.0,417.0,846,93.326,-84.0,872.0,1024,69.462,-71.0,546.0
3211,1254,103.726,-91.0,868.0,1000,112.335,-52.0,928.0,1101,80.137,-62.0,422.0,846,90.907,-112.0,793.0,1024,71.841,-108.0,490.0
3212,1254,109.843,-73.0,922.0,1000,112.664,-103.0,1019.0,1101,73.731,-79.0,527.0,846,89.087,-71.0,923.0,1024,72.096,-77.0,627.0
3213,1254,102.78,-109.0,991.0,1000,109.295,-42.0,884.0,1101,78.939,-73.0,581.0,846,89.03,-62.0,761.0,1024,69.677,-93.0,610.0
3214,1254,113.378,-83.0,917.0,1000,115.183,-43.0,832.0,1101,71.876,-84.0,449.0,846,91.908,-73.0,926.0,1024,68.479,-85.0,572.0
3215,1254,111.411,-80.0,954.0,1000,110.753,-64.0,838.0,1101,75.855,-54.0,587.0,846,94.784,-107.0,834.0,1024,65.949,-81.0,583.0
3216,1254,102.966,-66.0,845.0,1000,108.1,-76.0,851.0,1101,74.329,-68.0,438.0,846,88.121,-93.0,771.0,1024,67.338,-54.0,602.0
3217,1254,114.444,-90.0,936.0,1000,105.848,-48.0,897.0,1101,81.438,-56.0,431.0,846,88.5,-85.0,815.0,1024,68.728,-75.0,607.0
3218,1254,113.621,-86.0,811.0,1000,106.231,-66.0,833.0,1101,73.552,-59.0,483.0,846,90.969,-77.0,799.0,1024,63.685,-81.0,530.0
3219,1254,107.762,-87.0,932.0,1000,115.839,-90.0,827.0,1101,75.535,-90.0,554.0,846,91.232,-64.0,858.0,1024,60.546,-69.0,504.0
3220,1254,109.145,-60.0,800.0,1000,109.959,-67.0,857.0,1101,74.853,-55.0,550.0,846,87.545,-106.0,760.0,1024,62.032,-81.0,504.0
3221,1254,103.603,-75.0,888.0,1000,115.825,-59.0,775.0,1101,74.227,-54.0,535.0,846,87.336,-82.0,689.0,1024,64.151,-88.0,756.0
3222,1254,107.57,-65.0,948.0,1000,114.928,-51.0,912.0,1101,73.101,-71.0,520.0,846,88.286,-83.0,637.0,1024,58.537,-56.0,440.0
3223,1254,110.679,-72.0,892.0,1000,111.6,-57.0,829.0,1101,77.08,-62.0,643.0,846,86.92,-77.0,775.0,1024,57.69,-58.0,556.0
3224,1254,100.269,-61.0,920.0,1000,114.025,-54.0,826.0,1101,74.67,-63.0,593.0,846,91.478,-76.0,1046.0,1024,63.328,-62.0,555.0
3225,1254,104.99,-70.0,993.0,1000,104.69,-93.0,921.0,1101,74.18,-72.0,605.0,846,86.266,-69.0,754.0,1024,61.74,-62.0,532.0
3226,1254,99.869,-88.0,1025.0,1000,115.952,-72.0,867.0,1101,72.56,-61.0,521.0,846,88.764,-77.0,906.0,1024,61.039,-60.0,611.0
3227,1254,105.315,-122.0,854.0,1000,109.758,-48.0,799.0,1101,71.909,-75.0,542.0,846,93.131,-114.0,851.0,1024,58.939,-80.0,768.0
3228,1254,104.281,-97.0,725.0,1000,114.145,-51.0,737.0,1101,79.2,-65.0,583.0,846,83.409,-71.0,988.0,1024,57.848,-85.0,619.0
3229,1254,103.793,-75.0,882.0,1000,114.284,-63.0,818.0,1101,75.251,-50.0,542.0,846,91.397,-120.0,913.0,1024,59.426,-88.0,556.0
3230,1254,110.596,-73.0,865.0,1000,113.556,-43.0,937.0,1101,76.132,-60.0,446.0,846,82.942,-110.0,899.0,1024,60.949,-57.0,680.0
3231,1254,110.029,-72.0,901.0,1000,105.559,-46.0,1004.0,1101,74.162,-76.0,451.0,846,83.986,-101.0,908.0,1024,60.181,-57.0,513.0
3232,1254,107.741,-76.0,877.0,1000,105.661,-68.0,862.0,1101,75.163,-107.0,614.0,846,91.486,-75.0,872.0,1024,55.379,-62.0,679.0
3233,1254,108.053,-77.0,923.0,1000,100.909,-53.0,893.0,1101,71.712,-67.0,441.0,846,90.247,-70.0,871.0,1024,62.329,-63.0,676.0
3234,1254,101.974,-62.0,906.0,1000,106.587,-49.0,876.0,1101,71.49,-75.0,464.0,846,87.6,-71.0,803.0,1024,54.527,-89.0,580.0
3235,1254,102.742,-74.0,803.0,1000,114.653,-39.0,822.0,1101,76.113,-86.0,542.0,846,86.058,-84.0,924.0,1024,57.468,-66.0,588.0
3236,1254,111.089,-57.0,860.0,1000,103.243,-66.0,818.0,1101,72.556,-55.0,576.0,846,88.467,-73.0,902.0,1024,61.052,-72.0,599.0
3237,1254,106.551,-59.0,904.0,1000,114.068,-50.0,910.0,1101,74.675,-72.0,556.0,846,89.004,-94.0,813.0,1024,60.058,-64.0,689.0
3238,1254,104.522,-54.0,999.0,1000,105.31,-59.0,949.0,1101,78.829,-66.0,515.0,846,89.546,-70.0,811.0,1024,58.965,-81.0,572.0
3239,1254,105.285,-60.0,836.0,1000,107.633,-59.0,974.0,1101,71.687,-57.0,953.0,846,91.572,-62.0,847.0,1024,53.916,-83.0,584.0
3240,1254,104.597,-101.0,962.0,1000,107.741,-54.0,921.0,1101,76.49,-80.0,527.0,846,90.983,-78.0,923.0,1024,58.064,-53.0,582.0
3241,1254,102.345,-139.0,1060.0,1000,114.97,-57.0,767.0,1101,71.054,-55.0,451.0,846,89.508,-71.0,1018.0,1024,54.708,-82.0,526.0
3242,1254,109.873,-56.0,847.0,1000,112.014,-73.0,863.0,1101,77.829,-65.0,501.0,846,88.996,-81.0,1023.0,1024,61.48,-74.0,472.0
3243,1254,110.316,-63.0,959.0,1000,114.532,-73.0,868.0,1101,75.787,-57.0,429.0,846,87.967,-83.0,920.0,1024,54.841,-62.0,598.0
3244,1254,103.729,-69.0,953.0,1000,111.653,-61.0,869.0,1101,73.49,-71.0,462.0,846,86.138,-87.0,696.0,1024,55.429,-60.0,494.0
3245,1254,108.935,-84.0,959.0,1000,109.771,-69.0,746.0,1101,72.578,-67.0,434.0,846,92.443,-84.0,965.0,1024,54.906,-60.0,472.0
3246,1254,106.415,-77.0,855.0,1000,106.321,-63.0,890.0,1101,71.16,-78.0,463.0,846,86.208,-89.0,783.0,1024,56.674,-55.0,622.0
3247,1254,111.501,-80.0,979.0,1000,111.699,-71.0,890.0,1101,74.344,-60.0,557.0,846,83.162,-77.0,835.0,1024,54.751,-57.0,572.0
3248,1254,109.896,-57.0,735.0,1000,110.403,-51.0,743.0,1101,70.847,-59.0,457.0,846,88.791,-87.0,989.0,1024,58.812,-64.0,581.0
3249,1254,104.658,-62.0,1103.0,1000,116.383,-54.0,822.0,1101,71.955,-49.0,591.0,846,87.346,-82.0,1001.0,1024,55.778,-67.0,464.0
3250,1254,105.734,-79.0,869.0,1000,119.683,-77.0,795.0,1101,73.632,-92.0,524.0,846,83.48,-66.0,897.0,1024,52.641,-119.0,507.0
3251,1254,103.321,-137.0,946.0,1000,110.619,-95.0,883.0,1101,71.124,-49.0,421.0,846,88.254,-73.0,788.0,1024,56.426,-65.0,669.0
3252,1254,110.59,-78.0,966.0,1000,107.663,-57.0,768.0,1101,68.871,-67.0,551.0,846,82.176,-78.0,805.0,1024,56.26,-85.0,532.0
3253,1254,104.527,-74.0,868.0,1000,107.92,-61.0,822.0,1101,77.19,-64.0,540.0,846,87.418,-82.0,892.0,1024,55.645,-143.0,643.0
3254,1254,103.249,-95.0,805.0,1000,105.198,-66.0,844.0,1101,71.643,-56.0,421.0,846,80.469,-56.0,841.0,1024,59.973,-90.0,545.0
3255,1254,104.565,-75.0,996.0,1000,114.174,-52.0,765.0,1101,75.321,-61.0,557.0,846,82.967,-87.0,798.0,1024,55.332,-64.0,471.0
3256,1254,104.199,-106.0,870.0,1000,112.587,-64.0,870.0,1101,70.77,-75.0,459.0,846,88.687,-96.0,846.0,1024,60.811,-67.0,616.0
3257,1254,104.379,-67.0,835.0,1000,107.519,-74.0,927.0,1101,77.954,-70.0,535.0,846,85.199,-76.0,868.0,1024,60.054,-79.0,437.0
3258,1254,108.869,-79.0,1135.0,1000,106.987,-77.0,796.0,1101,75.371,-66.0,478.0,846,81.292,-65.0,820.0,1024,54.521,-75.0,683.0
3259,1254,107.955,-72.0,983.0,1000,107.129,-61.0,968.0,1101,82.712,-62.0,599.0,846,89.024,-63.0,844.0,1024,55.015,-58.0,675.0
3260,1254,105.703,-76.0,918.0,1000,107.677,-92.0,754.0,1101,77.824,-59.0,459.0,846,91.837,-112.0,938.0,1024,55.05,-86.0,594.0
3261,1254,99.244,-62.0,882.0,1000,113.054,-55.0,962.0,1101,74.905,-77.0,504.0,846,85.23,-61.0,819.0,1024,51.643,-93.0,470.0
3262,1254,106.625,-69.0,968.0,1000,111.444,-91.0,839.0,1101,71.628,-71.0,475.0,846,90.988,-75.0,914.0,1024,55.331,-58.0,540.0
3263,1254,106.844,-71.0,978.0,1000,109.636,-68.0,779.0,1101,70.548,-52.0,513.0,846,83.135,-64.0,629.0,1024,55.247,-103.0,467.0
3264,1254,104.045,-74.0,823.0,1000,109.275,-44.0,826.0,1101,74.368,-59.0,562.0,846,89.699,-78.0,992.0,1024,57.016,-79.0,541.0
3265,1254,107.41,-94.0,843.0,1000,108.563,-50.0,810.0,1101,75.248,-73.0,524.0,846,91.629,-146.0,958.0,1024,53.891,-68.0,489.0
3266,1254,107.328,-69.0,982.0,1000,108.051,-83.0,1067.0,1101,70.628,-62.0,458.0,846,87.449,-78.0,778.0,1024,63.296,-75.0,636.0
3267,1254,107.588,-51.0,911.0,1000,106.016,-60.0,997.0,1101,76.331,-51.0,464.0,846,87.196,-57.0,748.0,1024,57.393,-77.0,678.0
3268,1254,106.771,-75.0,933.0,1000,105.268,-73.0,1119.0,1101,76.07,-61.0,521.0,846,85.937,-51.0,946.0,1024,54.165,-66.0,754.0
3269,1254,98.261,-75.0,941.0,1000,109.966,-82.0,848.0,1101,75.752,-89.0,451.0,846,86.956,-96.0,787.0,1024,58.744,-61.0,698.0
3270,1254,103.666,-72.0,954.0,1000,111.256,-107.0,1060.0,1101,76.638,-60.0,619.0,846,88.252,-60.0,809.0,1024,55.816,-65.0,553.0
3271,1254,105.569,-106.0,1001.0,1000,106.326,-55.0,852.0,1101,75.104,-57.0,502.0,846,87.019,-94.0,750.0,1024,61.908,-68.0,499.0
3272,1254,105.612,-87.0,1049.0,1000,106.375,-68.0,697.0,1101,78.049,-79.0,461.0,846,86.41,-63.0,736.0,1024,56.19,-44.0,664.0
3273,1254,101.022,-75.0,886.0,1000,107.041,-48.0,957.0,1101,75.655,-60.0,565.0,846,90.813,-83.0,800.0,1024,54.901,-95.0,726.0
3274,1254,110.334,-60.0,800.0,1000,111.686,-73.0,740.0,1101,73.224,-62.0,424.0,846,83.278,-76.0,810.0,1024,54.941,-79.0,528.0
3275,1254,109.075,-81.0,942.0,1000,111.003,-68.0,813.0,1101,69.941,-90.0,450.0,846,91.669,-88.0,632.0,1024,62.309,-55.0,523.0
3276,1254,102.624,-78.0,852.0,1000,109.716,-57.0,990.0,1101,74.599,-41.0,432.0,846,87.858,-86.0,976.0,1024,56.795,-43.0,595.0
3277,1254,108.187,-68.0,892.0,1000,116.113,-54.0,870.0,1101,68.136,-63.0,409.0,846,85.92,-58.0,796.0,1024,52.998,-55.0,586.0
3278,1254,109.149,-66.0,784.0,1000,103.47,-44.0,772.0,1101,73.19,-59.0,602.0,846,83.317,-83.0,810.0,1024,54.865,-63.0,645.0
3279,1254,104.338,-74.0,987.0,1000,110.983,-70.0,843.0,1101,74.639,-64.0,484.0,846,85.07,-51.0,880.0,1024,54.702,-69.0,669.0
3280,1254,100.775,-71.0,983.0,1000,107.819,-96.0,853.0,1101,74.629,-76.0,511.0,846,80.969,-56.0,595.0,1024,56.811,-71.0,514.0
3281,1254,104.755,-67.0,1026.0,1000,111.194,-44.0,818.0,1101,73.468,-88.0,583.0,846,89.426,-80.0,976.0,1024,57.031,-56.0,635.0
3282,1254,104.297,-69.0,905.0,1000,108.306,-80.0,689.0,1101,78.709,-74.0,468.0,846,88.686,-76.0,838.0,1024,56.055,-74.0,447.0
3283,1254,105.427,-104.0,938.0,1000,105.674,-46.0,775.0,1101,76.182,-68.0,416.0,846,87.911,-77.0,649.0,1024,54.208,-60.0,838.0
3284,1254,105.944,-51.0,958.0,1000,111.253,-73.0,791.0,1101,75.485,-60.0,559.0,846,90.961,-62.0,920.0,1024,57.365,-50.0,560.0
3285,1254,110.155,-77.0,941.0,1000,105.461,-105.0,983.0,1101,74.344,-65.0,543.0,846,84.708,-77.0,691.0,1024,54.944,-94.0,631.0
3286,1254,107.998,-77.0,921.0,1000,111.128,-63.0,782.0,1101,71.764,-67.0,528.0,846,89.959,-103.0,920.0,1024,52.587,-52.0,521.0
3287,1254,106.013,-80.0,911.0,1000,101.826,-58.0,748.0,1101,79.62,-82.0,574.0,846,92.34,-65.0,935.0,1024,53.931,-92.0,559.0
3288,1254,108.57,-112.0,921.0,1000,108.471,-56.0,807.0,1101,73.191,-57.0,501.0,846,88.578,-125.0,912.0,1024,50.275,-57.0,613.0
3289,1254,99.8,-66.0,962.0,1000,110.396,-54.0,746.0,1101,74.256,-65.0,465.0,846,86.956,-62.0,631.0,1024,55.317,-60.0,716.0
3290,1254,105.964,-69.0,820.0,1000,103.122,-75.0,937.0,1101,75.917,-68.0,499.0,846,80.311,-83.0,923.0,1024,52.018,-63.0,571.0
3291,1254,103.474,-70.0,832.0,1000,109.907,-62.0,937.0,1101,71.159,-98.0,382.0,846,92.098,-71.0,745.0,1024,53.068,-83.0,492.0
3292,1254,105.412,-69.0,981.0,1000,107.403,-59.0,841.0,1101,75.382,-103.0,468.0,846,87.428,-62.0,778.0,1024,55.36,-66.0,512.0
3293,1254,106.102,-81.0,805.0,1000,111.708,-72.0,950.0,1101,71.825,-67.0,529.0,846,87.041,-87.0,777.0,1024,55.632,-80.0,639.0
3294,1254,104.929,-84.0,908.0,1000,106.049,-82.0,727.0,1101,70.129,-55.0,428.0,846,87.398,-69.0,816.0,1024,52.987,-73.0,625.0
3295,1254,104.255,-65.0,1162.0,1000,109.605,-55.0,1024.0,1101,79.071,-62.0,614.0,846,91.173,-71.0,785.0,1024,58.006,-77.0,520.0
3296,1254,104.604,-82.0,1035.0,1000,105.885,-74.0,912.0,1101,75.081,-65.0,572.0,846,84.778,-84.0,621.0,1024,54.314,-47.0,493.0
3297,1254,102.826,-74.0,948.0,1000,113.775,-87.0,869.0,1101,70.072,-46.0,402.0,846,84.855,-76.0,679.0,1024,59.856,-51.0,760.0
3298,1254,107.494,-54.0,856.0,1000,114.02,-63.0,905.0,1101,76.825,-65.0,365.0,846,89.113,-76.0,861.0,1024,57.912,-80.0,590.0
3299,1254,103.95,-75.0,957.0,1000,102.878,-58.0,695.0,1101,74.692,-74.0,495.0,846,94.105,-71.0,878.0,1024,56.983,-86.0,678.0
3300,1254,105.069,-82.0,945.0,1000,111.214,-73.0,869.0,1101,69.537,-73.0,463.0,846,85.0,-62.0,755.0,1024,55.107,-72.0,624.0
3301,1254,108.521,-64.0,916.0,1000,117.513,-56.0,979.0,1101,73.807,-65.0,475.0,846,87.613,-123.0,860.0,1024,50.411,-72.0,520.0
3302,1254,109.155,-85.0,966.0,1000,116.246,-53.0,914.0,1101,72.902,-70.0,433.0,846,86.364,-94.0,889.0,1024,51.73,-83.0,672.0
3303,1254,103.044,-93.0,1023.0,1000,109.248,-62.0,923.0,1101,76.108,-53.0,548.0,846,89.181,-88.0,871.0,1024,53.975,-67.0,653.0
3304,1254,109.462,-71.0,898.0,1000,105.946,-60.0,968.0,1101,71.649,-51.0,561.0,846,82.589,-64.0,692.0,1024,53.668,-107.0,549.0
3305,1254,103.12,-72.0,866.0,1000,114.073,-65.0,933.0,1101,70.345,-64.0,464.0,846,86.382,-67.0,847.0,1024,55.929,-68.0,608.0
3306,1254,104.634,-81.0,985.0,1000,104.832,-74.0,894.0,1101,73.067,-48.0,490.0,846,86.67,-84.0,723.0,1024,54.103,-66.0,681.0
3307,1254,99.046,-63.0,1020.0,1000,114.71,-79.0,835.0,1101,72.101,-58.0,550.0,846,88.23,-69.0,843.0,1024,56.961,-99.0,658.0
3308,1254,102.628,-55.0,945.0,1000,112.931,-52.0,968.0,1101,73.389,-67.0,431.0,846,88.489,-63.0,707.0,1024,55.107,-82.0,528.0
3309,1254,103.621,-78.0,921.0,1000,108.686,-71.0,789.0,1101,71.974,-45.0,537.0,846,87.261,-96.0,727.0,1024,52.264,-63.0,598.0
3310,1254,106.418,-68.0,943.0,1000,110.763,-48.0,804.0,1101,73.521,-75.0,464.0,846,90.866,-100.0,1013.0,1024,56.221,-60.0,566.0
3311,1254,107.64,-74.0,884.0,1000,108.51,-52.0,982.0,1101,66.433,-78.0,531.0,846,86.368,-80.0,712.0,1024,60.041,-61.0,537.0
3312,1254,103.5,-82.0,865.0,1000,113.076,-69.0,837.0,1101,71.365,-75.0,459.0,846,88.368,-81.0,804.0,1024,54.951,-79.0,576.0
3313,1254,104.3,-75.0,1134.0,1000,111.267,-100.0,1035.0,1101,71.497,-57.0,519.0,846,88.073,-55.0,798.0,1024,55.716,-80.0,524.0
3314,1254,105.028,-91.0,952.0,1000,112.097,-94.0,977.0,1101,70.741,-61.0,502.0,846,77.691,-56.0,666.0,1024,51.402,-54.0,556.0
3315,1254,111.254,-77.0,931.0,1000,113.178,-101.0,849.0,1101,76.807,-101.0,511.0,846,84.457,-86.0,691.0,1024,56.183,-76.0,498.0
3316,1254,102.621,-58.0,919.0,1000,114.25,-61.0,800.0,1101,70.828,-62.0,532.0,846,90.805,-76.0,657.0,1024,59.417,-72.0,548.0
3317,1254,103.737,-79.0,795.0,1000,111.771,-61.0,818.0,1101,74.672,-54.0,559.0,846,85.926,-74.0,846.0,1024,57.001,-83.0,690.0
3318,1254,101.406,-57.0,942.0,1000,111.163,-71.0,827.0,1101,68.927,-54.0,521.0,846,88.472,-75.0,744.0,1024,56.077,-49.0,468.0
3319,1254,106.087,-66.0,866.0,1000,108.568,-109.0,831.0,1101,74.553,-52.0,508.0,846,84.637,-113.0,740.0,1024,55.72,-56.0,541.0
3320,1254,105.675,-57.0,914.0,1000,106.522,-50.0,815.0,1101,69.872,-75.0,511.0,846,88.901,-65.0,770.0,1024,58.545,-56.0,599.0
3321,1254,109.569,-70.0,1036.0,1000,107.444,-52.0,788.0,1101,71.417,-52.0,509.0,846,88.128,-134.0,869.0,1024,55.133,-71.0,522.0
3322,1254,105.556,-77.0,951.0,1000,109.062,-63.0,839.0,1101,77.07,-63.0,458.0,846,93.687,-62.0,931.0,1024,62.476,-60.0,651.0
3323,1254,112.207,-75.0,890.0,1000,116.786,-79.0,959.0,1101,82.227,-64.0,495.0,846,97.946,-104.0,779.0,1024,70.685,-92.0,616.0
3324,1254,111.339,-70.0,769.0,1000,119.857,-61.0,1005.0,1101,83.472,-70.0,513.0,846,101.518,-63.0,866.0,1024,79.468,-108.0,641.0
3325,1254,115.923,-75.0,926.0,1000,117.107,-85.0,891.0,1101,80.034,-60.0,459.0,846,99.877,-88.0,747.0,1024,78.67,-58.0,676.0
3326,1254,113.899,-97.0,1045.0,1000,118.309,-67.0,842.0,1101,83.253,-72.0,630.0,846,92.728,-78.0,590.0,1024,72.356,-92.0,533.0
3327,1254,109.629,-92.0,871.0,1000,115.1,-69.0,1009.0,1101,77.511,-59.0,567.0,846,91.97,-70.0,674.0,1024,78.611,-94.0,545.0
3328,1254,116.142,-64.0,963.0,1000,111.789,-57.0,792.0,1101,73.732,-59.0,442.0,846,89.274,-92.0,712.0,1024,71.106,-59.0,624.0
3329,1254,109.018,-74.0,917.0,1000,112.617,-103.0,817.0,1101,76.642,-69.0,447.0,846,90.988,-90.0,710.0,1024,68.913,-69.0,594.0
3330,1254,115.339,-81.0,852.0,1000,114.23,-63.0,844.0,1101,75.777,-53.0,595.0,846,93.47,-97.0,813.0,1024,70.463,-95.0,603.0
3331,1254,110.197,-79.0,970.0,1000,114.299,-81.0,818.0,1101,72.972,-66.0,470.0,846,93.589,-76.0,730.0,1024,63.344,-86.0,530.0
3332,1254,102.485,-68.0,1053.0,1000,121.104,-119.0,995.0,1101,68.748,-59.0,453.0,846,88.339,-84.0,722.0,1024,64.549,-62.0,549.0
3333,1254,106.376,-69.0,904.0,1000,105.962,-71.0,903.0,1101,68.36,-67.0,425.0,846,81.063,-81.0,713.0,1024,64.858,-98.0,532.0
3334,1254,110.588,-78.0,907.0,1000,105.544,-48.0,834.0,1101,69.131,-77.0,407.0,846,92.018,-68.0,799.0,1024,66.441,-49.0,585.0
3335,1254,105.195,-62.0,1027.0,1000,118.242,-59.0,874.0,1101,77.589,-59.0,488.0,846,99.363,-94.0,799.0,1024,67.4,-85.0,519.0
3336,1254,106.018,-61.0,793.0,1000,111.343,-84.0,886.0,1101,74.643,-60.0,563.0,846,86.504,-65.0,744.0,1024,68.869,-74.0,551.0
3337,1254,106.279,-63.0,761.0,1000,111.373,-94.0,810.0,1101,67.517,-49.0,475.0,846,89.849,-62.0,769.0,1024,63.235,-83.0,632.0
3338,1254,105.067,-67.0,975.0,1000,107.192,-58.0,967.0,1101,72.038,-69.0,494.0,846,88.236,-87.0,882.0,1024,65.166,-76.0,599.0
3339,1254,107.626,-65.0,1067.0,1000,106.208,-62.0,792.0,1101,74.038,-75.0,537.0,846,84.307,-79.0,680.0,1024,56.495,-83.0,766.0
3340,1254,101.376,-115.0,979.0,1000,113.307,-63.0,819.0,1101,73.434,-53.0,488.0,846,94.585,-75.0,898.0,1024,59.361,-78.0,600.0
3341,1254,105.16,-60.0,943.0,1000,106.545,-50.0,747.0,1101,76.213,-74.0,493.0,846,87.137,-73.0,667.0,1024,60.885,-116.0,594.0
3342,1254,106.438,-75.0,936.0,1000,111.261,-60.0,847.0,1101,72.406,-64.0,482.0,846,91.004,-79.0,860.0,1024,55.415,-90.0,611.0
3343,1254,103.008,-70.0,969.0,1000,106.217,-89.0,980.0,1101,72.817,-76.0,474.0,846,87.7,-63.0,833.0,1024,58.996,-55.0,565.0
3344,1254,105.68,-54.0,947.0,1000,114.12,-61.0,999.0,1101,75.467,-44.0,510.0,846,84.631,-80.0,851.0,1024,60.193,-69.0,756.0
3345,1254,114.439,-90.0,981.0,1000,104.863,-90.0,859.0,1101,71.444,-72.0,488.0,846,86.966,-76.0,817.0,1024,58.365,-56.0,564.0
3346,1254,108.146,-65.0,1095.0,1000,100.442,-54.0,731.0,1101,72.306,-61.0,440.0,846,84.478,-75.0,724.0,1024,54.999,-86.0,579.0
3347,1254,102.346,-80.0,942.0,1000,107.68,-63.0,895.0,1101,73.441,-57.0,534.0,846,85.113,-102.0,692.0,1024,60.232,-81.0,592.0
3348,1254,105.124,-74.0,951.0,1000,108.523,-73.0,866.0,1101,75.434,-48.0,577.0,846,86.884,-71.0,790.0,1024,60.265,-81.0,642.0
3349,1254,106.923,-80.0,961.0,1000,110.009,-69.0,990.0,1101,70.628,-85.0,553.0,846,83.551,-62.0,640.0,1024,57.552,-54.0,555.0
3350,1254,98.754,-65.0,830.0,1000,106.721,-41.0,878.0,1101,74.448,-44.0,509.0,846,90.335,-85.0,753.0,1024,54.208,-59.0,458.0
3351,1254,102.215,-96.0,1055.0,1000,106.39,-101.0,780.0,1101,79.748,-61.0,672.0,846,90.553,-107.0,1025.0,1024,58.362,-94.0,634.0
3352,1254,104.561,-74.0,968.0,1000,107.663,-65.0,838.0,1101,71.761,-58.0,399.0,846,86.897,-74.0,711.0,1024,49.958,-76.0,551.0
3353,1254,103.258,-108.0,1013.0,1000,109.757,-87.0,847.0,1101,69.341,-72.0,471.0,846,87.582,-59.0,699.0,1024,57.245,-82.0,521.0
3354,1254,102.254,-57.0,981.0,1000,115.805,-76.0,848.0,1101,69.217,-53.0,672.0,846,90.08,-125.0,673.0,1024,56.701,-83.0,637.0
3355,1254,103.624,-77.0,1033.0,1000,107.843,-60.0,851.0,1101,69.694,-55.0,372.0,846,99.267,-109.0,724.0,1024,55.553,-70.0,589.0
3356,1254,101.264,-64.0,948.0,1000,103.166,-62.0,740.0,1101,75.53,-52.0,507.0,846,95.285,-84.0,668.0,1024,57.338,-46.0,501.0
3357,1254,104.164,-63.0,895.0,1000,104.614,-51.0,1013.0,1101,73.346,-44.0,438.0,846,84.701,-59.0,804.0,1024,53.904,-57.0,617.0
3358,1254,107.048,-86.0,873.0,1000,108.14,-64.0,819.0,1101,70.335,-59.0,439.0,846,87.519,-79.0,778.0,1024,54.283,-37.0,543.0
3359,1254,110.474,-65.0,860.0,1000,111.126,-58.0,857.0,1101,72.224,-67.0,564.0,846,88.839,-104.0,806.0,1024,54.613,-66.0,608.0
3360,1254,109.284,-66.0,959.0,1000,112.56,-91.0,921.0,1101,75.201,-58.0,631.0,846,91.266,-72.0,805.0,1024,53.971,-61.0,494.0
3361,1254,107.547,-75.0,1047.0,1000,110.628,-82.0,929.0,1101,77.166,-63.0,603.0,846,97.611,-79.0,910.0,1024,56.291,-50.0,704.0
3362,1254,106.422,-82.0,990.0,1000,107.802,-86.0,867.0,1101,69.291,-48.0,442.0,846,89.71,-84.0,709.0,1024,59.276,-69.0,590.0
3363,1254,108.04,-77.0,1036.0,1000,110.076,-64.0,937.0,1101,72.51,-54.0,425.0,846,85.079,-72.0,672.0,1024,59.272,-108.0,718.0
3364,1254,109.792,-88.0,893.0,1000,110.616,-70.0,959.0,1101,72.046,-63.0,714.0,846,87.905,-90.0,632.0,1024,52.557,-57.0,544.0
3365,1254,111.769,-75.0,874.0,1000,106.572,-49.0,899.0,1101,67.622,-56.0,419.0,846,99.544,-80.0,983.0,1024,54.834,-76.0,544.0
3366,1254,107.296,-77.0,987.0,1000,110.982,-60.0,876.0,1101,71.17,-58.0,499.0,846,87.296,-78.0,862.0,1024,59.354,-103.0,580.0
3367,1254,100.098,-67.0,797.0,1000,110.186,-49.0,927.0,1101,71.828,-39.0,489.0,846,94.831,-63.0,818.0,1024,60.445,-88.0,627.0
3368,1254,103.517,-65.0,1122.0,1000,108.307,-49.0,914.0,1101,71.762,-54.0,528.0,846,94.238,-75.0,856.0,1024,54.837,-58.0,590.0
3369,1254,105.392,-58.0,814.0,1000,113.841,-60.0,858.0,1101,73.421,-59.0,432.0,846,98.305,-86.0,771.0,1024,55.341,-72.0,597.0
3370,1254,105.241,-58.0,1023.0,1000,106.037,-59.0,899.0,1101,70.076,-63.0,563.0,846,89.888,-159.0,728.0,1024,56.873,-65.0,568.0
3371,1254,102.65,-65.0,838.0,1000,111.651,-58.0,1095.0,1101,75.003,-61.0,627.0,846,86.983,-71.0,748.0,1024,56.573,-83.0,497.0
3372,1254,102.056,-89.0,869.0,1000,111.923,-62.0,833.0,1101,72.106,-58.0,626.0,846,91.44,-119.0,888.0,1024,55.089,-65.0,535.0
3373,1254,105.442,-88.0,940.0,1000,112.636,-73.0,988.0,1101,71.502,-49.0,561.0,846,91.043,-75.0,744.0,1024,56.568,-84.0,650.0
3374,1254,106.289,-77.0,853.0,1000,109.237,-47.0,867.0,1101,74.087,-63.0,512.0,846,89.806,-67.0,692.0,1024,55.111,-66.0,515.0
3375,1254,102.434,-57.0,968.0,1000,107.503,-113.0,861.0,1101,75.883,-62.0,453.0,846,94.996,-78.0,835.0,1024,55.501,-98.0,566.0
3376,1254,103.665,-105.0,1047.0,1000,116.695,-60.0,892.0,1101,69.33,-62.0,397.0,846,88.304,-110.0,695.0,1024,55.981,-57.0,645.0
3377,1254,98.406,-78.0,873.0,1000,110.186,-73.0,848.0,1101,76.137,-57.0,493.0,846,89.474,-94.0,829.0,1024,54.038,-51.0,712.0
3378,1254,107.354,-76.0,903.0,1000,113.18,-56.0,833.0,1101,74.698,-66.0,533.0,846,83.391,-65.0,725.0,1024,59.158,-48.0,537.0
3379,1254,107.026,-72.0,1023.0,1000,110.791,-73.0,809.0,1101,68.235,-64.0,470.0,846,89.381,-86.0,808.0,1024,53.345,-68.0,660.0
3380,1254,103.4,-69.0,883.0,1000,103.654,-72.0,787.0,1101,65.248,-46.0,429.0,846,96.896,-68.0,701.0,1024,55.891,-84.0,616.0
3381,1254,107.73,-81.0,1048.0,1000,113.125,-71.0,821.0,1101,69.517,-60.0,536.0,846,91.381,-87.0,680.0,1024,58.574,-49.0,676.0
3382,1254,107.148,-76.0,1053.0,1000,113.573,-79.0,743.0,1101,78.084,-90.0,488.0,846,84.496,-103.0,820.0,1024,54.584,-72.0,516.0
3383,1254,104.596,-84.0,1073.0,1000,112.73,-67.0,848.0,1101,71.108,-63.0,461.0,846,89.95,-67.0,933.0,1024,55.347,-60.0,570.0
3384,1254,101.611,-96.0,844.0,1000,115.645,-66.0,910.0,1101,73.381,-86.0,479.0,846,87.983,-58.0,934.0,1024,56.634,-85.0,514.0
3385,1254,105.249,-86.0,980.0,1000,118.159,-86.0,1049.0,1101,74.662,-56.0,584.0,846,89.857,-84.0,698.0,1024,58.586,-106.0,598.0
3386,1254,106.052,-73.0,919.0,1000,113.307,-116.0,983.0,1101,70.081,-69.0,470.0,846,86.142,-68.0,1024.0,1024,53.888,-94.0,582.0
3387,1254,106.09,-69.0,1006.0,1000,111.849,-80.0,906.0,1101,73.281,-52.0,443.0,846,85.755,-67.0,757.0,1024,56.678,-68.0,533.0
3388,1254,106.538,-80.0,1042.0,1000,111.907,-57.0,960.0,1101,67.953,-70.0,582.0,846,86.197,-65.0,795.0,1024,55.521,-105.0,449.0
3389,1254,107.721,-61.0,933.0,1000,113.604,-53.0,829.0,1101,74.355,-57.0,443.0,846,94.956,-65.0,631.0,1024,54.217,-97.0,628.0
3390,1254,104.244,-82.0,1076.0,1000,107.476,-87.0,936.0,1101,75.034,-91.0,474.0,846,95.595,-80.0,721.0,1024,57.286,-77.0,656.0
3391,1254,101.888,-67.0,958.0,1000,108.15,-155.0,861.0,1101,71.311,-52.0,466.0,846,82.777,-79.0,626.0,1024,57.445,-60.0,494.0
3392,1254,108.084,-62.0,914.0,1000,108.754,-61.0,895.0,1101,73.866,-60.0,529.0,846,95.442,-84.0,769.0,1024,61.959,-82.0,607.0
3393,1254,106.098,-106.0,907.0,1000,108.633,-94.0,796.0,1101,66.354,-66.0,494.0,846,87.377,-63.0,795.0,1024,55.325,-52.0,589.0
3394,1254,111.816,-72.0,846.0,1000,113.303,-78.0,903.0,1101,70.182,-51.0,439.0,846,90.178,-84.0,846.0,1024,57.717,-58.0,469.0
3395,1254,104.474,-85.0,1024.0,1000,105.026,-74.0,782.0,1101,73.903,-47.0,478.0,846,95.176,-72.0,806.0,1024,52.514,-83.0,556.0
3396,1254,104.451,-74.0,1015.0,1000,106.541,-71.0,954.0,1101,70.736,-79.0,465.0,846,92.762,-81.0,769.0,1024,54.84,-64.0,518.0
3397,1254,104.041,-72.0,908.0,1000,117.232,-100.0,1067.0,1101,72.407,-60.0,489.0,846,89.152,-80.0,823.0,1024,59.583,-42.0,495.0
3398,1254,107.638,-75.0,960.0,1000,110.43,-81.0,892.0,1101,67.649,-49.0,514.0,846,93.526,-72.0,856.0,1024,54.872,-60.0,605.0
3399,1254,104.456,-75.0,910.0,1000,104.129,-62.0,846.0,1101,75.866,-51.0,552.0,846,85.461,-61.0,942.0,1024,56.427,-73.0,514.0
3400,1254,102.081,-76.0,976.0,1000,114.913,-67.0,939.0,1101,72.483,-72.0,474.0,846,92.219,-102.0,725.0,1024,58.288,-69.0,575.0
3401,1254,104.59,-66.0,1012.0,1000,111.137,-94.0,912.0,1101,67.386,-61.0,361.0,846,91.526,-70.0,866.0,1024,57.354,-61.0,682.0
3402,1254,105.609,-76.0,1006.0,1000,110.13,-45.0,847.0,1101,70.294,-45.0,498.0,846,83.998,-67.0,912.0,1024,56.78,-71.0,542.0
3403,1254,101.898,-65.0,985.0,1000,113.876,-126.0,988.0,1101,71.229,-81.0,455.0,846,87.983,-94.0,766.0,1024,57.138,-83.0,725.0
3404,1254,105.142,-53.0,987.0,1000,109.457,-70.0,877.0,1101,73.919,-43.0,443.0,846,90.076,-77.0,794.0,1024,52.636,-65.0,592.0
3405,1254,105.617,-90.0,896.0,1000,111.056,-67.0,759.0,1101,65.362,-84.0,618.0,846,95.16,-73.0,786.0,1024,54.551,-52.0,500.0
3406,1254,102.02,-85.0,920.0,1000,108.588,-59.0,801.0,1101,72.963,-51.0,562.0,846,85.67,-66.0,764.0,1024,54.763,-107.0,621.0
3407,1254,103.966,-58.0,974.0,1000,114.55,-83.0,992.0,1101,71.582,-63.0,472.0,846,97.051,-70.0,862.0,1024,58.297,-82.0,683.0
3408,1254,99.915,-80.0,991.0,1000,111.339,-65.0,1084.0,1101,70.537,-63.0,500.0,846,94.587,-86.0,794.0,1024,55.93,-69.0,524.0
3409,1254,106.998,-79.0,1022.0,1000,110.053,-74.0,885.0,1101,76.065,-57.0,567.0,846,84.715,-56.0,771.0,1024,55.627,-64.0,615.0
3410,1254,106.266,-85.0,971.0,1000,110.187,-65.0,869.0,1101,73.134,-58.0,451.0,846,84.811,-64.0,779.0,1024,58.035,-50.0,545.0
3411,1254,110.506,-62.0,935.0,1000,113.785,-80.0,853.0,1101,72.846,-53.0,479.0,846,91.444,-52.0,855.0,1024,53.527,-67.0,597.0
3412,1254,103.87,-77.0,897.0,1000,107.553,-100.0,856.0,1101,71.721,-61.0,506.0,846,94.409,-123.0,744.0,1024,53.819,-54.0,780.0
3413,1254,100.778,-59.0,1051.0,1000,112.676,-64.0,979.0,1101,67.063,-45.0,523.0,846,92.314,-90.0,754.0,1024,57.225,-63.0,589.0
3414,1254,103.117,-75.0,842.0,1000,108.877,-89.0,830.0,1101,69.239,-65.0,501.0,846,87.754,-71.0,886.0,1024,51.944,-71.0,532.0
3415,1254,108.348,-70.0,907.0,1000,115.795,-97.0,930.0,1101,70.029,-68.0,416.0,846,88.911,-83.0,850.0,1024,57.334,-85.0,644.0
3416,1254,105.959,-67.0,963.0,1000,111.786,-60.0,964.0,1101,72.48,-64.0,489.0,846,91.579,-81.0,687.0,1024,54.16,-43.0,762.0
3417,1254,98.554,-90.0,847.0,1000,111.165,-121.0,787.0,1101,69.254,-46.0,461.0,846,84.086,-93.0,715.0,1024,53.062,-47.0,573.0
3418,1254,110.232,-82.0,887.0,1000,112.684,-131.0,814.0,1101,72.213,-58.0,420.0,846,81.496,-81.0,728.0,1024,54.093,-59.0,602.0
3419,1254,97.508,-79.0,834.0,1000,107.752,-90.0,847.0,1101,74.326,-66.0,546.0,846,86.683,-89.0,950.0,1024,55.111,-65.0,628.0
3420,1254,105.196,-61.0,1019.0,1000,108.005,-71.0,919.0,1101,77.474,-98.0,613.0,846,85.155,-86.0,687.0,1024,53.812,-56.0,613.0
3421,1254,104.319,-59.0,911.0,1000,112.007,-103.0,733.0,1101,66.678,-46.0,491.0,846,89.712,-54.0,755.0,1024,57.36,-78.0,583.0
3422,1254,103.703,-67.0,969.0,1000,120.456,-101.0,888.0,1101,77.416,-50.0,527.0,846,87.868,-95.0,973.0,1024,58.001,-68.0,672.0
3423,1254,100.851,-116.0,947.0,1000,104.104,-67.0,763.0,1101,70.84,-63.0,531.0,846,90.58,-85.0,729.0,1024,55.671,-72.0,559.0
3424,1254,106.004,-77.0,989.0,1000,106.329,-68.0,786.0,1101,70.702,-47.0,528.0,846,89.161,-93.0,953.0,1024,52.342,-108.0,722.0
3425,1254,107.046,-68.0,1021.0,1000,108.694,-69.0,824.0,1101,76.147,-44.0,559.0,846,89.408,-91.0,632.0,1024,58.248,-63.0,736.0
3426,1254,102.957,-65.0,1024.0,1000,113.91,-77.0,791.0,1101,71.941,-56.0,451.0,846,89.001,-75.0,782.0,1024,48.969,-72.0,423.0
3427,1254,106.533,-65.0,980.0,1000,109.455,-71.0,681.0,1101,67.876,-52.0,530.0,846,92.409,-78.0,732.0,1024,55.817,-105.0,537.0
3428,1254,107.029,-88.0,1156.0,1000,111.971,-90.0,840.0,1101,75.369,-64.0,455.0,846,87.111,-63.0,784.0,1024,54.886,-94.0,479.0
3429,1254,106.97,-75.0,873.0,1000,113.927,-76.0,920.0,1101,69.408,-66.0,462.0,846,91.597,-59.0,975.0,1024,53.492,-72.0,575.0
3430,1254,109.988,-79.0,1002.0,1000,112.718,-69.0,850.0,1101,69.345,-67.0,564.0,846,94.414,-115.0,737.0,1024,53.979,-63.0,486.0
3431,1254,109.3,-66.0,957.0,1000,119.807,-81.0,817.0,1101,73.625,-64.0,416.0,846,90.175,-61.0,674.0,1024,57.2,-58.0,458.0
3432,1254,107.852,-58.0,903.0,1000,112.422,-76.0,765.0,1101,72.9,-53.0,577.0,846,86.778,-53.0,745.0,1024,55.443,-52.0,547.0
3433,1254,104.566,-71.0,1052.0,1000,109.085,-68.0,920.0,1101,74.258,-55.0,396.0,846,92.515,-98.0,911.0,1024,58.391,-80.0,751.0
3434,1254,104.47,-73.0,967.0,1000,109.089,-61.0,798.0,1101,75.158,-49.0,573.0,846,87.221,-55.0,794.0,1024,52.19,-71.0,620.0
3435,1254,103.904,-70.0,946.0,1000,113.103,-96.0,899.0,1101,69.038,-53.0,531.0,846,91.264,-77.0,694.0,1024,59.113,-56.0,487.0
3436,1254,109.686,-94.0,972.0,1000,113.118,-66.0,841.0,1101,72.797,-51.0,525.0,846,93.323,-63.0,943.0,1024,55.795,-62.0,530.0
3437,1254,109.837,-61.0,1036.0,1000,104.566,-111.0,846.0,1101,70.372,-55.0,446.0,846,88.387,-85.0,740.0,1024,55.389,-76.0,514.0
3438,1254,104.825,-65.0,903.0,1000,110.553,-55.0,829.0,1101,72.767,-69.0,497.0,846,91.491,-68.0,757.0,1024,54.574,-111.0,681.0
3439,1254,105.018,-55.0,1038.0,1000,110.145,-102.0,689.0,1101,71.106,-46.0,570.0,846,88.884,-84.0,847.0,1024,55.042,-70.0,599.0
3440,1254,105.526,-70.0,889.0,1000,111.068,-84.0,914.0,1101,73.777,-82.0,515.0,846,96.059,-61.0,622.0,1024,57.218,-60.0,501.0
3441,1254,108.07,-67.0,1004.0,1000,110.236,-57.0,906.0,1101,75.902,-46.0,447.0,846,93.837,-69.0,740.0,1024,52.477,-93.0,566.0
3442,1254,106.195,-71.0,999.0,1000,110.719,-105.0,932.0,1101,75.371,-51.0,456.0,846,98.734,-98.0,778.0,1024,56.404,-73.0,593.0
3443,1254,103.81,-73.0,961.0,1000,115.302,-65.0,759.0,1101,82.078,-50.0,549.0,846,101.048,-151.0,855.0,1024,71.282,-51.0,553.0
3444,1254,109.241,-63.0,1022.0,1000,116.901,-82.0,775.0,1101,85.371,-68.0,589.0,846,104.766,-98.0,870.0,1024,74.414,-70.0,591.0
3445,1254,110.424,-69.0,933.0,1000,119.184,-67.0,925.0,1101,88.045,-57.0,494.0,846,103.013,-65.0,709.0,1024,72.63,-69.0,569.0
3446,1254,115.537,-75.0,982.0,1000,122.817,-69.0,906.0,1101,83.034,-71.0,629.0,846,95.583,-85.0,809.0,1024,75.178,-74.0,572.0
3447,1254,110.306,-53.0,921.0,1000,105.797,-72.0,755.0,1101,73.552,-70.0,474.0,846,96.096,-88.0,944.0,1024,68.611,-54.0,507.0
3448,1254,110.349,-67.0,929.0,1000,114.09,-66.0,830.0,1101,74.268,-58.0,486.0,846,90.504,-75.0,702.0,1024,68.499,-76.0,691.0
3449,1254,107.155,-137.0,922.0,1000,110.412,-54.0,874.0,1101,76.005,-52.0,468.0,846,91.134,-87.0,891.0,1024,67.188,-56.0,594.0
3450,1254,105.877,-66.0,856.0,1000,120.012,-86.0,902.0,1101,67.714,-59.0,487.0,846,88.124,-98.0,777.0,1024,65.102,-103.0,528.0
3451,1254,111.813,-104.0,1000.0,1000,116.274,-83.0,808.0,1101,72.422,-43.0,439.0,846,93.682,-112.0,768.0,1024,66.605,-62.0,437.0
3452,1254,113.184,-53.0,904.0,1000,112.757,-78.0,887.0,1101,74.703,-55.0,513.0,846,89.325,-126.0,880.0,1024,67.99,-87.0,625.0
3453,1254,113.608,-127.0,976.0,1000,109.564,-80.0,757.0,1101,74.794,-63.0,494.0,846,92.292,-70.0,806.0,1024,63.112,-86.0,673.0
3454,1254,109.228,-109.0,983.0,1000,107.386,-81.0,631.0,1101,76.699,-56.0,456.0,846,94.43,-77.0,691.0,1024,61.896,-63.0,587.0
3455,1254,108.4,-92.0,914.0,1000,118.939,-78.0,959.0,1101,76.575,-70.0,511.0,846,95.429,-80.0,730.0,1024,63.824,-117.0,598.0
3456,1254,116.32,-61.0,1004.0,1000,111.248,-100.0,697.0,1101,76.572,-80.0,659.0,846,90.907,-45.0,684.0,1024,62.475,-45.0,504.0
3457,1254,107.443,-67.0,1016.0,1000,110.501,-61.0,771.0,1101,77.469,-55.0,629.0,846,93.652,-83.0,793.0,1024,58.411,-61.0,436.0
3458,1254,104.553,-75.0,1043.0,1000,110.208,-88.0,745.0,1101,68.64,-69.0,539.0,846,94.019,-59.0,715.0,1024,61.959,-93.0,597.0
3459,1254,105.699,-83.0,942.0,1000,112.133,-79.0,818.0,1101,68.615,-87.0,390.0,846,93.553,-68.0,850.0,1024,64.877,-81.0,543.0
3460,1254,106.64,-68.0,868.0,1000,104.974,-82.0,828.0,1101,73.126,-52.0,455.0,846,88.18,-59.0,694.0,1024,58.882,-45.0,593.0
3461,1254,102.971,-84.0,808.0,1000,109.522,-58.0,902.0,1101,73.231,-70.0,499.0,846,91.547,-70.0,658.0,1024,59.539,-64.0,756.0
3462,1254,109.812,-72.0,1061.0,1000,105.519,-74.0,865.0,1101,76.176,-89.0,494.0,846,92.833,-97.0,712.0,1024,57.446,-56.0,542.0
3463,1254,104.353,-51.0,920.0,1000,112.52,-50.0,661.0,1101,73.778,-55.0,532.0,846,92.864,-83.0,814.0,1024,61.062,-77.0,636.0
3464,1254,106.211,-73.0,865.0,1000,119.852,-94.0,865.0,1101,69.675,-58.0,680.0,846,88.916,-127.0,739.0,1024,57.757,-63.0,607.0
3465,1254,107.873,-74.0,999.0,1000,114.101,-90.0,961.0,1101,78.088,-51.0,548.0,846,88.465,-101.0,862.0,1024,61.878,-61.0,546.0
3466,1254,97.824,-88.0,943.0,1000,110.299,-64.0,842.0,1101,72.79,-51.0,446.0,846,91.056,-98.0,851.0,1024,59.467,-55.0,479.0
3467,1254,105.116,-75.0,933.0,1000,108.101,-93.0,846.0,1101,72.328,-55.0,431.0,846,94.474,-55.0,844.0,1024,57.131,-84.0,510.0
3468,1254,103.262,-57.0,853.0,1000,110.002,-75.0,904.0,1101,69.031,-64.0,528.0,846,89.68,-89.0,678.0,1024,60.198,-51.0,617.0
3469,1254,106.029,-92.0,867.0,1000,114.767,-79.0,862.0,1101,65.54,-68.0,448.0,846,88.421,-74.0,931.0,1024,56.975,-76.0,695.0
3470,1254,100.923,-84.0,913.0,1000,113.5,-84.0,888.0,1101,71.78,-72.0,430.0,846,95.02,-79.0,797.0,1024,57.073,-64.0,545.0
3471,1254,101.526,-82.0,1008.0,1000,108.579,-78.0,742.0,1101,66.108,-66.0,415.0,846,88.258,-57.0,688.0,1024,58.7,-70.0,547.0
3472,1254,104.809,-78.0,924.0,1000,115.895,-93.0,1058.0,1101,70.149,-45.0,489.0,846,93.317,-72.0,805.0,1024,57.279,-62.0,431.0
3473,1254,109.048,-69.0,919.0,1000,105.142,-68.0,888.0,1101,67.559,-56.0,479.0,846,88.855,-67.0,879.0,1024,59.375,-58.0,596.0
3474,1254,103.217,-94.0,994.0,1000,110.167,-75.0,772.0,1101,72.018,-53.0,522.0,846,89.566,-71.0,725.0,1024,58.578,-60.0,617.0
3475,1254,101.265,-73.0,980.0,1000,115.796,-81.0,725.0,1101,71.826,-72.0,456.0,846,88.08,-75.0,846.0,1024,56.286,-80.0,557.0
3476,1254,100.739,-68.0,1017.0,1000,114.415,-67.0,822.0,1101,66.769,-85.0,427.0,846,85.038,-64.0,777.0,1024,55.651,-129.0,568.0
3477,1254,103.5,-69.0,908.0,1000,109.757,-84.0,869.0,1101,71.166,-46.0,450.0,846,92.141,-64.0,541.0,1024,55.665,-59.0,561.0
3478,1254,104.206,-64.0,901.0,1000,113.551,-75.0,768.0,1101,77.303,-54.0,433.0,846,89.459,-81.0,745.0,1024,54.952,-62.0,504.0
3479,1254,104.625,-59.0,916.0,1000,115.374,-71.0,807.0,1101,71.961,-54.0,510.0,846,84.026,-75.0,674.0,1024,56.112,-80.0,564.0
3480,1254,101.081,-59.0,1031.0,1000,112.562,-93.0,844.0,1101,68.308,-57.0,515.0,846,91.95,-71.0,798.0,1024,56.931,-61.0,534.0
3481,1254,106.057,-76.0,935.0,1000,114.292,-71.0,958.0,1101,76.532,-49.0,460.0,846,88.437,-76.0,809.0,1024,54.794,-45.0,538.0
3482,1254,107.489,-52.0,1024.0,1000,115.846,-97.0,736.0,1101,68.318,-55.0,440.0,846,89.771,-67.0,751.0,1024,49.101,-46.0,640.0
3483,1254,108.501,-84.0,969.0,1000,112.458,-65.0,815.0,1101,75.908,-65.0,535.0,846,85.677,-90.0,831.0,1024,55.961,-69.0,527.0
3484,1254,101.768,-64.0,1003.0,1000,113.119,-80.0,799.0,1101,72.688,-62.0,563.0,846,88.809,-72.0,684.0,1024,59.608,-76.0,534.0
3485,1254,103.577,-73.0,892.0,1000,116.019,-117.0,750.0,1101,66.224,-47.0,683.0,846,92.381,-75.0,807.0,1024,56.077,-50.0,559.0
3486,1254,104.274,-89.0,810.0,1000,116.047,-77.0,676.0,1101,68.084,-47.0,438.0,846,91.606,-122.0,800.0,1024,56.293,-65.0,607.0
3487,1254,105.184,-57.0,918.0,1000,108.577,-71.0,855.0,1101,73.815,-55.0,494.0,846,92.195,-72.0,608.0,1024,55.671,-90.0,548.0
3488,1254,105.113,-84.0,847.0,1000,108.981,-65.0,760.0,1101,67.525,-50.0,444.0,846,91.857,-76.0,696.0,1024,51.416,-75.0,801.0
3489,1254,106.274,-58.0,956.0,1000,108.267,-65.0,781.0,1101,72.434,-72.0,469.0,846,86.6,-77.0,695.0,1024,52.784,-44.0,655.0
3490,1254,99.894,-71.0,856.0,1000,114.632,-78.0,804.0,1101,66.441,-54.0,443.0,846,88.897,-87.0,648.0,1024,52.165,-70.0,591.0
3491,1254,105.042,-73.0,933.0,1000,110.025,-106.0,732.0,1101,70.153,-72.0,486.0,846,92.351,-53.0,656.0,1024,55.679,-57.0,479.0
3492,1254,105.067,-61.0,959.0,1000,110.487,-94.0,789.0,1101,70.075,-67.0,412.0,846,88.922,-70.0,852.0,1024,53.609,-74.0,516.0
3493,1254,104.69,-82.0,858.0,1000,104.202,-93.0,833.0,1101,70.242,-56.0,515.0,846,92.116,-101.0,776.0,1024,54.498,-57.0,579.0
3494,1254,100.692,-61.0,1027.0,1000,111.124,-100.0,893.0,1101,78.698,-44.0,527.0,846,95.953,-82.0,719.0,1024,59.499,-72.0,613.0
3495,1254,105.526,-59.0,954.0,1000,107.026,-121.0,725.0,1101,71.292,-64.0,502.0,846,89.591,-70.0,708.0,1024,59.312,-76.0,665.0
3496,1254,107.435,-73.0,993.0,1000,112.054,-77.0,865.0,1101,69.156,-50.0,433.0,846,89.024,-70.0,728.0,1024,55.317,-51.0,594.0
3497,1254,108.435,-62.0,941.0,1000,117.913,-70.0,904.0,1101,65.178,-65.0,452.0,846,87.597,-74.0,949.0,1024,55.422,-41.0,584.0
3498,1254,104.329,-52.0,940.0,1000,114.533,-79.0,822.0,1101,70.744,-64.0,490.0,846,85.609,-87.0,778.0,1024,57.965,-115.0,666.0
3499,1254,100.27,-88.0,1024.0,1000,102.454,-56.0,828.0,1101,70.748,-52.0,617.0,846,81.533,-50.0,580.0,1024,55.011,-45.0,559.0
3500,1254,106.589,-64.0,996.0,1000,108.963,-86.0,829.0,1101,65.649,-51.0,575.0,846,83.304,-45.0,769.0,1024,55.74,-84.0,662.0
3501,1254,104.978,-59.0,1011.0,1000,110.056,-62.0,1060.0,1101,75.207,-53.0,525.0,846,81.097,-60.0,770.0,1024,54.907,-65.0,602.0
3502,1254,103.682,-66.0,965.0,1000,114.384,-97.0,844.0,1101,70.221,-61.0,559.0,846,94.701,-99.0,993.0,1024,58.813,-90.0,649.0
3503,1254,105.719,-51.0,992.0,1000,115.805,-57.0,820.0,1101,73.512,-64.0,433.0,846,88.773,-63.0,803.0,1024,55.693,-83.0,570.0
3504,1254,106.486,-88.0,1033.0,1000,114.087,-104.0,778.0,1101,67.949,-69.0,428.0,846,82.004,-65.0,740.0,1024,51.825,-59.0,472.0
3505,1254,96.128,-38.0,863.0,1000,113.484,-59.0,911.0,1101,65.603,-54.0,457.0,846,89.364,-59.0,935.0,1024,51.322,-37.0,617.0
3506,1254,106.418,-72.0,941.0,1000,109.347,-60.0,779.0,1101,67.734,-42.0,480.0,846,85.619,-72.0,721.0,1024,51.394,-62.0,632.0
3507,1254,107.337,-77.0,1008.0,1000,103.193,-54.0,761.0,1101,74.761,-54.0,468.0,846,86.696,-75.0,752.0,1024,53.548,-58.0,689.0
3508,1254,103.145,-79.0,946.0,1000,105.876,-71.0,837.0,1101,70.588,-50.0,505.0,846,78.528,-63.0,656.0,1024,53.818,-75.0,690.0
3509,1254,106.876,-43.0,1034.0,1000,108.944,-76.0,866.0,1101,70.822,-48.0,479.0,846,82.946,-34.0,877.0,1024,53.396,-56.0,755.0
3510,1254,107.505,-59.0,929.0,1000,108.138,-65.0,856.0,1101,71.261,-42.0,604.0,846,81.335,-37.0,754.0,1024,54.418,-58.0,614.0
3511,1254,105.714,-63.0,1091.0,1000,99.596,-89.0,790.0,1101,69.888,-43.0,450.0,846,84.021,-69.0,726.0,1024,52.441,-43.0,518.0
3512,1254,105.711,-60.0,803.0,1000,110.002,-96.0,1002.0,1101,66.867,-44.0,455.0,846,79.656,-79.0,681.0,1024,56.307,-47.0,527.0
3513,1254,104.273,-89.0,1023.0,1000,107.197,-76.0,889.0,1101,67.633,-84.0,621.0,846,91.024,-86.0,766.0,1024,56.789,-82.0,656.0
3514,1254,102.25,-62.0,1111.0,1000,114.185,-68.0,982.0,1101,71.474,-45.0,433.0,846,84.801,-45.0,680.0,1024,53.832,-77.0,696.0
3515,1254,105.62,-62.0,1110.0,1000,106.487,-54.0,816.0,1101,68.361,-87.0,604.0,846,83.976,-65.0,823.0,1024,55.52,-62.0,572.0
3516,1254,103.315,-61.0,898.0,1000,105.281,-77.0,730.0,1101,65.481,-85.0,606.0,846,84.147,-42.0,798.0,1024,58.45,-37.0,626.0
3517,1254,103.076,-51.0,995.0,1000,109.598,-87.0,784.0,1101,73.01,-50.0,537.0,846,86.707,-60.0,778.0,1024,53.232,-65.0,475.0
3518,1254,109.307,-54.0,1041.0,1000,106.018,-41.0,912.0,1101,64.502,-90.0,612.0,846,83.684,-80.0,764.0,1024,58.341,-61.0,596.0
3519,1254,107.866,-49.0,920.0,1000,111.503,-81.0,1028.0,1101,71.597,-41.0,451.0,846,79.95,-48.0,702.0,1024,56.297,-58.0,698.0
3520,1254,105.232,-64.0,1024.0,1000,107.705,-83.0,996.0,1101,73.718,-51.0,568.0,846,84.531,-67.0,877.0,1024,53.976,-44.0,675.0
3521,1254,108.989,-50.0,925.0,1000,107.298,-46.0,1086.0,1101,71.777,-70.0,385.0,846,85.417,-70.0,854.0,1024,53.308,-55.0,679.0
3522,1254,107.214,-56.0,1062.0,1000,106.871,-69.0,715.0,1101,71.642,-53.0,561.0,846,87.611,-66.0,860.0,1024,55.572,-51.0,486.0
3523,1254,104.735,-60.0,979.0,1000,111.026,-70.0,807.0,1101,67.754,-42.0,605.0,846,83.952,-81.0,674.0,1024,58.07,-62.0,554.0
3524,1254,105.658,-58.0,982.0,1000,109.534,-69.0,769.0,1101,70.567,-44.0,581.0,846,84.642,-58.0,781.0,1024,50.189,-50.0,584.0
3525,1254,108.208,-71.0,977.0,1000,102.213,-91.0,747.0,1101,70.187,-56.0,418.0,846,88.738,-102.0,821.0,1024,53.714,-38.0,658.0
3526,1254,100.497,-56.0,1009.0,1000,115.259,-110.0,768.0,1101,68.279,-57.0,588.0,846,85.337,-45.0,763.0,1024,57.326,-41.0,626.0
3527,1254,106.435,-61.0,1045.0,1000,106.364,-78.0,823.0,1101,69.188,-56.0,446.0,846,86.164,-63.0,804.0,1024,52.774,-62.0,603.0
3528,1254,97.951,-76.0,955.0,1000,111.963,-68.0,823.0,1101,64.029,-49.0,638.0,846,83.791,-41.0,691.0,1024,52.582,-60.0,566.0
3529,1254,98.658,-56.0,815.0,1000,114.529,-72.0,731.0,1101,72.243,-80.0,596.0,846,82.067,-38.0,661.0,1024,49.577,-82.0,566.0
3530,1254,107.61,-64.0,1071.0,1000,110.676,-53.0,833.0,1101,75.766,-56.0,527.0,846,86.24,-59.0,652.0,1024,50.964,-46.0,526.0
3531,1254,105.267,-48.0,1016.0,1000,108.149,-61.0,872.0,1101,71.979,-50.0,586.0,846,82.372,-79.0,690.0,1024,55.069,-39.0,546.0
3532,1254,109.488,-80.0,1045.0,1000,107.461,-47.0,927.0,1101,69.861,-52.0,445.0,846,88.353,-84.0,655.0,1024,50.207,-86.0,551.0
3533,1254,110.125,-58.0,1028.0,1000,102.941,-66.0,892.0,1101,72.199,-62.0,493.0,846,87.624,-109.0,688.0,1024,54.021,-79.0,547.0
3534,1254,112.604,-55.0,937.0,1000,103.613,-115.0,849.0,1101,69.137,-73.0,432.0,846,84.463,-67.0,843.0,1024,48.724,-67.0,628.0
3535,1254,104.915,-60.0,983.0,1000,106.527,-49.0,851.0,1101,65.899,-63.0,434.0,846,81.117,-72.0,912.0,1024,53.131,-62.0,746.0
3536,1254,107.368,-52.0,928.0,1000,104.427,-87.0,770.0,1101,72.183,-70.0,440.0,846,77.688,-63.0,566.0,1024,54.385,-70.0,635.0
3537,1254,99.77,-57.0,895.0,1000,111.998,-74.0,787.0,1101,71.669,-67.0,479.0,846,86.996,-79.0,815.0,1024,55.573,-66.0,415.0
3538,1254,107.749,-62.0,965.0,1000,105.981,-51.0,875.0,1101,68.332,-55.0,522.0,846,87.981,-42.0,738.0,1024,53.546,-42.0,422.0
3539,1254,99.347,-58.0,1027.0,1000,107.306,-61.0,705.0,1101,66.68,-53.0,515.0,846,89.009,-45.0,670.0,1024,56.021,-40.0,753.0
3540,1254,103.764,-39.0,1032.0,1000,99.962,-95.0,788.0,1101,64.379,-50.0,536.0,846,88.353,-55.0,895.0,1024,54.436,-51.0,551.0
3541,1254,108.941,-39.0,1052.0,1000,108.413,-49.0,881.0,1101,67.145,-46.0,436.0,846,85.336,-81.0,800.0,1024,52.362,-34.0,652.0
3542,1254,102.956,-57.0,949.0,1000,109.596,-60.0,859.0,1101,75.174,-69.0,464.0,846,78.184,-56.0,825.0,1024,52.296,-37.0,604.0
3543,1254,101.266,-116.0,1036.0,1000,101.796,-51.0,932.0,1101,61.119,-32.0,452.0,846,85.223,-69.0,803.0,1024,54.316,-44.0,734.0
3544,1254,105.741,-68.0,1016.0,1000,106.403,-50.0,740.0,1101,73.273,-38.0,489.0,846,87.496,-92.0,830.0,1024,52.112,-35.0,593.0
3545,1254,107.907,-64.0,966.0,1000,112.812,-60.0,809.0,1101,73.344,-85.0,509.0,846,87.232,-54.0,768.0,1024,55.305,-76.0,729.0
3546,1254,105.033,-55.0,911.0,1000,107.355,-42.0,793.0,1101,68.567,-81.0,630.0,846,79.483,-62.0,766.0,1024,55.996,-56.0,549.0
3547,1254,103.053,-59.0,1060.0,1000,108.407,-50.0,807.0,1101,70.722,-43.0,532.0,846,80.385,-59.0,823.0,1024,57.108,-59.0,670.0
3548,1254,103.313,-48.0,1019.0,1000,107.72,-57.0,908.0,1101,74.642,-51.0,458.0,846,82.586,-66.0,902.0,1024,53.926,-79.0,756.0
3549,1254,99.644,-61.0,1002.0,1000,103.47,-38.0,929.0,1101,66.767,-65.0,459.0,846,84.18,-84.0,628.0,1024,58.039,-44.0,615.0
3550,1254,102.947,-58.0,1039.0,1000,109.719,-71.0,867.0,1101,66.695,-41.0,531.0,846,89.738,-56.0,950.0,1024,51.965,-44.0,628.0
3551,1254,102.058,-46.0,1071.0,1000,111.615,-70.0,749.0,1101,66.271,-83.0,473.0,846,83.052,-63.0,642.0,1024,52.651,-43.0,734.0
3552,1254,104.963,-61.0,1028.0,1000,105.638,-96.0,878.0,1101,68.204,-76.0,644.0,846,83.449,-68.0,789.0,1024,55.448,-59.0,544.0
3553,1254,106.27,-87.0,1013.0,1000,108.657,-95.0,848.0,1101,67.092,-65.0,348.0,846,77.017,-68.0,745.0,1024,55.676,-66.0,548.0
3554,1254,104.164,-56.0,1024.0,1000,107.127,-60.0,939.0,1101,68.313,-75.0,426.0,846,86.543,-70.0,784.0,1024,51.403,-51.0,469.0
3555,1254,103.435,-50.0,1009.0,1000,105.892,-84.0,872.0,1101,70.235,-60.0,508.0,846,80.812,-68.0,792.0,1024,56.908,-58.0,815.0
3556,1254,105.152,-32.0,1060.0,1000,104.475,-38.0,808.0,1101,64.764,-37.0,469.0,846,85.312,-51.0,755.0,1024,52.832,-47.0,556.0
3557,1254,107.518,-75.0,961.0,1000,105.584,-92.0,916.0,1101,70.35,-61.0,596.0,846,86.124,-67.0,734.0,1024,50.319,-93.0,574.0
3558,1254,104.776,-80.0,986.0,1000,106.036,-71.0,834.0,1101,63.374,-50.0,413.0,846,84.561,-81.0,793.0,1024,54.876,-50.0,610.0
3559,1254,102.178,-68.0,1020.0,1000,101.36,-47.0,878.0,1101,67.542,-41.0,465.0,846,79.926,-77.0,674.0,1024,58.995,-37.0,584.0
3560,1254,102.325,-72.0,884.0,1000,106.168,-36.0,929.0,1101,68.243,-51.0,591.0,846,80.307,-75.0,597.0,1024,60.041,-83.0,593.0
3561,1254,101.254,-66.0,1004.0,1000,105.605,-44.0,864.0,1101,65.748,-62.0,716.0,846,85.956,-115.0,749.0,1024,54.917,-51.0,593.0
3562,1254,108.906,-91.0,927.0,1000,98.112,-76.0,851.0,1101,67.748,-74.0,466.0,846,82.816,-64.0,672.0,1024,57.358,-61.0,691.0
3563,1254,115.919,-47.0,1032.0,1000,116.086,-53.0,748.0,1101,76.094,-50.0,528.0,846,101.214,-99.0,727.0,1024,67.525,-57.0,634.0
3564,1254,121.781,-48.0,1019.0,1000,127.751,-87.0,994.0,1101,81.577,-63.0,575.0,846,104.304,-52.0,683.0,1024,71.839,-57.0,580.0
3565,1254,113.747,-70.0,830.0,1000,129.214,-38.0,988.0,1101,77.225,-68.0,682.0,846,96.04,-140.0,725.0,1024,68.408,-59.0,567.0
3566,1254,116.884,-77.0,985.0,1000,122.66,-88.0,942.0,1101,76.757,-67.0,520.0,846,93.885,-102.0,860.0,1024,74.951,-58.0,795.0
3567,1254,111.762,-57.0,1020.0,1000,117.012,-53.0,879.0,1101,75.054,-62.0,552.0,846,95.814,-61.0,667.0,1024,66.742,-42.0,623.0
3568,1254,112.547,-54.0,1012.0,1000,120.993,-50.0,812.0,1101,74.681,-35.0,526.0,846,87.191,-54.0,826.0,1024,67.716,-47.0,622.0
3569,1254,104.132,-45.0,956.0,1000,112.586,-48.0,892.0,1101,72.669,-42.0,473.0,846,83.389,-73.0,795.0,1024,71.509,-63.0,678.0
3570,1254,113.337,-35.0,1002.0,1000,111.455,-37.0,833.0,1101,74.845,-50.0,591.0,846,88.163,-72.0,938.0,1024,69.696,-54.0,692.0
3571,1254,107.901,-56.0,1047.0,1000,104.258,-92.0,792.0,1101,74.779,-54.0,531.0,846,83.693,-76.0,809.0,1024,66.718,-58.0,569.0
3572,1254,111.214,-48.0,1009.0,1000,109.507,-51.0,1082.0,1101,69.397,-49.0,496.0,846,89.739,-73.0,790.0,1024,60.948,-60.0,643.0
3573,1254,110.534,-72.0,986.0,1000,111.743,-60.0,915.0,1101,74.599,-105.0,510.0,846,82.978,-76.0,894.0,1024,66.217,-76.0,536.0
3574,1254,105.065,-56.0,1053.0,1000,109.111,-95.0,795.0,1101,70.594,-73.0,442.0,846,89.793,-66.0,598.0,1024,63.158,-119.0,547.0
3575,1254,113.482,-47.0,1018.0,1000,109.518,-33.0,950.0,1101,72.093,-64.0,548.0,846,88.139,-53.0,693.0,1024,61.957,-53.0,654.0
3576,1254,111.827,-57.0,989.0,1000,118.321,-52.0,872.0,1101,69.164,-55.0,613.0,846,83.931,-45.0,617.0,1024,57.189,-71.0,489.0
3577,1254,107.345,-54.0,1029.0,1000,105.674,-49.0,951.0,1101,71.438,-77.0,516.0,846,83.952,-87.0,669.0,1024,66.398,-59.0,689.0
3578,1254,109.566,-58.0,1011.0,1000,109.336,-30.0,904.0,1101,68.498,-53.0,427.0,846,87.202,-58.0,770.0,1024,62.03,-54.0,670.0
3579,1254,106.256,-49.0,1026.0,1000,106.201,-54.0,802.0,1101,68.196,-54.0,596.0,846,88.541,-49.0,735.0,1024,58.289,-40.0,491.0
3580,1254,108.378,-62.0,1021.0,1000,109.147,-71.0,1034.0,1101,64.622,-59.0,482.0,846,85.279,-49.0,820.0,1024,68.843,-59.0,828.0
3581,1254,105.026,-86.0,995.0,1000,113.395,-53.0,899.0,1101,68.797,-38.0,599.0,846,86.915,-69.0,735.0,1024,62.607,-49.0,571.0
3582,1254,104.068,-46.0,1030.0,1000,113.647,-35.0,934.0,1101,65.163,-36.0,565.0,846,83.98,-53.0,734.0,1024,60.916,-39.0,633.0
3583,1254,110.893,-71.0,1012.0,1000,104.917,-76.0,863.0,1101,70.924,-47.0,496.0,846,83.973,-44.0,655.0,1024,58.853,-93.0,510.0
3584,1254,107.944,-66.0,899.0,1000,112.696,-80.0,881.0,1101,68.314,-84.0,399.0,846,79.953,-57.0,755.0,1024,62.078,-52.0,571.0
3585,1254,106.067,-55.0,1035.0,1000,102.078,-53.0,823.0,1101,72.144,-48.0,583.0,846,87.243,-82.0,604.0,1024,61.865,-78.0,635.0
3586,1254,101.978,-102.0,976.0,1000,104.437,-66.0,799.0,1101,67.805,-53.0,578.0,846,88.557,-76.0,791.0,1024,60.815,-72.0,641.0
3587,1254,111.473,-66.0,1090.0,1000,113.243,-64.0,875.0,1101,66.6,-83.0,603.0,846,82.505,-82.0,711.0,1024,58.493,-39.0,546.0
3588,1254,106.222,-69.0,1077.0,1000,102.292,-72.0,729.0,1101,63.596,-74.0,431.0,846,82.463,-92.0,723.0,1024,57.123,-63.0,529.0
3589,1254,103.82,-60.0,1023.0,1000,106.473,-44.0,889.0,1101,69.382,-40.0,413.0,846,90.613,-55.0,644.0,1024,55.459,-39.0,673.0
3590,1254,108.402,-73.0,1009.0,1000,106.515,-60.0,838.0,1101,66.53,-52.0,494.0,846,87.55,-66.0,823.0,1024,58.537,-43.0,511.0
3591,1254,108.788,-62.0,1011.0,1000,105.794,-62.0,807.0,1101,71.761,-63.0,582.0,846,83.2,-88.0,681.0,1024,53.781,-59.0,484.0
3592,1254,105.604,-55.0,916.0,1000,101.381,-58.0,925.0,1101,72.283,-50.0,569.0,846,81.628,-81.0,827.0,1024,58.338,-61.0,486.0
3593,1254,101.169,-60.0,991.0,1000,102.418,-57.0,751.0,1101,67.934,-68.0,473.0,846,76.921,-70.0,742.0,1024,57.627,-48.0,497.0
3594,1254,98.619,-75.0,945.0,1000,105.076,-54.0,755.0,1101,67.653,-69.0,595.0,846,84.677,-67.0,756.0,1024,58.903,-43.0,590.0
3595,1254,109.422,-49.0,992.0,1000,109.068,-105.0,904.0,1101,66.96,-73.0,410.0,846,85.864,-58.0,833.0,1024,57.515,-52.0,575.0
3596,1254,114.428,-92.0,1070.0,1000,101.215,-64.0,783.0,1101,71.583,-51.0,515.0,846,84.974,-82.0,800.0,1024,56.904,-49.0,498.0
3597,1254,109.056,-50.0,1024.0,1000,109.121,-36.0,935.0,1101,70.605,-85.0,476.0,846,83.882,-44.0,635.0,1024,58.033,-79.0,735.0
3598,1254,103.306,-52.0,999.0,1000,106.817,-57.0,830.0,1101,65.569,-64.0,493.0,846,81.593,-75.0,942.0,1024,54.244,-69.0,680.0
3599,1254,109.33,-58.0,1002.0,1000,100.812,-52.0,734.0,1101,67.203,-44.0,525.0,846,80.642,-60.0,685.0,1024,60.384,-70.0,675.0
3600,1254,106.417,-54.0,1008.0,1000,110.073,-52.0,949.0,1101,69.908,-49.0,526.0,846,80.065,-37.0,662.0,1024,56.923,-56.0,796.0
3601,1254,106.076,-46.0,1034.0,1000,105.086,-51.0,895.0,1101,67.687,-55.0,469.0,846,89.71,-46.0,719.0,1024,57.048,-37.0,559.0
3602,1254,106.228,-82.0,926.0,1000,96.141,-59.0,709.0,1101,71.866,-74.0,429.0,846,84.935,-70.0,859.0,1024,53.427,-46.0,422.0
3603,1254,108.378,-54.0,980.0,1000,104.474,-45.0,968.0,1101,67.879,-109.0,398.0,846,81.892,-59.0,718.0,1024,57.094,-56.0,768.0
3604,1254,107.425,-50.0,1086.0,1000,105.468,-36.0,844.0,1101,71.186,-73.0,468.0,846,86.758,-61.0,758.0,1024,58.496,-56.0,577.0
3605,1254,102.514,-84.0,975.0,1000,99.712,-97.0,950.0,1101,67.801,-42.0,495.0,846,81.587,-58.0,700.0,1024,59.109,-60.0,586.0
3606,1254,108.587,-51.0,988.0,1000,106.148,-49.0,919.0,1101,65.073,-52.0,562.0,846,81.215,-55.0,788.0,1024,54.923,-53.0,584.0
3607,1254,104.605,-73.0,861.0,1000,105.295,-76.0,743.0,1101,65.609,-93.0,439.0,846,87.625,-119.0,727.0,1024,56.188,-54.0,541.0
3608,1254,106.763,-70.0,974.0,1000,108.969,-49.0,892.0,1101,64.665,-49.0,390.0,846,86.754,-63.0,788.0,1024,53.162,-64.0,522.0
3609,1254,102.913,-62.0,919.0,1000,104.129,-61.0,881.0,1101,68.988,-69.0,462.0,846,84.326,-55.0,740.0,1024,52.569,-44.0,503.0
3610,1254,103.433,-54.0,918.0,1000,100.587,-61.0,849.0,1101,71.724,-79.0,568.0,846,78.29,-54.0,992.0,1024,56.975,-64.0,669.0
3611,1254,99.642,-78.0,924.0,1000,107.166,-66.0,938.0,1101,68.611,-69.0,388.0,846,82.394,-64.0,898.0,1024,57.106,-61.0,477.0
3612,1254,105.159,-55.0,1048.0,1000,106.719,-57.0,863.0,1101,67.292,-81.0,391.0,846,81.502,-66.0,826.0,1024,54.189,-52.0,568.0
3613,1254,103.328,-66.0,939.0,1000,103.793,-67.0,849.0,1101,67.822,-67.0,511.0,846,88.694,-78.0,824.0,1024,54.457,-85.0,371.0
3614,1254,103.879,-53.0,987.0,1000,102.506,-66.0,905.0,1101,67.932,-67.0,447.0,846,86.052,-73.0,717.0,1024,58.109,-55.0,544.0
3615,1254,102.817,-55.0,982.0,1000,100.923,-58.0,892.0,1101,70.054,-58.0,549.0,846,89.05,-49.0,857.0,1024,54.445,-50.0,528.0
3616,1254,105.632,-52.0,924.0,1000,107.964,-50.0,1060.0,1101,68.678,-42.0,441.0,846,88.93,-49.0,1038.0,1024,54.344,-53.0,557.0
3617,1254,109.021,-50.0,1017.0,1000,108.011,-53.0,820.0,1101,68.376,-70.0,452.0,846,86.608,-39.0,745.0,1024,53.44,-75.0,588.0
3618,1254,101.553,-51.0,999.0,1000,103.713,-69.0,809.0,1101,71.848,-73.0,352.0,846,80.702,-67.0,734.0,1024,54.047,-58.0,563.0
3619,1254,99.526,-61.0,952.0,1000,99.801,-81.0,986.0,1101,70.013,-73.0,405.0,846,82.863,-49.0,798.0,1024,57.501,-52.0,534.0
3620,1254,105.756,-74.0,841.0,1000,102.62,-35.0,960.0,1101,64.596,-61.0,398.0,846,83.505,-82.0,713.0,1024,52.83,-61.0,626.0
3621,1254,106.441,-63.0,819.0,1000,109.168,-44.0,857.0,1101,67.531,-55.0,425.0,846,80.361,-71.0,718.0,1024,56.42,-64.0,522.0
3622,1254,101.204,-55.0,924.0,1000,110.563,-65.0,837.0,1101,65.421,-75.0,346.0,846,87.197,-42.0,712.0,1024,51.778,-67.0,568.0
3623,1254,106.848,-70.0,988.0,1000,102.737,-90.0,822.0,1101,67.032,-63.0,382.0,846,84.807,-55.0,844.0,1024,56.577,-72.0,494.0
3624,1254,106.589,-65.0,965.0,1000,104.027,-102.0,860.0,1101,69.302,-76.0,395.0,846,81.901,-50.0,752.0,1024,53.208,-83.0,734.0
3625,1254,108.439,-66.0,965.0,1000,99.23,-54.0,775.0,1101,73.818,-54.0,412.0,846,86.391,-44.0,794.0,1024,57.235,-67.0,554.0
3626,1254,103.633,-45.0,880.0,1000,100.541,-62.0,821.0,1101,71.619,-56.0,456.0,846,80.532,-62.0,776.0,1024,53.618,-82.0,522.0
3627,1254,97.933,-40.0,947.0,1000,101.806,-65.0,891.0,1101,72.68,-64.0,503.0,846,83.651,-42.0,701.0,1024,53.819,-50.0,519.0
3628,1254,106.179,-48.0,1034.0,1000,103.646,-70.0,967.0,1101,71.092,-59.0,371.0,846,85.719,-88.0,775.0,1024,53.003,-81.0,480.0
3629,1254,107.96,-97.0,1029.0,1000,101.779,-56.0,800.0,1101,68.342,-71.0,408.0,846,86.745,-71.0,863.0,1024,59.202,-81.0,639.0
3630,1254,101.993,-69.0,1017.0,1000,105.498,-107.0,715.0,1101,70.318,-77.0,495.0,846,87.788,-71.0,719.0,1024,53.172,-122.0,466.0
3631,1254,108.404,-78.0,1048.0,1000,106.771,-118.0,881.0,1101,71.543,-59.0,383.0,846,84.128,-65.0,607.0,1024,59.709,-77.0,587.0
3632,1254,103.195,-64.0,900.0,1000,101.431,-74.0,732.0,1101,71.913,-57.0,463.0,846,87.288,-47.0,901.0,1024,55.994,-100.0,550.0
3633,1254,108.301,-58.0,941.0,1000,109.746,-89.0,823.0,1101,68.177,-105.0,462.0,846,81.833,-68.0,638.0,1024,52.759,-64.0,448.0
3634,1254,110.08,-72.0,1023.0,1000,104.346,-72.0,707.0,1101,71.565,-69.0,487.0,846,86.33,-64.0,673.0,1024,55.905,-72.0,624.0
3635,1254,104.739,-91.0,1033.0,1000,108.056,-78.0,763.0,1101,72.413,-74.0,527.0,846,80.655,-67.0,719.0,1024,59.356,-60.0,677.0
3636,1254,103.483,-36.0,966.0,1000,103.897,-37.0,890.0,1101,69.599,-60.0,459.0,846,83.895,-74.0,844.0,1024,57.872,-60.0,534.0
3637,1254,104.687,-52.0,932.0,1000,109.041,-31.0,849.0,1101,66.477,-79.0,449.0,846,81.524,-44.0,762.0,1024,59.403,-68.0,786.0
3638,1254,102.091,-81.0,968.0,1000,103.814,-54.0,962.0,1101,68.622,-75.0,477.0,846,87.267,-45.0,880.0,1024,55.34,-69.0,506.0
3639,1254,106.809,-87.0,1018.0,1000,104.3,-61.0,926.0,1101,68.465,-69.0,415.0,846,79.732,-50.0,774.0,1024,54.088,-54.0,597.0
3640,1254,99.146,-61.0,1035.0,1000,98.892,-36.0,945.0,1101,65.445,-58.0,477.0,846,82.427,-57.0,632.0,1024,61.183,-77.0,511.0
3641,1254,105.652,-55.0,1059.0,1000,100.48,-69.0,978.0,1101,65.381,-65.0,396.0,846,82.125,-77.0,664.0,1024,55.023,-51.0,495.0
3642,1254,110.537,-84.0,1022.0,1000,101.46,-48.0,814.0,1101,71.628,-81.0,374.0,846,84.85,-71.0,686.0,1024,57.728,-44.0,520.0
3643,1254,98.067,-69.0,1003.0,1000,101.658,-68.0,856.0,1101,67.401,-69.0,386.0,846,81.663,-45.0,693.0,1024,60.524,-55.0,520.0
3644,1254,106.086,-57.0,1007.0,1000,104.174,-74.0,927.0,1101,65.793,-61.0,491.0,846,82.611,-53.0,1023.0,1024,59.468,-63.0,456.0
3645,1254,105.881,-62.0,863.0,1000,101.472,-55.0,837.0,1101,64.854,-63.0,404.0,846,80.942,-76.0,720.0,1024,54.377,-82.0,503.0
3646,1254,104.989,-87.0,980.0,1000,102.17,-49.0,795.0,1101,67.9,-58.0,380.0,846,83.788,-66.0,728.0,1024,58.909,-91.0,576.0
3647,1254,106.159,-56.0,890.0,1000,104.401,-55.0,852.0,1101,66.771,-92.0,472.0,846,81.999,-46.0,692.0,1024,54.242,-62.0,619.0
3648,1254,104.186,-54.0,898.0,1000,97.355,-70.0,778.0,1101,71.141,-51.0,364.0,846,84.45,-65.0,691.0,1024,53.912,-50.0,563.0
3649,1254,106.058,-52.0,1029.0,1000,107.426,-69.0,851.0,1101,67.878,-86.0,515.0,846,79.585,-51.0,799.0,1024,59.607,-50.0,735.0
3650,1254,107.11,-49.0,971.0,1000,101.351,-71.0,914.0,1101,71.218,-67.0,523.0,846,80.262,-57.0,959.0,1024,56.383,-92.0,687.0
3651,1254,107.415,-45.0,1026.0,1000,104.0,-91.0,766.0,1101,67.471,-56.0,433.0,846,82.429,-62.0,699.0,1024,57.772,-75.0,522.0
3652,1254,105.398,-49.0,1054.0,1000,97.499,-51.0,848.0,1101,71.127,-77.0,420.0,846,84.385,-40.0,798.0,1024,54.105,-41.0,453.0
3653,1254,108.12,-55.0,915.0,1000,100.044,-76.0,926.0,1101,69.953,-81.0,462.0,846,89.714,-44.0,764.0,1024,55.772,-74.0,452.0
3654,1254,111.366,-74.0,1007.0,1000,99.151,-53.0,790.0,1101,67.287,-58.0,431.0,846,85.491,-46.0,870.0,1024,55.341,-65.0,546.0
3655,1254,102.028,-44.0,972.0,1000,105.726,-72.0,881.0,1101,67.54,-63.0,634.0,846,83.433,-61.0,742.0,1024,57.075,-64.0,619.0
3656,1254,109.875,-72.0,1015.0,1000,101.024,-43.0,814.0,1101,67.354,-70.0,422.0,846,82.352,-50.0,819.0,1024,58.06,-57.0,544.0
3657,1254,101.593,-52.0,973.0,1000,96.56,-36.0,865.0,1101,69.355,-70.0,420.0,846,83.593,-46.0,796.0,1024,57.047,-65.0,525.0
3658,1254,107.267,-64.0,922.0,1000,102.97,-58.0,844.0,1101,70.392,-51.0,388.0,846,86.498,-55.0,795.0,1024,54.107,-64.0,515.0
3659,1254,104.323,-60.0,980.0,1000,104.137,-54.0,788.0,1101,69.163,-82.0,435.0,846,85.155,-77.0,910.0,1024,57.696,-56.0,617.0
3660,1254,103.788,-72.0,947.0,1000,99.061,-52.0,1037.0,1101,69.338,-69.0,420.0,846,81.443,-50.0,796.0,1024,54.336,-51.0,451.0
3661,1254,105.649,-56.0,993.0,1000,97.954,-62.0,927.0,1101,69.713,-91.0,540.0,846,84.402,-56.0,838.0,1024,56.099,-84.0,479.0
3662,1254,107.778,-56.0,1039.0,1000,108.364,-56.0,952.0,1101,69.3,-54.0,649.0,846,79.777,-47.0,816.0,1024,54.384,-90.0,601.0
3663,1254,107.502,-66.0,977.0,1000,102.957,-46.0,833.0,1101,68.486,-68.0,442.0,846,85.035,-59.0,794.0,1024,59.64,-74.0,557.0
3664,1254,111.257,-49.0,1023.0,1000,108.096,-87.0,714.0,1101,63.936,-75.0,507.0,846,86.897,-51.0,856.0,1024,54.071,-57.0,573.0
3665,1254,103.711,-56.0,1031.0,1000,110.552,-67.0,993.0,1101,61.71,-68.0,468.0,846,82.357,-105.0,763.0,1024,55.171,-44.0,653.0
3666,1254,106.331,-52.0,1006.0,1000,109.289,-56.0,812.0,1101,72.432,-74.0,483.0,846,81.196,-59.0,720.0,1024,54.667,-75.0,605.0
3667,1254,111.091,-71.0,865.0,1000,109.007,-62.0,910.0,1101,63.946,-59.0,405.0,846,79.586,-67.0,748.0,1024,54.99,-51.0,584.0
3668,1254,102.419,-62.0,1015.0,1000,98.916,-50.0,779.0,1101,62.762,-57.0,532.0,846,81.773,-83.0,608.0,1024,52.321,-97.0,644.0
3669,1254,104.381,-70.0,1033.0,1000,114.552,-54.0,813.0,1101,70.432,-67.0,444.0,846,85.817,-61.0,716.0,1024,56.859,-61.0,604.0
3670,1254,105.753,-55.0,1017.0,1000,105.806,-66.0,862.0,1101,66.937,-90.0,407.0,846,80.639,-47.0,716.0,1024,52.698,-61.0,509.0
3671,1254,110.317,-66.0,946.0,1000,102.096,-59.0,740.0,1101,64.426,-94.0,400.0,846,87.799,-64.0,868.0,1024,55.836,-56.0,635.0
3672,1254,110.15,-68.0,1022.0,1000,107.844,-44.0,730.0,1101,67.351,-51.0,509.0,846,88.482,-54.0,708.0,1024,53.397,-84.0,530.0
3673,1254,112.573,-62.0,1038.0,1000,111.398,-55.0,839.0,1101,70.826,-61.0,599.0,846,85.19,-81.0,816.0,1024,54.507,-73.0,508.0
3674,1254,100.297,-57.0,1014.0,1000,111.23,-47.0,833.0,1101,63.852,-59.0,360.0,846,87.92,-71.0,807.0,1024,52.008,-65.0,568.0
3675,1254,110.835,-52.0,982.0,1000,108.723,-75.0,866.0,1101,65.438,-80.0,423.0,846,88.902,-91.0,813.0,1024,52.796,-51.0,509.0
3676,1254,103.982,-55.0,992.0,1000,109.576,-47.0,894.0,1101,70.351,-70.0,563.0,846,83.145,-76.0,756.0,1024,57.232,-66.0,479.0
3677,1254,107.281,-44.0,991.0,1000,99.145,-40.0,844.0,1101,68.732,-52.0,444.0,846,83.783,-48.0,764.0,1024,55.872,-66.0,646.0
3678,1254,103.116,-58.0,768.0,1000,108.705,-86.0,691.0,1101,68.937,-50.0,600.0,846,83.988,-40.0,893.0,1024,58.037,-78.0,769.0
3679,1254,105.705,-51.0,874.0,1000,105.717,-53.0,831.0,1101,67.567,-79.0,433.0,846,82.366,-49.0,811.0,1024,55.4,-81.0,607.0
3680,1254,105.538,-60.0,942.0,1000,105.649,-40.0,817.0,1101,67.567,-56.0,456.0,846,81.207,-36.0,744.0,1024,52.207,-78.0,388.0
3681,1254,106.777,-48.0,914.0,1000,109.476,-48.0,779.0,1101,67.294,-77.0,472.0,846,85.299,-89.0,758.0,1024,55.348,-63.0,543.0
3682,1254,106.158,-101.0,1019.0,1000,107.956,-61.0,823.0,1101,66.272,-64.0,413.0,846,92.817,-89.0,852.0,1024,56.208,-55.0,491.0
3683,1254,105.703,-72.0,974.0,1000,115.455,-46.0,858.0,1101,68.705,-65.0,627.0,846,87.511,-79.0,833.0,1024,58.589,-114.0,499.0
3684,1254,108.563,-45.0,1008.0,1000,115.894,-79.0,899.0,1101,76.993,-78.0,546.0,846,99.918,-48.0,715.0,1024,71.324,-69.0,681.0
3685,1254,110.714,-77.0,1038.0,1000,116.088,-96.0,772.0,1101,76.991,-76.0,467.0,846,91.921,-70.0,850.0,1024,69.813,-59.0,486.0
3686,1254,105.476,-37.0,1026.0,1000,117.5,-36.0,944.0,1101,76.366,-64.0,559.0,846,93.371,-73.0,788.0,1024,74.959,-62.0,628.0
3687,1254,117.467,-49.0,1015.0,1000,116.335,-76.0,792.0,1101,74.458,-71.0,632.0,846,92.67,-53.0,712.0,1024,66.999,-112.0,888.0
3688,1254,110.337,-75.0,1060.0,1000,113.587,-61.0,751.0,1101,70.816,-71.0,447.0,846,94.255,-47.0,739.0,1024,68.725,-53.0,552.0
3689,1254,108.648,-56.0,928.0,1000,104.684,-43.0,797.0,1101,73.965,-60.0,432.0,846,94.344,-48.0,731.0,1024,66.505,-77.0,621.0
3690,1254,111.018,-53.0,1061.0,1000,115.956,-85.0,832.0,1101,74.809,-59.0,505.0,846,83.324,-53.0,831.0,1024,62.573,-72.0,490.0
3691,1254,104.073,-69.0,1019.0,1000,104.865,-116.0,869.0,1101,72.304,-54.0,414.0,846,91.339,-44.0,726.0,1024,66.347,-73.0,819.0
3692,1254,108.228,-47.0,991.0,1000,104.458,-50.0,995.0,1101,68.944,-50.0,480.0,846,92.024,-65.0,689.0,1024,61.646,-64.0,419.0
3693,1254,112.388,-69.0,1032.0,1000,105.078,-59.0,841.0,1101,67.986,-58.0,435.0,846,92.392,-54.0,762.0,1024,62.93,-67.0,572.0
3694,1254,109.162,-75.0,1018.0,1000,108.542,-42.0,1028.0,1101,62.827,-40.0,401.0,846,95.336,-69.0,694.0,1024,60.313,-93.0,449.0
3695,1254,105.876,-54.0,1027.0,1000,113.479,-38.0,843.0,1101,71.995,-64.0,397.0,846,85.518,-35.0,769.0,1024,67.134,-86.0,545.0
3696,1254,105.65,-49.0,1110.0,1000,109.355,-50.0,847.0,1101,67.201,-68.0,464.0,846,91.508,-62.0,878.0,1024,64.159,-80.0,677.0
3697,1254,101.515,-73.0,992.0,1000,103.91,-76.0,872.0,1101,66.332,-60.0,482.0,846,90.946,-67.0,748.0,1024,59.336,-69.0,649.0
3698,1254,109.091,-53.0,990.0,1000,106.834,-47.0,906.0,1101,67.112,-52.0,362.0,846,90.753,-60.0,888.0,1024,58.712,-56.0,522.0
3699,1254,108.695,-60.0,962.0,1000,105.653,-47.0,890.0,1101,72.477,-43.0,444.0,846,88.058,-62.0,681.0,1024,62.578,-51.0,658.0
3700,1254,106.63,-65.0,1005.0,1000,107.784,-71.0,881.0,1101,72.0,-50.0,511.0,846,85.995,-59.0,948.0,1024,60.105,-60.0,592.0
3701,1254,106.876,-55.0,1016.0,1000,108.512,-54.0,974.0,1101,68.408,-93.0,513.0,846,83.061,-50.0,685.0,1024,55.235,-86.0,629.0
3702,1254,108.126,-62.0,920.0,1000,110.278,-58.0,973.0,1101,63.256,-68.0,405.0,846,86.658,-57.0,942.0,1024,59.462,-71.0,616.0
3703,1254,106.431,-47.0,957.0,1000,104.398,-56.0,801.0,1101,68.875,-90.0,474.0,846,82.72,-59.0,877.0,1024,64.132,-94.0,724.0
3704,1254,99.389,-36.0,1025.0,1000,111.458,-37.0,874.0,1101,65.702,-72.0,445.0,846,90.428,-34.0,740.0,1024,58.499,-60.0,668.0
3705,1254,101.453,-33.0,1020.0,1000,111.496,-48.0,774.0,1101,69.891,-75.0,474.0,846,88.501,-44.0,731.0,1024,58.848,-84.0,747.0
3706,1254,106.211,-71.0,934.0,1000,103.651,-47.0,807.0,1101,67.927,-47.0,481.0,846,89.635,-51.0,771.0,1024,60.587,-66.0,525.0
3707,1254,111.958,-57.0,1029.0,1000,101.399,-61.0,1006.0,1101,65.603,-45.0,412.0,846,84.714,-45.0,641.0,1024,56.663,-63.0,625.0
3708,1254,102.12,-67.0,1021.0,1000,112.69,-48.0,815.0,1101,64.984,-56.0,404.0,846,87.878,-46.0,630.0,1024,58.735,-91.0,488.0
3709,1254,111.801,-92.0,980.0,1000,110.728,-52.0,739.0,1101,68.84,-68.0,506.0,846,82.388,-63.0,881.0,1024,56.696,-64.0,538.0
3710,1254,110.863,-57.0,1045.0,1000,106.063,-52.0,743.0,1101,63.66,-53.0,577.0,846,87.579,-68.0,822.0,1024,56.243,-53.0,526.0
3711,1254,107.776,-34.0,1036.0,1000,113.521,-77.0,778.0,1101,70.35,-61.0,524.0,846,85.111,-46.0,799.0,1024,57.07,-80.0,568.0
3712,1254,106.562,-76.0,1040.0,1000,113.542,-42.0,898.0,1101,67.78,-65.0,432.0,846,85.803,-50.0,650.0,1024,56.194,-95.0,512.0
3713,1254,109.09,-65.0,1035.0,1000,109.572,-52.0,922.0,1101,67.222,-71.0,433.0,846,85.09,-72.0,732.0,1024,56.017,-49.0,504.0
3714,1254,108.175,-53.0,974.0,1000,107.076,-53.0,866.0,1101,67.052,-50.0,477.0,846,81.511,-36.0,738.0,1024,54.069,-46.0,590.0
3715,1254,108.388,-75.0,995.0,1000,109.891,-42.0,766.0,1101,67.047,-56.0,385.0,846,87.135,-36.0,801.0,1024,57.349,-102.0,571.0
3716,1254,107.347,-36.0,1026.0,1000,111.66,-33.0,866.0,1101,66.708,-67.0,529.0,846,82.561,-53.0,765.0,1024,52.288,-47.0,526.0
3717,1254,109.425,-81.0,1028.0,1000,109.15,-32.0,798.0,1101,65.891,-56.0,421.0,846,92.332,-57.0,820.0,1024,60.229,-63.0,511.0
3718,1254,105.974,-80.0,1033.0,1000,110.249,-43.0,837.0,1101,68.492,-54.0,463.0,846,89.704,-47.0,773.0,1024,53.692,-49.0,547.0
3719,1254,104.974,-61.0,1012.0,1000,105.475,-57.0,708.0,1101,64.142,-56.0,436.0,846,89.202,-45.0,817.0,1024,58.791,-77.0,693.0
3720,1254,107.334,-67.0,960.0,1000,108.278,-54.0,918.0,1101,66.617,-73.0,509.0,846,88.553,-117.0,750.0,1024,57.521,-65.0,504.0
3721,1254,108.231,-43.0,1079.0,1000,104.809,-45.0,788.0,1101,69.614,-60.0,472.0,846,92.005,-63.0,936.0,1024,53.371,-55.0,566.0
3722,1254,105.337,-63.0,1025.0,1000,106.612,-62.0,834.0,1101,72.723,-83.0,404.0,846,85.112,-56.0,770.0,1024,54.562,-61.0,595.0
3723,1254,108.462,-65.0,963.0,1000,108.71,-52.0,792.0,1101,64.163,-66.0,463.0,846,81.952,-62.0,801.0,1024,52.285,-53.0,611.0
3724,1254,102.648,-63.0,868.0,1000,109.194,-49.0,875.0,1101,70.359,-58.0,504.0,846,85.358,-52.0,1009.0,1024,56.549,-52.0,697.0
3725,1254,104.778,-55.0,1026.0,1000,105.649,-55.0,819.0,1101,63.82,-58.0,430.0,846,93.609,-58.0,718.0,1024,55.159,-95.0,809.0
3726,1254,103.199,-59.0,1008.0,1000,105.748,-52.0,926.0,1101,62.638,-146.0,579.0,846,80.012,-41.0,762.0,1024,57.953,-56.0,528.0
3727,1254,108.57,-44.0,992.0,1000,105.956,-62.0,952.0,1101,70.527,-52.0,480.0,846,82.97,-66.0,966.0,1024,54.338,-58.0,514.0
3728,1254,110.911,-35.0,1052.0,1000,105.863,-62.0,855.0,1101,66.562,-64.0,491.0,846,82.058,-60.0,723.0,1024,55.951,-113.0,568.0
3729,1254,107.787,-59.0,1036.0,1000,104.172,-30.0,839.0,1101,67.348,-77.0,420.0,846,84.836,-41.0,792.0,1024,54.423,-55.0,523.0
3730,1254,109.169,-57.0,999.0,1000,109.037,-38.0,972.0,1101,67.412,-63.0,451.0,846,90.147,-67.0,846.0,1024,52.24,-64.0,535.0
3731,1254,110.967,-55.0,997.0,1000,103.284,-58.0,696.0,1101,70.148,-56.0,450.0,846,82.665,-63.0,801.0,1024,52.502,-62.0,678.0
3732,1254,102.296,-73.0,985.0,1000,108.24,-80.0,778.0,1101,68.47,-77.0,604.0,846,90.026,-60.0,816.0,1024,49.983,-57.0,471.0
3733,1254,105.333,-68.0,957.0,1000,103.441,-59.0,794.0,1101,65.659,-61.0,460.0,846,88.0,-57.0,667.0,1024,58.286,-60.0,634.0
3734,1254,106.703,-49.0,964.0,1000,99.239,-62.0,884.0,1101,62.425,-64.0,493.0,846,88.785,-51.0,844.0,1024,57.143,-84.0,539.0
3735,1254,101.498,-55.0,972.0,1000,106.529,-46.0,808.0,1101,68.519,-80.0,492.0,846,85.777,-37.0,862.0,1024,52.599,-72.0,546.0
3736,1254,105.309,-87.0,959.0,1000,108.913,-39.0,868.0,1101,64.425,-58.0,443.0,846,88.147,-43.0,697.0,1024,55.688,-55.0,583.0
3737,1254,104.187,-56.0,937.0,1000,110.075,-68.0,913.0,1101,66.475,-61.0,500.0,846,90.006,-52.0,782.0,1024,54.201,-56.0,622.0
3738,1254,105.63,-74.0,1058.0,1000,107.987,-86.0,957.0,1101,65.648,-67.0,451.0,846,82.093,-58.0,861.0,1024,54.638,-57.0,697.0
3739,1254,105.323,-44.0,986.0,1000,114.289,-57.0,985.0,1101,70.8,-74.0,490.0,846,86.676,-68.0,650.0,1024,53.732,-60.0,550.0
3740,1254,104.795,-59.0,1033.0,1000,105.468,-55.0,709.0,1101,66.968,-50.0,623.0,846,87.918,-44.0,654.0,1024,50.859,-79.0,533.0
3741,1254,105.357,-63.0,1046.0,1000,100.279,-40.0,774.0,1101,67.843,-50.0,532.0,846,86.1,-74.0,746.0,1024,53.68,-53.0,571.0
3742,1254,105.169,-83.0,962.0,1000,108.368,-38.0,823.0,1101,64.817,-74.0,564.0,846,84.833,-52.0,631.0,1024,55.844,-91.0,649.0
3743,1254,108.765,-49.0,1051.0,1000,104.924,-27.0,776.0,1101,68.767,-60.0,516.0,846,85.047,-85.0,677.0,1024,54.555,-96.0,537.0
3744,1254,106.242,-57.0,1028.0,1000,111.124,-37.0,942.0,1101,66.871,-53.0,498.0,846,87.813,-69.0,661.0,1024,53.991,-68.0,536.0
3745,1254,107.399,-53.0,973.0,1000,108.497,-60.0,831.0,1101,66.074,-55.0,526.0,846,90.717,-80.0,771.0,1024,53.082,-56.0,579.0
3746,1254,108.927,-57.0,851.0,1000,105.866,-61.0,859.0,1101,67.986,-82.0,479.0,846,79.349,-39.0,898.0,1024,54.271,-69.0,616.0
3747,1254,104.906,-55.0,974.0,1000,107.573,-44.0,843.0,1101,69.153,-72.0,445.0,846,86.774,-93.0,766.0,1024,55.734,-76.0,594.0
3748,1254,107.818,-57.0,930.0,1000,104.626,-123.0,871.0,1101,67.781,-56.0,530.0,846,84.861,-56.0,833.0,1024,57.674,-69.0,568.0
3749,1254,104.404,-68.0,889.0,1000,105.797,-61.0,761.0,1101,73.71,-57.0,477.0,846,85.674,-53.0,793.0,1024,56.59,-71.0,594.0
3750,1254,109.169,-41.0,1039.0,1000,106.009,-60.0,827.0,1101,70.541,-71.0,587.0,846,82.939,-43.0,609.0,1024,49.715,-68.0,532.0
3751,1254,102.823,-47.0,1091.0,1000,104.38,-42.0,814.0,1101,63.721,-53.0,346.0,846,82.673,-48.0,882.0,1024,55.498,-58.0,663.0
3752,1254,107.035,-62.0,927.0,1000,109.993,-54.0,931.0,1101,64.843,-51.0,480.0,846,79.092,-61.0,648.0,1024,51.004,-64.0,506.0
3753,1254,107.414,-49.0,905.0,1000,107.484,-60.0,722.0,1101,69.675,-83.0,382.0,846,88.84,-55.0,691.0,1024,55.155,-49.0,520.0
3754,1254,104.364,-52.0,897.0,1000,105.695,-35.0,820.0,1101,63.792,-82.0,552.0,846,90.943,-87.0,784.0,1024,53.205,-87.0,620.0
3755,1254,104.963,-71.0,870.0,1000,107.087,-104.0,824.0,1101,65.721,-57.0,505.0,846,84.897,-37.0,789.0,1024,57.695,-64.0,573.0
3756,1254,107.671,-70.0,1018.0,1000,103.591,-44.0,762.0,1101,68.564,-51.0,517.0,846,92.193,-64.0,809.0,1024,54.394,-66.0,631.0
3757,1254,105.572,-88.0,974.0,1000,102.985,-80.0,879.0,1101,69.555,-59.0,483.0,846,85.212,-77.0,901.0,1024,54.231,-72.0,522.0
3758,1254,105.726,-54.0,1005.0,1000,102.83,-67.0,765.0,1101,65.528,-59.0,528.0,846,84.931,-59.0,744.0,1024,52.689,-62.0,544.0
3759,1254,103.873,-62.0,1021.0,1000,106.787,-98.0,900.0,1101,65.163,-67.0,412.0,846,89.686,-58.0,647.0,1024,50.147,-43.0,408.0
3760,1254,106.439,-61.0,945.0,1000,99.313,-78.0,823.0,1101,66.949,-74.0,390.0,846,82.965,-44.0,745.0,1024,57.602,-80.0,606.0
3761,1254,112.333,-61.0,1005.0,1000,103.427,-73.0,741.0,1101,64.016,-56.0,452.0,846,80.105,-54.0,660.0,1024,54.756,-42.0,607.0
3762,1254,111.788,-56.0,999.0,1000,102.532,-67.0,745.0,1101,63.438,-56.0,377.0,846,85.338,-36.0,764.0,1024,53.439,-56.0,534.0
3763,1254,109.038,-58.0,981.0,1000,106.381,-43.0,841.0,1101,67.952,-55.0,470.0,846,82.193,-92.0,672.0,1024,54.338,-79.0,480.0
3764,1254,105.746,-57.0,1051.0,1000,111.442,-53.0,895.0,1101,72.269,-71.0,587.0,846,84.144,-56.0,819.0,1024,54.087,-62.0,566.0
3765,1254,110.418,-56.0,1066.0,1000,105.249,-43.0,951.0,1101,62.271,-57.0,433.0,846,84.538,-46.0,797.0,1024,52.854,-63.0,559.0
3766,1254,102.098,-65.0,965.0,1000,110.264,-50.0,818.0,1101,62.368,-60.0,473.0,846,91.268,-58.0,756.0,1024,48.609,-45.0,454.0
3767,1254,108.447,-65.0,970.0,1000,105.846,-68.0,917.0,1101,65.299,-58.0,426.0,846,87.829,-72.0,671.0,1024,54.267,-51.0,416.0
3768,1254,104.431,-65.0,1010.0,1000,103.312,-60.0,868.0,1101,70.002,-68.0,435.0,846,87.983,-62.0,665.0,1024,56.839,-81.0,586.0
3769,1254,102.77,-48.0,999.0,1000,109.467,-83.0,743.0,1101,63.244,-74.0,414.0,846,85.048,-82.0,654.0,1024,51.592,-88.0,458.0
3770,1254,104.4,-52.0,967.0,1000,98.962,-83.0,801.0,1101,64.307,-70.0,407.0,846,84.993,-105.0,700.0,1024,51.874,-67.0,448.0
3771,1254,106.089,-48.0,858.0,1000,100.84,-62.0,738.0,1101,68.636,-52.0,442.0,846,86.072,-46.0,684.0,1024,54.821,-50.0,537.0
3772,1254,106.6,-43.0,944.0,1000,101.084,-88.0,806.0,1101,64.946,-72.0,380.0,846,82.636,-52.0,735.0,1024,51.283,-70.0,497.0
3773,1254,103.02,-53.0,931.0,1000,106.773,-127.0,864.0,1101,69.411,-67.0,462.0,846,78.234,-79.0,753.0,1024,51.599,-91.0,650.0
3774,1254,102.776,-62.0,1017.0,1000,100.328,-73.0,659.0,1101,63.179,-59.0,399.0,846,82.693,-82.0,740.0,1024,56.782,-58.0,609.0
3775,1254,105.415,-68.0,978.0,1000,107.891,-96.0,729.0,1101,62.849,-62.0,422.0,846,84.803,-61.0,559.0,1024,56.55,-53.0,667.0
3776,1254,111.594,-65.0,989.0,1000,105.474,-69.0,816.0,1101,68.793,-59.0,369.0,846,83.312,-81.0,625.0,1024,53.106,-60.0,432.0
3777,1254,107.049,-63.0,1020.0,1000,99.667,-68.0,859.0,1101,64.649,-73.0,417.0,846,81.214,-96.0,632.0,1024,55.755,-79.0,645.0
3778,1254,107.743,-56.0,902.0,1000,100.419,-71.0,720.0,1101,67.68,-57.0,463.0,846,81.637,-61.0,739.0,1024,55.573,-71.0,585.0
3779,1254,107.611,-73.0,989.0,1000,110.5,-59.0,816.0,1101,66.827,-58.0,406.0,846,86.853,-69.0,710.0,1024,52.659,-54.0,571.0
3780,1254,109.444,-79.0,975.0,1000,107.534,-87.0,758.0,1101,69.494,-88.0,468.0,846,83.29,-68.0,604.0,1024,54.089,-55.0,522.0
3781,1254,104.873,-61.0,918.0,1000,107.015,-71.0,794.0,1101,68.753,-71.0,353.0,846,90.501,-67.0,691.0,1024,52.82,-57.0,591.0
3782,1254,109.175,-73.0,924.0,1000,109.728,-67.0,769.0,1101,64.912,-68.0,437.0,846,88.171,-90.0,710.0,1024,53.834,-80.0,536.0
3783,1254,107.033,-49.0,861.0,1000,107.176,-67.0,724.0,1101,63.44,-66.0,385.0,846,82.827,-80.0,862.0,1024,56.046,-69.0,493.0
3784,1254,110.159,-65.0,1024.0,1000,104.386,-64.0,773.0,1101,64.556,-78.0,393.0,846,83.6,-100.0,724.0,1024,55.594,-98.0,552.0
3785,1254,103.413,-56.0,956.0,1000,114.58,-76.0,744.0,1101,62.067,-49.0,383.0,846,87.033,-106.0,836.0,1024,52.839,-69.0,513.0
3786,1254,108.253,-59.0,987.0,1000,111.386,-50.0,751.0,1101,69.357,-70.0,551.0,846,80.895,-72.0,723.0,1024,52.033,-60.0,696.0
3787,1254,104.409,-75.0,910.0,1000,102.955,-60.0,851.0,1101,67.248,-81.0,375.0,846,87.492,-39.0,777.0,1024,53.168,-68.0,542.0
3788,1254,104.256,-61.0,975.0,1000,108.593,-88.0,833.0,1101,66.545,-76.0,567.0,846,83.706,-94.0,718.0,1024,55.188,-44.0,487.0
3789,1254,105.035,-60.0,857.0,1000,101.892,-75.0,793.0,1101,63.668,-73.0,417.0,846,83.217,-79.0,741.0,1024,55.85,-52.0,430.0
3790,1254,106.964,-58.0,1025.0,1000,106.471,-79.0,922.0,1101,62.777,-53.0,353.0,846,88.383,-74.0,713.0,1024,57.885,-61.0,649.0
3791,1254,106.77,-49.0,1028.0,1000,98.898,-69.0,864.0,1101,63.51,-69.0,408.0,846,88.181,-89.0,678.0,1024,52.65,-83.0,508.0
3792,1254,106.983,-41.0,958.0,1000,94.725,-66.0,900.0,1101,65.177,-75.0,387.0,846,81.677,-57.0,554.0,1024,54.987,-64.0,635.0
3793,1254,109.982,-55.0,941.0,1000,107.691,-44.0,794.0,1101,62.881,-58.0,396.0,846,77.615,-52.0,831.0,1024,55.86,-60.0,529.0
3794,1254,111.75,-55.0,941.0,1000,104.725,-74.0,938.0,1101,67.996,-71.0,411.0,846,78.876,-62.0,757.0,1024,54.947,-68.0,783.0
3795,1254,107.872,-76.0,972.0,1000,105.946,-77.0,707.0,1101,65.72,-66.0,377.0,846,82.66,-52.0,657.0,1024,54.335,-50.0,512.0
3796,1254,100.984,-40.0,867.0,1000,103.316,-59.0,786.0,1101,63.094,-63.0,403.0,846,77.253,-52.0,538.0,1024,52.818,-58.0,511.0
3797,1254,104.524,-42.0,1067.0,1000,102.255,-81.0,845.0,1101,64.327,-59.0,343.0,846,83.176,-65.0,704.0,1024,55.031,-57.0,517.0
3798,1254,106.278,-59.0,963.0,1000,106.239,-74.0,705.0,1101,66.613,-79.0,440.0,846,84.182,-121.0,709.0,1024,56.202,-83.0,476.0
3799,1254,110.95,-70.0,1062.0,1000,106.246,-87.0,750.0,1101,67.063,-74.0,658.0,846,81.188,-60.0,855.0,1024,56.353,-94.0,543.0
3800,1254,116.469,-63.0,874.0,1000,104.751,-61.0,845.0,1101,60.692,-83.0,338.0,846,82.622,-66.0,743.0,1024,55.64,-90.0,685.0
